541231	 25647	 -0.270508	 0.223145	 31.900763	
541249	 25648	 -0.289795	 -0.287354	 29.664122	
541267	 25649	 -0.400146	 0.333496	 27.511450	
541287	 25650	 -0.370117	 -0.056885	 24.229008	
541305	 25651	 -0.504883	 -0.055420	 24.389313	
541324	 25652	 0.022705	 0.177002	 32.908398	
541342	 25653	 -0.364258	 -0.150391	 31.297710	
541473	 25660	 0.277344	 0.219482	 45.450382	
541493	 25661	 -0.348389	 0.088135	 39.404579	
541511	 25662	 0.264893	 0.375244	 43.526718	
541530	 25663	 -0.325439	 0.132812	 39.435116	
541549	 25664	 -0.191650	 0.156738	 40.419846	
541568	 25665	 0.072754	 -0.039307	 50.015266	
541586	 25666	 -1.484863	 -0.490234	 43.496181	
541605	 25667	 1.125000	 1.144531	 68.496185	
542860	 25734	 -0.061279	 -0.392822	 15.099236	
542878	 25735	 -0.623291	 -0.252930	 7.030534	
542898	 25736	 0.385498	 0.022705	 8.992367	
542916	 25737	 0.523193	 -0.547363	 3.480916	
542935	 25738	 0.185303	 0.472168	 11.809160	
542953	 25739	 -0.118164	 0.005371	 11.839695	
542972	 25740	 -0.114746	 -0.116943	 4.259542	
542991	 25741	 0.202637	 -0.176270	 10.984733	
543009	 25742	 -0.101318	 0.225098	 1.068702	
543029	 25743	 -0.239258	 -0.404297	 4.809160	
543047	 25744	 -0.097412	 0.389160	 6.465649	
543066	 25745	 -0.232178	 -0.361084	 -2.786260	
543085	 25746	 -0.128662	 0.132324	 4.137404	
543104	 25747	 -0.101318	 -0.153564	 0.702290	
543122	 25748	 -0.194092	 0.181641	 1.389313	
543140	 25749	 -0.257324	 0.224609	 5.450382	
543160	 25750	 -0.033936	 -0.263672	 -2.305344	
543178	 25751	 -0.615234	 -0.154541	 -2.885496	
543197	 25752	 -0.171631	 0.243652	 0.404580	
543215	 25753	 -0.082764	 -0.050781	 -2.145038	
543235	 25754	 -0.179199	 -0.037109	 0.832061	
543253	 25755	 -0.163330	 0.003418	 -1.580153	
543271	 25756	 -0.142090	 -0.104980	 -4.946565	
543291	 25757	 -0.325439	 -0.001221	 -2.931298	
543309	 25758	 0.044434	 0.189941	 -3.320611	
543328	 25759	 -0.252686	 -0.201660	 -3.106870	
543347	 25760	 -0.219482	 0.110352	 -6.358778	
543366	 25761	 -0.351074	 -0.301514	 -0.748092	
543384	 25762	 -0.550049	 0.260254	 -4.137404	
543403	 25763	 0.106689	 -0.138184	 -4.633588	
543422	 25764	 0.107666	 -0.085938	 -4.870229	
543440	 25765	 0.090576	 0.013184	 -2.160305	
543459	 25766	 0.028809	 -0.196045	 -2.969466	
543478	 25767	 -0.152588	 -0.007080	 -0.839695	
543497	 25768	 -0.154785	 -0.045166	 -0.931298	
543515	 25769	 -0.105713	 0.103027	 0.862595	
543534	 25770	 -0.313965	 0.003418	 -1.015267	
543553	 25771	 -0.085449	 0.128662	 -2.305344	
543571	 25772	 -0.102051	 0.070312	 -3.381679	
543590	 25773	 -0.257812	 -0.057129	 0.534351	
543609	 25774	 -0.213135	 0.072510	 -0.160305	
543628	 25775	 -0.059082	 -0.022461	 0.061069	
543646	 25776	 -0.120117	 0.010986	 -2.381679	
543666	 25777	 -0.052734	 0.030762	 0.045802	
543684	 25778	 -0.109619	 -0.028564	 -0.267176	
543703	 25779	 -0.068848	 -0.008057	 -0.396947	
543721	 25780	 -0.222656	 0.007568	 -0.175573	
543740	 25781	 -0.167725	 -0.062256	 0.343511	
543759	 25782	 -0.017334	 0.064453	 -1.022901	
543777	 25783	 -0.116211	 0.001709	 0.603053	
543797	 25784	 -0.080322	 -0.014893	 -0.610687	
543815	 25785	 0.014404	 -0.021240	 0.816794	
543834	 25786	 0.021484	 0.029541	 0.007634	
543853	 25787	 0.023438	 -0.018799	 0.236641	
543872	 25788	 0.005859	 -0.007568	 -0.412214	
543890	 25789	 -0.011719	 -0.000977	 0.030534	
543908	 25790	 0.010254	 -0.006348	 -0.091603	
543928	 25791	 0.013428	 -0.000977	 0.099237	
543946	 25792	 0.005127	 0.007568	 -0.152672	
543965	 25793	 0.001953	 -0.012207	 -0.106870	
543984	 25794	 0.006348	 -0.004639	 -0.091603	
544003	 25795	 0.004395	 -0.005859	 -0.022901	
544021	 25796	 0.001953	 -0.006348	 -0.045802	
544039	 25797	 0.009277	 0.000488	 0.015267	
544059	 25798	 0.008301	 -0.005127	 -0.015267	
544077	 25799	 0.002197	 -0.008301	 0.099237	
544096	 25800	 0.002930	 -0.001465	 0.114504	
544114	 25801	 0.012451	 -0.001465	 0.007634	
544134	 25802	 0.005371	 -0.006836	 -0.137405	
544152	 25803	 0.003174	 -0.002441	 0.083969	
544171	 25804	 0.001465	 -0.001709	 0.007634	
544190	 25805	 0.005127	 -0.005859	 -0.114504	
544208	 25806	 0.006348	 -0.001221	 -0.053435	
544227	 25807	 0.000977	 -0.006836	 -0.122137	
544245	 25808	 0.002197	 -0.002930	 0.022901	
544265	 25809	 0.008057	 -0.007080	 0.068702	
544283	 25810	 0.006836	 -0.003418	 0.083969	
544302	 25811	 0.002686	 -0.002441	 0.045802	
544321	 25812	 0.007568	 -0.004639	 -0.053435	
544339	 25813	 0.001709	 -0.006592	 -0.030534	
544358	 25814	 0.001465	 -0.006592	 0.022901	
544377	 25815	 0.000488	 -0.009277	 -0.091603	
544396	 25816	 0.010498	 0.002441	 -0.091603	
544414	 25817	 0.005127	 0.001465	 0.129771	
544433	 25818	 -0.001221	 -0.012695	 -0.061069	
544452	 25819	 -0.000244	 -0.000488	 0.137405	
544471	 25820	 0.000488	 -0.004639	 -0.022901	
544489	 25821	 0.007080	 -0.007080	 -0.053435	
544508	 25822	 0.005615	 -0.002441	 -0.076336	
544527	 25823	 0.005859	 0.002441	 0.190840	
544545	 25824	 -0.001953	 -0.007324	 0.114504	
544565	 25825	 0.002930	 -0.003418	 0.030534	
544583	 25826	 0.005615	 -0.001709	 0.061069	
544602	 25827	 0.010742	 -0.002197	 -0.152672	
544620	 25828	 0.008301	 -0.000977	 0.030534	
544640	 25829	 0.007080	 0.000488	 0.167939	
544658	 25830	 0.001709	 -0.006592	 0.038168	
544676	 25831	 0.001221	 -0.002686	 -0.030534	
544696	 25832	 0.009277	 0.002197	 0.030534	
544714	 25833	 0.005127	 -0.001221	 -0.137405	
544733	 25834	 0.005371	 -0.004395	 0.114504	
544751	 25835	 0.004883	 -0.007080	 -0.152672	
544771	 25836	 0.011963	 -0.000977	 0.114504	
544789	 25837	 -0.002197	 -0.013428	 0.061069	
544807	 25838	 0.005615	 -0.004395	 -0.091603	
544826	 25839	 0.005371	 -0.007324	 0.061069	
544845	 25840	 0.002441	 -0.000977	 -0.068702	
544864	 25841	 0.001709	 -0.004639	 -0.122137	
544882	 25842	 0.008057	 -0.002441	 -0.145038	
544901	 25843	 0.001953	 -0.006104	 -0.091603	
544920	 25844	 0.007324	 -0.005615	 0.015267	
544939	 25845	 0.009521	 -0.001709	 0.030534	
544957	 25846	 0.003418	 -0.003906	 -0.007634	
544976	 25847	 0.004150	 -0.005371	 -0.099237	
544995	 25848	 0.005615	 -0.008789	 0.183206	
545013	 25849	 0.005371	 -0.008789	 -0.030534	
545033	 25850	 0.003418	 -0.000488	 -0.106870	
545051	 25851	 0.008789	 -0.009277	 0.068702	
545070	 25852	 0.001465	 -0.003662	 -0.091603	
545088	 25853	 0.002441	 0.000000	 -0.045802	
545107	 25854	 0.004639	 -0.002930	 0.007634	
545126	 25855	 0.006836	 -0.013184	 -0.091603	
545182	 25858	 -0.001221	 -0.009766	 -0.091603	
545201	 25859	 0.010498	 0.000244	 -0.068702	
545220	 25860	 0.009766	 -0.004883	 -0.083969	
545239	 25861	 0.002441	 -0.011230	 -0.152672	
545257	 25862	 0.006104	 -0.002686	 -0.114504	
545275	 25863	 0.002441	 -0.003174	 0.030534	
545295	 25864	 0.003906	 -0.007568	 0.152672	
545313	 25865	 0.002686	 -0.010498	 -0.045802	
545332	 25866	 0.003662	 0.003662	 0.053435	
545350	 25867	 0.005371	 -0.009766	 0.007634	
545370	 25868	 0.008301	 -0.004395	 -0.061069	
545388	 25869	 0.010986	 -0.005127	 -0.045802	
545406	 25870	 0.009521	 -0.008057	 -0.007634	
545426	 25871	 0.008789	 -0.008057	 -0.015267	
545444	 25872	 0.004150	 0.007080	 0.053435	
545463	 25873	 0.000732	 -0.013184	 0.030534	
545481	 25874	 0.006104	 -0.003418	 0.114504	
545501	 25875	 0.007812	 0.007812	 -0.038168	
545519	 25876	 0.007568	 -0.013916	 -0.053435	
545538	 25877	 0.007324	 -0.011230	 -0.152672	
545557	 25878	 0.001465	 0.015869	 0.038168	
545575	 25879	 -0.001221	 -0.007568	 0.106870	
545594	 25880	 0.005127	 -0.015381	 0.038168	
545612	 25881	 0.010010	 0.001709	 -0.145038	
545632	 25882	 0.004639	 -0.008545	 0.045802	
545650	 25883	 0.007812	 -0.007324	 -0.061069	
545669	 25884	 -0.000488	 -0.005859	 -0.236641	
545687	 25885	 0.002441	 0.003662	 0.076336	
545707	 25886	 0.008057	 -0.011719	 0.000000	
545725	 25887	 0.008301	 -0.008057	 0.083969	
545743	 25888	 0.002441	 -0.004639	 0.053435	
545762	 25889	 -0.002686	 -0.000732	 0.015267	
545781	 25890	 0.007080	 -0.008545	 0.022901	
545800	 25891	 0.013916	 -0.010498	 -0.045802	
545818	 25892	 0.004639	 -0.001953	 -0.137405	
545838	 25893	 0.006104	 -0.008057	 0.106870	
545856	 25894	 0.006104	 -0.006836	 0.106870	
545874	 25895	 0.002930	 -0.005127	 0.000000	
545893	 25896	 0.008057	 0.002197	 -0.129771	
545912	 25897	 0.013184	 -0.013184	 0.061069	
545931	 25898	 0.010498	 0.000488	 -0.053435	
545949	 25899	 0.003174	 -0.000244	 -0.045802	
545969	 25900	 0.009277	 -0.009033	 -0.106870	
545987	 25901	 0.003418	 -0.000977	 -0.007634	
546006	 25902	 0.005127	 0.001221	 -0.007634	
546024	 25903	 0.001221	 -0.007324	 0.030534	
546043	 25904	 0.004150	 -0.000488	 -0.198473	
546062	 25905	 0.007812	 -0.002197	 0.022901	
546080	 25906	 0.005127	 -0.000977	 0.099237	
546100	 25907	 0.004150	 -0.007080	 -0.068702	
546118	 25908	 0.009521	 -0.011719	 -0.083969	
546137	 25909	 0.004883	 -0.003418	 0.007634	
546155	 25910	 0.008545	 -0.004395	 -0.053435	
546174	 25911	 0.006348	 -0.002441	 0.030534	
546193	 25912	 0.006348	 -0.006348	 0.007634	
546211	 25913	 0.004150	 -0.004883	 0.091603	
546231	 25914	 0.005127	 -0.011719	 0.076336	
546249	 25915	 0.010254	 -0.003174	 0.053435	
546268	 25916	 0.001709	 0.003174	 -0.083969	
546286	 25917	 0.007568	 -0.007324	 0.038168	
546306	 25918	 0.011719	 -0.007568	 -0.083969	
546324	 25919	 0.001221	 0.000000	 -0.022901	
546342	 25920	 0.004639	 -0.001953	 0.076336	
546362	 25921	 0.007812	 0.000977	 -0.022901	
546380	 25922	 0.002686	 -0.005615	 0.076336	
546399	 25923	 0.004395	 -0.005859	 0.076336	
546417	 25924	 0.009277	 -0.008301	 -0.045802	
546437	 25925	 0.009277	 -0.006348	 0.083969	
546455	 25926	 0.003906	 -0.010254	 0.007634	
546473	 25927	 0.005371	 0.002686	 0.007634	
546492	 25928	 0.000000	 -0.007324	 0.038168	
546511	 25929	 0.008545	 -0.001953	 0.083969	
546530	 25930	 0.002930	 -0.003662	 -0.045802	
546548	 25931	 0.006348	 -0.000732	 0.091603	
546568	 25932	 0.001221	 -0.007812	 -0.129771	
546586	 25933	 0.007812	 0.002930	 -0.122137	
546605	 25934	 0.000977	 -0.008301	 0.053435	
546624	 25935	 0.005127	 -0.001709	 0.022901	
546642	 25936	 0.002930	 0.000488	 0.045802	
546661	 25937	 0.006592	 -0.004150	 0.000000	
546679	 25938	 0.002441	 0.006104	 -0.114504	
546699	 25939	 0.005127	 0.005371	 0.076336	
546717	 25940	 0.008057	 -0.012207	 0.061069	
546736	 25941	 0.004150	 -0.002197	 -0.068702	
546755	 25942	 0.007080	 0.004150	 0.114504	
546774	 25943	 0.003418	 -0.009277	 0.175573	
546792	 25944	 0.003174	 -0.006104	 -0.007634	
546810	 25945	 -0.001709	 0.007812	 0.099237	
546830	 25946	 -0.000732	 -0.005371	 -0.114504	
546848	 25947	 0.010498	 -0.013428	 0.045802	
546867	 25948	 0.007324	 0.000244	 0.000000	
546886	 25949	 0.001953	 0.000000	 0.183206	
546905	 25950	 0.004395	 -0.013184	 -0.022901	
546923	 25951	 0.010254	 -0.000732	 0.160305	
546941	 25952	 -0.000244	 0.002686	 -0.106870	
546961	 25953	 0.007324	 -0.011719	 0.000000	
546979	 25954	 0.007324	 -0.000977	 0.022901	
546999	 25955	 0.000488	 0.001709	 -0.190840	
547017	 25956	 0.006592	 -0.008057	 0.022901	
547036	 25957	 0.006592	 -0.005371	 -0.167939	
547055	 25958	 0.003662	 0.000977	 0.000000	
547074	 25959	 0.001221	 -0.012939	 -0.068702	
547092	 25960	 0.004150	 -0.006104	 -0.221374	
547110	 25961	 0.002441	 -0.000977	 0.183206	
547130	 25962	 0.004639	 -0.007568	 0.137405	
547148	 25963	 0.003906	 -0.009033	 -0.038168	
547167	 25964	 0.009033	 0.002197	 0.030534	
547186	 25965	 0.004150	 -0.005371	 -0.206107	
547205	 25966	 0.011230	 -0.003906	 -0.099237	
547223	 25967	 0.011475	 0.000977	 -0.076336	
547241	 25968	 0.007080	 -0.003906	 -0.053435	
547261	 25969	 0.007568	 -0.006836	 0.106870	
547279	 25970	 0.000977	 -0.006592	 -0.137405	
547298	 25971	 0.005127	 -0.003174	 -0.053435	
547317	 25972	 0.003662	 -0.010010	 0.083969	
547336	 25973	 0.011230	 -0.002441	 -0.083969	
547354	 25974	 0.000732	 0.005615	 -0.160305	
547374	 25975	 0.006836	 -0.003174	 0.083969	
547392	 25976	 0.007080	 -0.014648	 -0.076336	
547410	 25977	 0.000977	 0.007568	 0.022901	
547429	 25978	 0.001953	 -0.010986	 0.030534	
547448	 25979	 0.007812	 -0.003662	 -0.007634	
547467	 25980	 0.006836	 -0.007324	 -0.114504	
547485	 25981	 -0.000488	 -0.002686	 -0.053435	
547505	 25982	 0.010498	 -0.011963	 -0.015267	
547523	 25983	 0.009277	 0.003174	 -0.061069	
547542	 25984	 0.002930	 -0.003418	 -0.038168	
547560	 25985	 0.005127	 -0.007568	 0.007634	
547579	 25986	 -0.000732	 -0.004883	 -0.091603	
547598	 25987	 0.001465	 -0.001953	 -0.114504	
547616	 25988	 0.005859	 -0.010254	 0.045802	
547636	 25989	 -0.002686	 -0.004150	 -0.061069	
547654	 25990	 0.006836	 -0.003174	 0.000000	
547673	 25991	 -0.000488	 -0.001953	 0.045802	
547691	 25992	 0.006104	 -0.004395	 -0.015267	
547710	 25993	 0.003174	 0.000732	 -0.129771	
547729	 25994	 0.003418	 -0.005859	 -0.076336	
547747	 25995	 0.003418	 -0.000488	 -0.145038	
547766	 25996	 0.002197	 -0.005859	 0.061069	
547785	 25997	 0.009277	 0.001709	 -0.022901	
547804	 25998	 0.012451	 -0.005127	 0.114504	
547822	 25999	 0.004395	 0.001221	 0.000000	
547842	 26000	 0.010742	 -0.009521	 -0.145038	
547860	 26001	 0.011230	 -0.000244	 -0.038168	
547878	 26002	 0.006104	 -0.006592	 -0.022901	
547897	 26003	 0.004150	 -0.000488	 0.007634	
547916	 26004	 0.000488	 -0.003662	 -0.038168	
547935	 26005	 0.008545	 -0.003174	 -0.122137	
547953	 26006	 0.007568	 -0.006348	 -0.091603	
547973	 26007	 0.000977	 -0.006104	 0.099237	
547991	 26008	 0.009033	 -0.006104	 0.022901	
548009	 26009	 0.002930	 -0.007080	 0.022901	
548029	 26010	 0.008057	 -0.009521	 -0.091603	
548047	 26011	 0.006592	 -0.007324	 -0.114504	
548066	 26012	 0.008057	 -0.003662	 0.022901	
548084	 26013	 0.009277	 0.002441	 -0.015267	
548104	 26014	 0.011230	 -0.001709	 -0.129771	
548122	 26015	 0.003906	 -0.002441	 0.076336	
548141	 26016	 0.005127	 -0.005127	 -0.076336	
548159	 26017	 0.007812	 -0.008301	 -0.015267	
548178	 26018	 0.003906	 0.000977	 0.076336	
548197	 26019	 0.005127	 -0.009766	 0.038168	
548215	 26020	 0.003662	 -0.003418	 -0.114504	
548235	 26021	 0.006836	 -0.006348	 -0.114504	
548253	 26022	 0.000244	 -0.001709	 -0.068702	
548272	 26023	 0.009521	 -0.003418	 -0.145038	
548291	 26024	 0.005371	 -0.004883	 0.076336	
548310	 26025	 0.007080	 -0.000977	 -0.022901	
548328	 26026	 0.003174	 0.003662	 0.022901	
548346	 26027	 0.003662	 -0.000977	 0.045802	
548366	 26028	 0.004639	 -0.008301	 -0.038168	
548384	 26029	 0.002441	 -0.007324	 0.000000	
548403	 26030	 0.001709	 -0.002686	 -0.106870	
548421	 26031	 0.003418	 -0.001221	 0.091603	
548441	 26032	 0.004639	 -0.001709	 0.007634	
548459	 26033	 0.010010	 -0.004883	 0.015267	
548477	 26034	 0.005859	 -0.004395	 -0.030534	
548497	 26035	 0.010742	 -0.002686	 -0.045802	
548515	 26036	 0.002441	 -0.005127	 0.000000	
548534	 26037	 0.003906	 -0.001221	 0.045802	
548553	 26038	 0.001465	 -0.000732	 -0.083969	
548572	 26039	 0.006592	 -0.010742	 -0.183206	
548590	 26040	 0.004150	 -0.008789	 0.007634	
548609	 26041	 0.004150	 0.000732	 -0.038168	
548628	 26042	 0.004395	 -0.009766	 0.167939	
548646	 26043	 0.010010	 -0.007080	 -0.076336	
548665	 26044	 0.001465	 0.004883	 0.190840	
548683	 26045	 0.007812	 -0.013428	 0.152672	
548703	 26046	 0.015381	 -0.007080	 -0.137405	
548721	 26047	 -0.002686	 0.012451	 -0.145038	
548740	 26048	 -0.000732	 -0.009521	 0.022901	
548759	 26049	 0.001709	 -0.005127	 0.129771	
548777	 26050	 0.008301	 0.001465	 0.091603	
548796	 26051	 0.008545	 -0.006592	 -0.022901	
548815	 26052	 0.002930	 -0.008545	 -0.015267	
548834	 26053	 0.005615	 0.004639	 -0.022901	
548852	 26054	 -0.001465	 -0.011963	 -0.007634	
548871	 26055	 0.005615	 -0.004883	 -0.045802	
548890	 26056	 0.009521	 -0.002197	 -0.038168	
548909	 26057	 0.004639	 0.000732	 -0.015267	
548927	 26058	 0.007324	 -0.008789	 -0.099237	
548945	 26059	 0.008057	 0.004883	 0.045802	
548965	 26060	 0.003906	 -0.000488	 -0.015267	
548983	 26061	 0.004395	 -0.003174	 -0.129771	
549002	 26062	 0.005615	 -0.001953	 0.038168	
549021	 26063	 0.009766	 -0.005127	 -0.015267	
549040	 26064	 0.008057	 -0.007812	 0.015267	
549058	 26065	 0.011719	 -0.000488	 0.083969	
549189	 26072	 0.010498	 -0.000488	 -0.183206	
549208	 26073	 0.002686	 -0.003174	 -0.061069	
549227	 26074	 -0.001465	 -0.004395	 -0.106870	
549245	 26075	 0.005371	 -0.003174	 -0.038168	
549264	 26076	 0.005127	 -0.005127	 -0.137405	
549283	 26077	 0.005859	 -0.008057	 -0.152672	
549302	 26078	 0.004395	 -0.009521	 0.099237	
549320	 26079	 0.008057	 -0.003174	 -0.129771	
549339	 26080	 0.004883	 0.002197	 0.068702	
549358	 26081	 0.003174	 -0.001709	 0.122137	
549377	 26082	 0.007568	 -0.009277	 -0.083969	
549395	 26083	 0.009033	 0.003174	 -0.099237	
549414	 26084	 0.005127	 -0.009277	 0.000000	
549433	 26085	 0.008301	 -0.013916	 0.045802	
549451	 26086	 0.006592	 0.001221	 -0.038168	
549470	 26087	 0.009766	 -0.006836	 0.045802	
549489	 26088	 0.004639	 -0.006104	 0.106870	
549508	 26089	 0.001465	 -0.003174	 0.007634	
549526	 26090	 0.011230	 -0.005615	 0.213740	
549544	 26091	 0.006836	 -0.007080	 -0.022901	
549564	 26092	 0.009766	 -0.002686	 -0.038168	
549582	 26093	 0.007080	 -0.001709	 -0.114504	
549601	 26094	 0.010742	 -0.007812	 0.053435	
549620	 26095	 0.001465	 -0.002441	 -0.045802	
549639	 26096	 0.002930	 -0.003662	 -0.099237	
549657	 26097	 0.010498	 -0.006836	 -0.274809	
549677	 26098	 0.008057	 -0.010254	 0.030534	
549695	 26099	 0.000977	 -0.003662	 0.137405	
549713	 26100	 0.002686	 -0.005615	 0.030534	
549732	 26101	 0.000000	 0.001953	 0.114504	
549751	 26102	 0.001709	 -0.010010	 0.083969	
549770	 26103	 0.005127	 -0.006592	 -0.045802	
549788	 26104	 0.010498	 -0.004639	 -0.030534	
549807	 26105	 0.001953	 -0.002930	 -0.030534	
549826	 26106	 0.005371	 -0.006104	 0.000000	
549844	 26107	 0.005615	 -0.002441	 0.007634	
549863	 26108	 0.000000	 -0.003662	 0.022901	
549882	 26109	 0.003906	 -0.009033	 -0.083969	
549901	 26110	 0.008789	 -0.000488	 -0.106870	
549919	 26111	 0.006104	 -0.010010	 0.091603	
549938	 26112	 0.001709	 -0.004395	 -0.061069	
549957	 26113	 0.004395	 -0.006104	 -0.068702	
549976	 26114	 0.009033	 -0.003418	 0.038168	
549994	 26115	 0.005859	 -0.000244	 0.015267	
550012	 26116	 0.001953	 -0.001221	 -0.106870	
550032	 26117	 -0.003906	 -0.003906	 0.015267	
550050	 26118	 0.005615	 -0.008789	 0.083969	
550069	 26119	 0.005127	 -0.005371	 0.068702	
550088	 26120	 0.006836	 0.001953	 0.030534	
550107	 26121	 0.004639	 -0.002197	 -0.045802	
550125	 26122	 0.009521	 -0.003174	 -0.083969	
550145	 26123	 0.004150	 -0.006348	 0.045802	
550163	 26124	 0.000244	 -0.003906	 0.030534	
550181	 26125	 0.009521	 -0.005615	 -0.167939	
550201	 26126	 0.002441	 -0.000732	 -0.152672	
550219	 26127	 0.003906	 -0.001709	 -0.015267	
550238	 26128	 0.008789	 -0.003906	 0.045802	
550257	 26129	 0.003174	 -0.002197	 0.038168	
550276	 26130	 0.008301	 -0.005371	 0.007634	
550294	 26131	 0.010498	 -0.006592	 0.007634	
550312	 26132	 0.005371	 0.006104	 -0.045802	
550332	 26133	 0.004395	 -0.000244	 -0.030534	
550350	 26134	 0.008301	 -0.007812	 -0.152672	
550369	 26135	 0.002441	 0.000244	 -0.045802	
550388	 26136	 0.005859	 -0.000244	 -0.145038	
550407	 26137	 0.007568	 -0.012207	 -0.053435	
550425	 26138	 0.001709	 -0.002441	 -0.030534	
550445	 26139	 0.003418	 0.000000	 -0.122137	
550463	 26140	 0.006104	 -0.012939	 -0.068702	
550481	 26141	 0.007080	 0.000488	 -0.038168	
550500	 26142	 0.006592	 -0.000244	 0.183206	
550519	 26143	 0.006104	 -0.013184	 -0.083969	
550538	 26144	 0.011230	 -0.008789	 -0.053435	
550556	 26145	 0.004639	 0.000244	 0.167939	
550576	 26146	 0.006348	 -0.006348	 0.129771	
550594	 26147	 0.000000	 -0.009033	 -0.068702	
550612	 26148	 0.003174	 -0.002197	 -0.076336	
550632	 26149	 0.009766	 -0.006104	 0.167939	
550650	 26150	 0.006592	 -0.001221	 -0.175573	
550669	 26151	 0.010498	 0.006104	 0.053435	
550687	 26152	 0.006836	 -0.006592	 -0.145038	
550707	 26153	 0.006836	 -0.004639	 -0.099237	
550725	 26154	 0.003906	 -0.003662	 -0.106870	
550744	 26155	 0.006592	 -0.002930	 0.000000	
550762	 26156	 0.001465	 -0.006592	 0.106870	
550781	 26157	 -0.001465	 -0.005859	 0.083969	
550800	 26158	 0.003906	 -0.003418	 0.000000	
550818	 26159	 0.003662	 -0.004639	 -0.175573	
550837	 26160	 0.003906	 -0.005371	 0.022901	
550856	 26161	 0.004639	 -0.002197	 -0.213740	
550875	 26162	 0.008057	 -0.003418	 -0.015267	
550893	 26163	 0.008057	 -0.000488	 -0.030534	
550913	 26164	 0.004639	 -0.005859	 0.015267	
550931	 26165	 0.009766	 -0.002197	 0.091603	
550949	 26166	 0.006592	 0.001465	 -0.083969	
550969	 26167	 0.007568	 -0.001953	 -0.053435	
550987	 26168	 0.005859	 -0.000977	 0.160305	
551006	 26169	 0.004395	 -0.000732	 0.030534	
551024	 26170	 0.009277	 -0.003174	 -0.076336	
551044	 26171	 0.014404	 -0.011963	 -0.015267	
551062	 26172	 0.010254	 -0.002197	 -0.030534	
551080	 26173	 0.007080	 -0.004395	 -0.137405	
551100	 26174	 0.008301	 -0.010498	 0.007634	
551118	 26175	 0.006592	 -0.007324	 0.114504	
551137	 26176	 0.004639	 -0.002930	 -0.160305	
551156	 26177	 0.008057	 -0.003418	 0.022901	
551175	 26178	 0.007324	 -0.001221	 0.015267	
551193	 26179	 0.004395	 -0.006104	 0.007634	
551212	 26180	 0.003418	 -0.002197	 0.068702	
551249	 26182	 0.004395	 -0.004639	 0.007634	
551268	 26183	 0.009766	 -0.004150	 0.145038	
551286	 26184	 0.006592	 0.000000	 -0.053435	
551306	 26185	 0.009766	 -0.004150	 -0.091603	
551324	 26186	 0.010498	 -0.006348	 0.038168	
551343	 26187	 -0.000244	 -0.001953	 -0.114504	
551362	 26188	 0.003418	 -0.006592	 0.030534	
551380	 26189	 0.008057	 -0.006348	 -0.030534	
551399	 26190	 -0.000977	 -0.002930	 -0.114504	
551418	 26191	 0.000732	 -0.005371	 -0.007634	
551437	 26192	 0.008057	 -0.010742	 -0.114504	
551455	 26193	 0.009277	 0.002197	 -0.061069	
551474	 26194	 0.003174	 -0.008545	 -0.106870	
551493	 26195	 0.004639	 -0.008057	 -0.053435	
551512	 26196	 0.010742	 0.002197	 -0.206107	
551530	 26197	 0.008057	 -0.006104	 -0.015267	
551549	 26198	 0.004395	 -0.006592	 -0.152672	
551568	 26199	 0.006348	 0.001709	 -0.091603	
551586	 26200	 0.011719	 -0.008057	 -0.007634	
551606	 26201	 0.005615	 -0.007568	 -0.068702	
551624	 26202	 0.011230	 -0.005859	 -0.076336	
551643	 26203	 0.010254	 0.001709	 0.007634	
551661	 26204	 0.007568	 -0.006348	 -0.007634	
551681	 26205	 0.009033	 -0.006104	 -0.076336	
551699	 26206	 0.007080	 -0.010010	 0.167939	
551717	 26207	 0.003906	 -0.005371	 0.099237	
551736	 26208	 0.010498	 -0.005127	 -0.038168	
551754	 26209	 0.005615	 -0.006836	 0.007634	
551774	 26210	 0.004150	 -0.004395	 -0.076336	
551792	 26211	 0.003174	 -0.003174	 -0.030534	
551811	 26212	 0.005859	 -0.003662	 0.099237	
551830	 26213	 0.007812	 -0.004150	 -0.167939	
551848	 26214	 0.007568	 -0.008545	 0.022901	
551867	 26215	 0.004883	 -0.000732	 -0.007634	
551886	 26216	 0.008301	 -0.000488	 0.091603	
551905	 26217	 0.004883	 -0.002197	 -0.083969	
551923	 26218	 0.005859	 -0.003174	 -0.068702	
551942	 26219	 0.010498	 -0.004150	 0.038168	
551961	 26220	 0.005615	 -0.001953	 -0.045802	
551980	 26221	 0.008545	 -0.002441	 0.068702	
551998	 26222	 0.001465	 -0.006592	 0.030534	
552017	 26223	 0.008301	 -0.004395	 0.122137	
552036	 26224	 -0.000244	 -0.002930	 0.122137	
552054	 26225	 -0.002686	 -0.004639	 -0.061069	
552074	 26226	 0.012207	 -0.010742	 0.152672	
552092	 26227	 0.006592	 -0.004639	 -0.083969	
552111	 26228	 0.006104	 -0.001465	 -0.038168	
552129	 26229	 0.006348	 -0.000732	 0.106870	
552148	 26230	 0.004639	 -0.007080	 0.061069	
552167	 26231	 0.010254	 -0.005127	 0.076336	
552185	 26232	 0.006348	 -0.003418	 -0.106870	
552204	 26233	 0.007568	 -0.006836	 0.083969	
552223	 26234	 0.006592	 -0.005859	 -0.106870	
552242	 26235	 0.005127	 -0.003418	 -0.061069	
552260	 26236	 0.008545	 -0.006836	 0.083969	
552280	 26237	 0.005859	 -0.009033	 0.122137	
552298	 26238	 0.002197	 0.002441	 0.152672	
552316	 26239	 0.004639	 -0.006348	 0.137405	
552335	 26240	 0.009521	 -0.009521	 -0.091603	
552354	 26241	 0.008057	 0.001953	 -0.061069	
552373	 26242	 0.004150	 -0.001709	 -0.053435	
552391	 26243	 0.007812	 -0.007324	 -0.114504	
552411	 26244	 0.010498	 -0.003906	 -0.244275	
552429	 26245	 0.005127	 -0.003174	 -0.152672	
552448	 26246	 0.005371	 -0.007568	 0.061069	
552466	 26247	 -0.000732	 -0.008545	 0.007634	
552485	 26248	 0.004150	 0.000732	 -0.053435	
552504	 26249	 0.002686	 0.001953	 0.198473	
552522	 26250	 0.003174	 -0.004395	 0.030534	
552542	 26251	 0.008545	 0.002197	 0.038168	
552560	 26252	 0.002441	 -0.004395	 -0.083969	
552579	 26253	 0.009766	 -0.008545	 0.015267	
552598	 26254	 0.005615	 -0.005615	 -0.068702	
552616	 26255	 0.001953	 -0.002930	 -0.015267	
552635	 26256	 0.001221	 -0.010010	 -0.183206	
552653	 26257	 0.014404	 0.001953	 0.099237	
552673	 26258	 0.007568	 0.000977	 0.022901	
552691	 26259	 0.005859	 -0.006104	 -0.099237	
552710	 26260	 0.004883	 -0.004883	 0.091603	
552728	 26261	 0.004639	 -0.007324	 -0.106870	
552748	 26262	 0.010254	 -0.004639	 0.068702	
552766	 26263	 0.005615	 -0.004639	 -0.068702	
552784	 26264	 0.003418	 0.000488	 -0.053435	
552804	 26265	 0.001221	 -0.002441	 -0.106870	
552822	 26266	 0.003174	 -0.002686	 0.000000	
552841	 26267	 0.002930	 -0.003418	 0.022901	
552859	 26268	 0.000244	 0.000000	 -0.045802	
552879	 26269	 0.002441	 -0.003906	 0.000000	
552897	 26270	 -0.001221	 0.001465	 -0.068702	
552915	 26271	 0.009766	 -0.007080	 0.022901	
552934	 26272	 0.007324	 -0.004150	 -0.068702	
552953	 26273	 0.006592	 -0.002197	 -0.091603	
552972	 26274	 0.004639	 -0.010254	 -0.145038	
552990	 26275	 0.004883	 0.000244	 -0.106870	
554545	 26358	 0.004883	 0.004395	 -0.083969	
554563	 26359	 0.009766	 -0.000977	 0.038168	
554583	 26360	 0.006592	 -0.000732	 -0.145038	
554601	 26361	 0.010986	 -0.005859	 0.374046	
554619	 26362	 -0.002686	 0.000977	 -0.458015	
554639	 26363	 0.006348	 -0.006836	 0.221374	
554657	 26364	 0.006592	 -0.008545	 0.015267	
554676	 26365	 -0.000732	 -0.000977	 0.114504	
554695	 26366	 0.002441	 -0.005859	 0.015267	
554714	 26367	 0.002441	 -0.003906	 -0.106870	
554732	 26368	 0.001221	 -0.004395	 -0.091603	
554750	 26369	 0.003174	 -0.000732	 0.000000	
554770	 26370	 0.007568	 -0.005127	 -0.045802	
554788	 26371	 0.011719	 -0.014648	 0.122137	
554807	 26372	 0.010010	 0.002197	 -0.007634	
554826	 26373	 0.000732	 -0.011230	 -0.106870	
554845	 26374	 0.005127	 -0.001709	 -0.167939	
554863	 26375	 0.010498	 -0.003418	 0.022901	
554883	 26376	 0.003418	 0.000000	 -0.038168	
554901	 26377	 0.014893	 -0.006348	 -0.122137	
554919	 26378	 0.007080	 0.000244	 -0.129771	
554939	 26379	 0.004883	 0.000977	 0.137405	
554957	 26380	 0.003418	 -0.008545	 -0.122137	
554976	 26381	 0.003418	 -0.005371	 0.076336	
554995	 26382	 0.010742	 0.004883	 -0.007634	
555014	 26383	 -0.003418	 0.001465	 0.137405	
555032	 26384	 0.006104	 0.002197	 1.022901	
555051	 26385	 -0.005127	 -0.010254	 1.030534	
555070	 26386	 -0.008789	 -0.029785	 1.526718	
555088	 26387	 0.005127	 0.017334	 -0.442748	
555107	 26388	 0.015625	 -0.000977	 -0.167939	
555125	 26389	 0.009521	 -0.029785	 -0.389313	
555145	 26390	 0.002686	 -0.000732	 0.244275	
555163	 26391	 0.003418	 0.005371	 -0.022901	
555182	 26392	 0.001221	 -0.007568	 -0.022901	
555201	 26393	 -0.000488	 -0.021973	 0.190840	
555219	 26394	 0.003906	 -0.002197	 0.145038	
555238	 26395	 0.006348	 0.010986	 0.244275	
555256	 26396	 0.009521	 -0.019287	 1.022901	
555276	 26397	 0.040771	 -0.018555	 4.198473	
555294	 26398	 0.024414	 -0.031494	 6.916030	
555313	 26399	 0.021973	 0.032959	 10.045801	
555425	 26405	 0.023926	 0.085938	 22.793894	
555444	 26406	 0.010010	 -0.034180	 25.229008	
555463	 26407	 0.016113	 -0.080322	 26.297710	
555482	 26408	 0.003418	 0.017822	 34.801525	
555500	 26409	 0.022461	 -0.037598	 42.511452	
555520	 26410	 0.003418	 -0.040039	 46.717556	
555538	 26411	 0.017822	 0.031006	 50.167938	
555556	 26412	 0.040283	 0.016602	 53.595421	
555575	 26413	 -0.014648	 -0.067139	 56.595421	
555594	 26414	 -0.009766	 0.069824	 59.122139	
555613	 26415	 0.033203	 -0.072754	 61.832062	
555631	 26416	 0.047607	 0.001221	 65.625954	
555651	 26417	 0.053955	 -0.013428	 70.763359	
555669	 26418	 -0.017090	 -0.039307	 73.969467	
555687	 26419	 0.046631	 0.068115	 79.328247	
555707	 26420	 -0.028320	 0.058838	 75.541985	
555725	 26421	 0.018311	 0.002441	 85.549622	
555744	 26422	 -0.061035	 -0.068604	 84.809158	
555762	 26423	 -0.076660	 0.063232	 92.251907	
555782	 26424	 0.023926	 -0.031250	 96.091606	
555800	 26425	 0.031738	 -0.072510	 101.465652	
555819	 26426	 0.064941	 0.108887	 103.145035	
555838	 26427	 0.000977	 -0.228516	 109.587784	
555856	 26428	 -0.019043	 0.085449	 108.603050	
555875	 26429	 -0.061035	 0.041016	 109.687019	
556137	 26443	 -0.068604	 0.013428	 119.236641	
556156	 26444	 0.059814	 -0.003906	 120.442749	
556175	 26445	 0.029053	 -0.027344	 116.496185	
556193	 26446	 -0.065918	 -0.067627	 117.969467	
556213	 26447	 0.017578	 0.061523	 116.045799	
556231	 26448	 -0.066162	 -0.085693	 112.167938	
556250	 26449	 -0.047119	 0.066650	 113.526718	
556268	 26450	 -0.071777	 -0.027100	 111.198471	
556288	 26451	 0.025146	 -0.010254	 113.167938	
556306	 26452	 -0.016357	 0.015625	 113.977097	
556324	 26453	 0.023438	 -0.039062	 117.229004	
556343	 26454	 0.097412	 -0.029541	 120.061066	
556362	 26455	 0.102051	 0.076172	 121.381676	
556381	 26456	 -0.018555	 -0.177002	 119.312981	
556399	 26457	 0.119141	 0.160156	 122.709923	
556419	 26458	 0.044678	 -0.095947	 119.763359	
556437	 26459	 0.040771	 -0.002686	 121.267174	
556455	 26460	 0.062744	 0.152832	 116.526718	
556475	 26461	 0.085449	 -0.037354	 118.877861	
556493	 26462	 -0.023438	 0.025391	 118.427483	
556512	 26463	 0.102051	 -0.023682	 120.847328	
556530	 26464	 0.055176	 -0.017334	 123.832062	
556550	 26465	 0.006104	 -0.035645	 126.511452	
556568	 26466	 0.035400	 -0.058594	 135.671753	
556587	 26467	 -0.003174	 -0.016113	 142.541992	
556606	 26468	 0.066406	 -0.131836	 145.564880	
556624	 26469	 -0.054199	 0.147461	 146.450378	
556643	 26470	 0.051025	 -0.120850	 144.732819	
556662	 26471	 -0.121094	 0.085693	 141.656494	
556681	 26472	 0.138672	 0.287109	 130.045807	
556699	 26473	 0.089355	 0.029053	 127.748093	
556718	 26474	 -0.088135	 0.071045	 117.068703	
556737	 26475	 0.103271	 0.005859	 110.061066	
556755	 26476	 0.084717	 0.126709	 105.427483	
556774	 26477	 0.013184	 -0.086914	 101.740456	
556793	 26478	 0.002930	 0.038086	 100.656487	
556812	 26479	 -0.023193	 0.005371	 97.206108	
556830	 26480	 0.026367	 0.010986	 96.000000	
556850	 26481	 0.027832	 -0.080811	 94.221375	
556868	 26482	 -0.030273	 0.020264	 88.374046	
556887	 26483	 -0.012695	 0.089600	 84.717560	
556905	 26484	 0.045410	 -0.016113	 77.503815	
556924	 26485	 0.050781	 -0.033691	 71.770996	
556943	 26486	 0.116455	 0.199463	 65.541985	
556961	 26487	 -0.074219	 -0.084473	 65.007637	
556981	 26488	 0.041504	 0.125488	 71.671753	
556999	 26489	 0.002441	 -0.134766	 70.221375	
557018	 26490	 0.046387	 0.000000	 68.793892	
557036	 26491	 0.085449	 0.028076	 74.526718	
557056	 26492	 -0.127197	 0.059082	 83.274811	
557074	 26493	 0.053711	 -0.152100	 68.526718	
557092	 26494	 -0.055176	 0.350098	 64.458015	
557112	 26495	 -0.092041	 -0.097168	 68.251907	
557130	 26496	 -0.099365	 -0.013184	 60.625954	
557149	 26497	 -0.149902	 0.017334	 41.923664	
557168	 26498	 -0.114014	 0.154053	 25.656488	
557187	 26499	 -0.086182	 0.131104	 10.656488	
557205	 26500	 -0.013672	 0.048584	 -5.488550	
557223	 26501	 0.038818	 0.019287	 -7.503817	
557243	 26502	 0.041748	 -0.063721	 -1.435115	
557261	 26503	 -0.010254	 -0.172119	 2.145038	
557280	 26504	 0.037109	 0.122314	 0.977099	
557299	 26505	 0.026367	 0.007568	 1.725191	
557318	 26506	 -0.045898	 -0.020264	 -2.893130	
557336	 26507	 0.009521	 -0.000977	 -0.244275	
558516	 26570	 0.001221	 0.000488	 0.015267	
558534	 26571	 -0.005127	 -0.016846	 -0.183206	
558554	 26572	 0.001953	 0.000244	 0.175573	
558572	 26573	 0.001709	 -0.014893	 -0.106870	
558590	 26574	 -0.002197	 0.001953	 -0.129771	
558609	 26575	 -0.006592	 -0.008789	 0.083969	
558628	 26576	 0.011230	 -0.003174	 -0.061069	
558647	 26577	 -0.002686	 -0.003906	 0.045802	
558665	 26578	 -0.006836	 0.002197	 0.000000	
558684	 26579	 0.004883	 -0.004395	 0.015267	
558703	 26580	 -0.001953	 0.000000	 -0.030534	
558722	 26581	 0.001709	 -0.005127	 0.045802	
558740	 26582	 0.004150	 -0.004883	 -0.152672	
558759	 26583	 0.001709	 -0.009277	 -0.030534	
558778	 26584	 0.002686	 -0.006348	 -0.015267	
558796	 26585	 0.000977	 0.000488	 0.083969	
558816	 26586	 -0.001465	 -0.009766	 0.061069	
558834	 26587	 -0.001709	 -0.005127	 -0.045802	
558853	 26588	 -0.006592	 -0.006104	 -0.030534	
558871	 26589	 0.008789	 -0.005371	 -0.106870	
558891	 26590	 -0.003662	 -0.011719	 -0.038168	
558909	 26591	 -0.001953	 -0.002197	 -0.053435	
558927	 26592	 0.006592	 -0.002197	 -0.083969	
558947	 26593	 0.008301	 0.002686	 -0.114504	
558965	 26594	 0.001465	 -0.000977	 -0.137405	
558984	 26595	 0.006104	 -0.010986	 -0.022901	
559003	 26596	 0.006592	 -0.002197	 0.099237	
559022	 26597	 0.001709	 -0.009277	 -0.068702	
559040	 26598	 0.004150	 -0.010010	 -0.015267	
559058	 26599	 -0.000732	 -0.003662	 0.030534	
559078	 26600	 0.001709	 -0.000244	 -0.091603	
559096	 26601	 0.002197	 -0.008301	 -0.030534	
559115	 26602	 0.000244	 -0.008057	 -0.038168	
559134	 26603	 0.007324	 0.000244	 -0.030534	
559153	 26604	 0.002197	 -0.008057	 -0.137405	
559171	 26605	 0.003662	 -0.008789	 0.045802	
559190	 26606	 0.004395	 -0.006104	 0.137405	
559209	 26607	 0.003174	 -0.001221	 -0.152672	
559227	 26608	 -0.001465	 -0.004150	 0.068702	
559246	 26609	 0.008789	 -0.009033	 -0.122137	
559265	 26610	 0.006348	 -0.008789	 -0.053435	
559284	 26611	 -0.002197	 -0.007812	 -0.053435	
559302	 26612	 -0.001709	 -0.009277	 0.068702	
559322	 26613	 -0.001709	 -0.003906	 0.083969	
559340	 26614	 0.010254	 -0.005615	 0.076336	
559358	 26615	 0.000244	 -0.001221	 0.015267	
559377	 26616	 0.005371	 -0.003174	 0.030534	
559396	 26617	 0.003906	 -0.007324	 -0.007634	
559415	 26618	 0.002441	 -0.006836	 -0.091603	
559433	 26619	 0.004883	 0.002441	 0.198473	
559453	 26620	 0.003174	 -0.006592	 0.045802	
559471	 26621	 0.001953	 -0.007080	 -0.022901	
559490	 26622	 -0.000488	 -0.008301	 -0.167939	
559509	 26623	 0.004883	 -0.006592	 -0.045802	
559527	 26624	 0.006104	 -0.009521	 0.083969	
559546	 26625	 0.000244	 -0.003418	 -0.061069	
559564	 26626	 -0.001465	 -0.008057	 -0.038168	
559584	 26627	 -0.000732	 -0.003662	 0.068702	
559602	 26628	 -0.000977	 -0.004639	 0.099237	
559621	 26629	 0.008301	 -0.001221	 0.015267	
559640	 26630	 0.000244	 -0.006104	 0.000000	
559659	 26631	 0.003174	 -0.008301	 -0.068702	
559677	 26632	 -0.003418	 -0.006592	 0.000000	
559695	 26633	 0.003906	 -0.009766	 -0.114504	
560688	 26686	 0.012451	 -0.002930	 -0.167939	
560707	 26687	 0.009521	 -0.002197	 0.000000	
560726	 26688	 -0.013184	 -0.001953	 -0.129771	
560744	 26689	 -0.019287	 -0.013916	 -0.068702	
560762	 26690	 -0.004395	 -0.000977	 0.473282	
560782	 26691	 0.002197	 -0.004150	 0.282443	
560800	 26692	 -0.001953	 -0.018555	 0.435115	
560819	 26693	 0.012695	 -0.008057	 0.274809	
560837	 26694	 0.033936	 -0.011230	 -0.015267	
560857	 26695	 0.022217	 -0.002686	 -0.129771	
560875	 26696	 -0.017334	 -0.012451	 -0.152672	
560893	 26697	 -0.003906	 -0.010498	 0.099237	
560913	 26698	 0.022217	 0.001221	 -0.007634	
560931	 26699	 0.000000	 -0.006592	 -0.137405	
560950	 26700	 -0.012939	 -0.004883	 0.000000	
560968	 26701	 0.006348	 -0.004639	 0.053435	
560987	 26702	 0.012207	 -0.003662	 -0.213740	
561006	 26703	 -0.010010	 -0.005615	 0.106870	
561025	 26704	 -0.004639	 0.003174	 -0.129771	
561043	 26705	 0.003418	 -0.007324	 0.030534	
561062	 26706	 0.014648	 -0.004395	 0.022901	
561081	 26707	 -0.000488	 -0.003418	 0.091603	
561100	 26708	 0.007080	 -0.001709	 0.038168	
561119	 26709	 0.008301	 -0.000977	 -0.038168	
561137	 26710	 0.000000	 -0.008057	 -0.030534	
561156	 26711	 -0.000488	 -0.010742	 0.083969	
561175	 26712	 0.004883	 -0.000732	 -0.030534	
561193	 26713	 -0.001221	 -0.008789	 -0.076336	
561212	 26714	 0.008057	 -0.011230	 0.015267	
561231	 26715	 -0.006592	 -0.005859	 0.007634	
561250	 26716	 0.007324	 -0.001221	 0.076336	
561268	 26717	 0.006592	 -0.008301	 -0.053435	
561287	 26718	 0.002197	 -0.003662	 0.068702	
561306	 26719	 0.002197	 0.000244	 -0.015267	
561325	 26720	 0.006348	 -0.004150	 0.000000	
561343	 26721	 0.005859	 -0.001709	 -0.045802	
561362	 26722	 -0.002686	 -0.010498	 -0.015267	
561381	 26723	 0.003662	 0.007080	 -0.015267	
561399	 26724	 0.010254	 -0.006348	 -0.068702	
561419	 26725	 0.006836	 -0.004639	 -0.007634	
561437	 26726	 0.001465	 -0.005859	 -0.106870	
561456	 26727	 -0.004395	 -0.016602	 -0.099237	
561474	 26728	 0.014404	 -0.011963	 0.160305	
561494	 26729	 0.008301	 0.009521	 -0.083969	
561512	 26730	 -0.008057	 -0.006104	 -0.053435	
561530	 26731	 -0.001709	 -0.007812	 0.045802	
561550	 26732	 0.011475	 -0.001953	 -0.076336	
561568	 26733	 0.007080	 -0.002686	 -0.030534	
561587	 26734	 0.000732	 -0.001465	 -0.030534	
561606	 26735	 0.003662	 -0.008301	 0.038168	
562224	 26768	 -0.000977	 -0.007080	 0.022901	
562242	 26769	 0.006592	 -0.005371	 -0.053435	
562262	 26770	 0.008057	 -0.003906	 -0.015267	
562280	 26771	 0.001953	 -0.010010	 -0.038168	
562298	 26772	 0.004150	 -0.007812	 -0.099237	
562318	 26773	 -0.001465	 -0.005127	 -0.099237	
562336	 26774	 0.002197	 -0.002930	 -0.091603	
562355	 26775	 0.002686	 -0.001953	 -0.053435	
562374	 26776	 -0.002686	 -0.004395	 -0.122137	
562393	 26777	 0.000000	 -0.003418	 -0.198473	
562411	 26778	 0.000000	 -0.007324	 0.198473	
562429	 26779	 0.000732	 -0.003174	 0.106870	
562449	 26780	 0.002197	 -0.003906	 -0.030534	
562467	 26781	 0.001221	 0.000488	 -0.022901	
562486	 26782	 0.000000	 -0.005615	 -0.137405	
562505	 26783	 0.004395	 -0.004883	 -0.015267	
562524	 26784	 -0.002441	 -0.002686	 0.190840	
562543	 26785	 0.002441	 -0.003662	 -0.259542	
562562	 26786	 0.004150	 -0.001709	 0.183206	
562580	 26787	 -0.006104	 -0.006104	 -0.053435	
562599	 26788	 0.002930	 -0.004883	 -0.053435	
562618	 26789	 -0.002197	 -0.004395	 0.061069	
562636	 26790	 0.006836	 -0.009766	 -0.038168	
562655	 26791	 0.007812	 -0.004395	 0.000000	
562674	 26792	 -0.001465	 -0.006104	 -0.137405	
562693	 26793	 0.003418	 -0.005127	 -0.007634	
562711	 26794	 0.003174	 -0.001465	 0.022901	
562729	 26795	 0.000732	 -0.004639	 0.022901	
562749	 26796	 0.004395	 0.001465	 -0.045802	
562767	 26797	 0.005615	 -0.002441	 -0.030534	
562786	 26798	 0.000488	 -0.002930	 -0.030534	
562805	 26799	 0.002930	 -0.004639	 -0.091603	
562824	 26800	 0.006836	 -0.003174	 -0.015267	
562842	 26801	 0.001221	 -0.005859	 -0.015267	
562862	 26802	 0.002441	 0.000977	 0.129771	
562880	 26803	 0.003906	 0.000000	 0.122137	
562898	 26804	 0.002197	 -0.007568	 -0.045802	
562917	 26805	 0.004883	 -0.007568	 -0.061069	
562936	 26806	 -0.003418	 -0.006836	 -0.106870	
562955	 26807	 0.002441	 -0.003174	 0.045802	
562973	 26808	 0.006592	 -0.006836	 -0.045802	
562992	 26809	 0.001221	 -0.004639	 -0.091603	
563011	 26810	 0.001709	 -0.002441	 0.083969	
563030	 26811	 0.004150	 -0.003906	 0.091603	
563048	 26812	 0.000977	 -0.006592	 -0.137405	
563067	 26813	 0.005371	 -0.010254	 -0.022901	
563086	 26814	 -0.002686	 -0.002686	 -0.160305	
563104	 26815	 0.007080	 -0.006104	 -0.076336	
563124	 26816	 0.002930	 -0.000732	 -0.045802	
563142	 26817	 0.000732	 -0.007568	 0.030534	
563161	 26818	 0.002686	 -0.008057	 -0.030534	
563179	 26819	 0.001953	 -0.003174	 0.015267	
563198	 26820	 0.004883	 -0.002197	 -0.106870	
563217	 26821	 0.003418	 -0.009766	 0.290076	
563235	 26822	 0.005127	 -0.003662	 0.099237	
563255	 26823	 0.000977	 -0.010498	 0.167939	
563273	 26824	 0.005859	 -0.001953	 -0.152672	
563292	 26825	 0.001221	 -0.006592	 0.007634	
563311	 26826	 0.003174	 0.000732	 0.022901	
563330	 26827	 0.005127	 -0.000244	 -0.022901	
563348	 26828	 0.001953	 -0.005371	 0.000000	
563366	 26829	 -0.001953	 -0.009033	 -0.083969	
563386	 26830	 0.001465	 -0.006836	 -0.007634	
563404	 26831	 0.002441	 -0.008789	 0.114504	
563423	 26832	 -0.001221	 -0.006104	 -0.022901	
563442	 26833	 -0.003174	 -0.004883	 0.122137	
563461	 26834	 -0.003174	 -0.007812	 -0.030534	
563479	 26835	 0.003174	 -0.006104	 0.045802	
563497	 26836	 0.005615	 -0.006592	 -0.083969	
563517	 26837	 -0.002197	 -0.006348	 0.038168	
563535	 26838	 0.000732	 -0.004883	 0.000000	
563554	 26839	 -0.001221	 -0.007324	 0.015267	
563573	 26840	 0.000488	 0.000000	 -0.007634	
563592	 26841	 -0.002441	 0.001709	 -0.061069	
563610	 26842	 -0.005371	 -0.004395	 -0.045802	
563629	 26843	 0.004395	 -0.006348	 0.022901	
563648	 26844	 0.002441	 -0.005859	 -0.198473	
563666	 26845	 -0.003174	 -0.006592	 -0.015267	
563685	 26846	 -0.000244	 -0.003662	 -0.152672	
563704	 26847	 0.001465	 -0.004395	 -0.167939	
563723	 26848	 -0.004150	 -0.009277	 -0.030534	
563741	 26849	 0.006348	 -0.004395	 0.129771	
563761	 26850	 0.001221	 -0.005127	 0.038168	
563779	 26851	 -0.002686	 0.001953	 -0.122137	
563798	 26852	 0.002197	 -0.006104	 -0.022901	
563816	 26853	 -0.000732	 -0.002441	 -0.068702	
563835	 26854	 0.003662	 -0.007324	 0.061069	
563854	 26855	 0.008545	 -0.007812	 -0.190840	
563872	 26856	 -0.000244	 -0.004395	 -0.015267	
563892	 26857	 0.010742	 -0.003906	 0.152672	
563910	 26858	 -0.005371	 -0.009277	 0.129771	
563929	 26859	 0.005371	 -0.002197	 0.022901	
563947	 26860	 0.005859	 -0.003174	 -0.038168	
563966	 26861	 0.006104	 -0.005371	 -0.015267	
563985	 26862	 0.000977	 -0.009277	 0.038168	
564004	 26863	 0.001953	 -0.009033	 0.190840	
564023	 26864	 -0.005615	 -0.006348	 0.106870	
564041	 26865	 -0.003418	 -0.002686	 -0.068702	
564061	 26866	 0.002197	 -0.004639	 -0.091603	
564079	 26867	 0.001465	 -0.002441	 -0.015267	
564098	 26868	 0.000977	 -0.002441	 0.007634	
564117	 26869	 0.002441	 -0.004395	 0.061069	
564135	 26870	 -0.000244	 -0.002930	 -0.061069	
564154	 26871	 0.003174	 -0.007812	 -0.015267	
564172	 26872	 -0.004883	 -0.001709	 -0.068702	
564192	 26873	 0.007324	 -0.008057	 0.000000	
564210	 26874	 0.003662	 -0.011719	 0.000000	
564229	 26875	 0.005127	 -0.006348	 0.007634	
564247	 26876	 0.004639	 -0.003418	 0.030534	
564267	 26877	 0.004150	 -0.004395	 0.000000	
564285	 26878	 -0.001709	 -0.006592	 0.137405	
564303	 26879	 -0.001465	 -0.007812	 -0.030534	
564322	 26880	 -0.000732	 -0.004639	 -0.076336	
564341	 26881	 0.000000	 -0.003906	 0.022901	
564360	 26882	 0.007080	 -0.001465	 -0.122137	
564378	 26883	 0.003906	 -0.004639	 0.152672	
