612697	 29463	 0.000244	 -0.004150	 0.000000	
612715	 29464	 0.007080	 -0.011963	 0.236641	
612733	 29465	 0.003662	 -0.003418	 -0.114504	
612752	 29466	 -0.002441	 0.000244	 0.061069	
612771	 29467	 -0.001465	 -0.016357	 0.038168	
612790	 29468	 0.006348	 0.001709	 -0.007634	
612808	 29469	 0.012207	 -0.006836	 0.305344	
612828	 29470	 0.047119	 0.001709	 -0.076336	
612846	 29471	 0.024170	 -0.024658	 -0.938931	
612865	 29472	 0.026855	 -0.009766	 -0.900763	
612883	 29473	 0.441650	 -0.006836	 3.198473	
612902	 29474	 -1.132080	 0.334717	 2.267176	
612921	 29475	 -0.560547	 0.062500	 1.267176	
612939	 29476	 -0.504883	 0.251465	 11.236641	
612959	 29477	 -0.559326	 0.211182	 15.679389	
612977	 29478	 -0.343750	 -0.062256	 23.503817	
612996	 29479	 -0.241211	 -0.027832	 21.572519	
613015	 29480	 0.367920	 0.049561	 23.618320	
613033	 29481	 -0.093506	 -0.018799	 17.297710	
613052	 29482	 0.195068	 -0.035400	 11.458015	
613070	 29483	 0.357666	 -0.044189	 6.564886	
613090	 29484	 0.042236	 -0.257080	 -0.061069	
613108	 29485	 0.100830	 -0.013428	 -0.320611	
613127	 29486	 0.195312	 0.054199	 2.435115	
613145	 29487	 0.216553	 -0.037842	 0.702290	
613165	 29488	 0.159912	 -0.022705	 0.717557	
613183	 29489	 0.160400	 -0.019287	 1.229008	
613201	 29490	 0.164062	 0.021240	 0.603053	
613221	 29491	 0.082520	 0.002930	 1.030534	
613239	 29492	 0.105713	 0.063721	 -0.145038	
613258	 29493	 -0.251709	 -0.375488	 -2.610687	
613277	 29494	 -0.473389	 0.579346	 6.442748	
613296	 29495	 -0.097168	 0.049561	 -3.961832	
613314	 29496	 -0.046875	 0.208496	 2.053435	
613332	 29497	 0.803955	 0.000000	 -0.541985	
613352	 29498	 -1.905762	 1.007080	 12.442748	
613370	 29499	 -0.748779	 0.599365	 3.183206	
613389	 29500	 -0.667480	 -0.970459	 8.465649	
613408	 29501	 0.842773	 0.433838	 7.549618	
613427	 29502	 0.405518	 0.019287	 6.045802	
613445	 29503	 -0.132080	 -0.599854	 -2.290076	
613464	 29504	 0.160889	 0.541260	 0.343511	
613483	 29505	 0.133301	 -0.051514	 4.755725	
613501	 29506	 0.156982	 -0.114502	 -6.083970	
613520	 29507	 0.397949	 -0.271729	 1.809160	
613539	 29508	 0.442383	 0.110840	 1.870229	
613558	 29509	 0.238525	 0.124512	 0.916031	
613576	 29510	 0.074463	 -0.131104	 -2.229008	
613596	 29511	 0.179688	 0.048828	 -2.396947	
613614	 29512	 0.161621	 -0.056152	 -0.908397	
613633	 29513	 0.205811	 0.024902	 0.618321	
613651	 29514	 0.061035	 -0.142578	 -1.709924	
613670	 29515	 0.292236	 0.074707	 1.404580	
613689	 29516	 0.100098	 -0.126465	 0.045802	
613707	 29517	 0.333252	 0.396729	 -0.923664	
613727	 29518	 0.234619	 -0.080322	 6.946565	
613745	 29519	 0.908936	 -0.476562	 0.793893	
613764	 29520	 0.196777	 -0.347168	 -2.190840	
613783	 29521	 0.097168	 0.112549	 0.259542	
613801	 29522	 -0.099854	 0.002441	 -0.862595	
613821	 29523	 -0.122559	 -0.020752	 0.755725	
613839	 29524	 0.027588	 0.023438	 0.511450	
613858	 29525	 0.050781	 -0.003174	 0.167939	
613876	 29526	 0.007812	 -0.021973	 -0.190840	
613896	 29527	 -0.011719	 0.014160	 0.068702	
613914	 29528	 -0.002686	 -0.017334	 -0.122137	
613933	 29529	 0.023926	 0.000000	 -0.274809	
613952	 29530	 -0.008789	 -0.018311	 -0.076336	
613970	 29531	 0.002441	 0.015625	 0.061069	
613989	 29532	 0.009766	 -0.022705	 0.015267	
614008	 29533	 0.010010	 0.002686	 -0.007634	
614027	 29534	 -0.002930	 -0.005615	 0.068702	
614045	 29535	 0.006592	 -0.004883	 -0.022901	
614064	 29536	 0.010498	 -0.011475	 -0.114504	
614083	 29537	 0.003174	 0.010010	 -0.076336	
614102	 29538	 -0.004395	 -0.016357	 0.015267	
614120	 29539	 0.007324	 -0.000977	 -0.114504	
614138	 29540	 0.002441	 -0.005371	 -0.152672	
614158	 29541	 0.000244	 -0.004883	 0.076336	
614176	 29542	 0.007324	 -0.004883	 0.091603	
614195	 29543	 0.000977	 -0.006104	 -0.015267	
614214	 29544	 0.008301	 -0.010986	 -0.198473	
614233	 29545	 0.007324	 0.000732	 -0.045802	
614251	 29546	 0.003174	 -0.008057	 -0.015267	
614270	 29547	 -0.001709	 -0.004639	 -0.083969	
614289	 29548	 0.005371	 -0.004150	 -0.038168	
614307	 29549	 0.002441	 -0.004639	 0.160305	
614326	 29550	 0.007324	 -0.009033	 -0.015267	
614345	 29551	 0.001465	 -0.009277	 0.038168	
614364	 29552	 -0.001465	 -0.009521	 -0.022901	
614382	 29553	 0.001953	 -0.005615	 0.068702	
614402	 29554	 0.004395	 -0.010010	 0.038168	
614420	 29555	 -0.000244	 -0.009766	 0.061069	
614438	 29556	 0.002441	 -0.007568	 0.061069	
614457	 29557	 0.001465	 0.000244	 -0.022901	
614476	 29558	 0.003906	 -0.001953	 -0.076336	
614495	 29559	 0.010010	 -0.015625	 0.175573	
614513	 29560	 0.007080	 -0.002686	 0.038168	
614533	 29561	 0.003906	 0.000244	 0.068702	
614551	 29562	 -0.002441	 -0.014648	 0.022901	
614569	 29563	 0.000977	 -0.001709	 -0.106870	
614588	 29564	 0.008789	 -0.010010	 0.030534	
614607	 29565	 0.005615	 -0.005615	 -0.106870	
614626	 29566	 0.008301	 -0.008057	 -0.091603	
614644	 29567	 0.004150	 -0.007568	 0.045802	
614664	 29568	 0.001953	 -0.008545	 0.290076	
614682	 29569	 0.006592	 -0.001953	 -0.137405	
614701	 29570	 0.004395	 -0.007080	 -0.091603	
614720	 29571	 0.001221	 -0.006104	 0.099237	
614738	 29572	 0.000488	 -0.006348	 0.022901	
614757	 29573	 0.004150	 -0.005127	 0.038168	
614775	 29574	 0.010742	 -0.005371	 -0.167939	
614795	 29575	 -0.000732	 -0.008301	 0.045802	
614813	 29576	 0.004150	 -0.005615	 0.007634	
614832	 29577	 0.002686	 -0.010742	 0.000000	
614850	 29578	 0.007080	 -0.008545	 -0.022901	
614870	 29579	 0.004639	 -0.003174	 0.083969	
614888	 29580	 0.004150	 -0.006836	 -0.114504	
614906	 29581	 -0.002197	 -0.009277	 0.068702	
614926	 29582	 0.002197	 -0.003906	 -0.038168	
614944	 29583	 0.004395	 -0.001953	 0.015267	
614963	 29584	 -0.004150	 -0.001953	 -0.076336	
614982	 29585	 -0.000977	 -0.007324	 0.061069	
615001	 29586	 0.003418	 -0.010986	 -0.068702	
615019	 29587	 0.000488	 -0.005371	 0.091603	
615037	 29588	 0.000732	 -0.001221	 0.000000	
615057	 29589	 0.000488	 -0.003418	 -0.015267	
615075	 29590	 0.006592	 -0.009277	 0.030534	
615094	 29591	 0.003418	 -0.005127	 0.000000	
615112	 29592	 0.004395	 -0.009766	 -0.068702	
615132	 29593	 0.008789	 -0.008789	 -0.030534	
615150	 29594	 -0.000488	 -0.008301	 0.091603	
615169	 29595	 0.003662	 -0.006592	 -0.015267	
615188	 29596	 0.005859	 -0.001709	 0.091603	
615206	 29597	 0.002197	 -0.003174	 -0.145038	
615225	 29598	 -0.000488	 -0.000244	 -0.122137	
615243	 29599	 0.011230	 -0.009033	 0.114504	
615263	 29600	 0.001709	 -0.002441	 0.106870	
615281	 29601	 0.004883	 -0.009033	 0.038168	
615300	 29602	 0.003906	 -0.001221	 -0.068702	
615319	 29603	 0.007812	 -0.000244	 0.007634	
615337	 29604	 0.010742	 0.000732	 0.061069	
615356	 29605	 0.004395	 -0.009033	 -0.106870	
615375	 29606	 -0.005859	 -0.001953	 -0.038168	
615394	 29607	 0.001953	 -0.003174	 0.022901	
615412	 29608	 0.004150	 -0.004639	 0.068702	
615431	 29609	 -0.002686	 -0.004395	 0.000000	
615450	 29610	 0.000732	 -0.003906	 -0.152672	
615469	 29611	 0.003418	 -0.006348	 -0.145038	
615487	 29612	 0.008301	 -0.007812	 -0.083969	
615506	 29613	 0.000488	 -0.001221	 0.000000	
615525	 29614	 0.004395	 -0.011963	 0.030534	
615543	 29615	 -0.001465	 -0.008545	 -0.007634	
615562	 29616	 0.005371	 -0.005615	 -0.091603	
615581	 29617	 0.007568	 -0.002197	 -0.076336	
615600	 29618	 0.006348	 -0.003418	 0.045802	
615618	 29619	 0.008301	 -0.007812	 -0.122137	
615636	 29620	 0.003662	 -0.002441	 0.022901	
615656	 29621	 0.000000	 -0.009521	 -0.007634	
615674	 29622	 -0.005127	 -0.007080	 -0.030534	
615693	 29623	 0.005615	 -0.003906	 -0.068702	
615712	 29624	 0.002197	 -0.004150	 0.175573	
615731	 29625	 0.005859	 -0.006104	 0.099237	
615749	 29626	 -0.002686	 -0.004150	 0.091603	
615768	 29627	 0.011719	 0.002686	 0.015267	
615787	 29628	 0.005127	 -0.007324	 0.038168	
615805	 29629	 0.009766	 -0.007812	 -0.167939	
615824	 29630	 0.006104	 -0.005127	 -0.091603	
615843	 29631	 0.000732	 -0.007812	 0.045802	
615862	 29632	 0.000000	 -0.003906	 -0.083969	
615880	 29633	 0.002930	 -0.004150	 -0.076336	
615900	 29634	 0.004883	 -0.005615	 -0.076336	
615918	 29635	 0.005615	 -0.008057	 0.213740	
615937	 29636	 0.002197	 -0.003906	 0.000000	
615955	 29637	 0.001465	 -0.007568	 -0.045802	
615974	 29638	 0.004639	 -0.006836	 -0.145038	
615993	 29639	 0.004883	 -0.005859	 0.000000	
616011	 29640	 0.001709	 -0.004150	 0.000000	
616030	 29641	 0.004639	 -0.006104	 -0.091603	
616048	 29642	 0.003174	 -0.010986	 0.015267	
616068	 29643	 0.004150	 -0.005615	 -0.106870	
616086	 29644	 0.003906	 -0.006104	 -0.175573	
616104	 29645	 0.006104	 -0.002197	 -0.129771	
616124	 29646	 0.002197	 -0.007812	 -0.015267	
616142	 29647	 0.005371	 -0.006348	 -0.083969	
616161	 29648	 0.003662	 -0.004639	 -0.038168	
616180	 29649	 0.001953	 -0.002686	 -0.053435	
616199	 29650	 0.000488	 -0.008057	 -0.045802	
616217	 29651	 0.001953	 -0.004639	 0.045802	
616236	 29652	 0.002441	 -0.008057	 -0.053435	
616255	 29653	 0.002686	 -0.000977	 -0.053435	
616273	 29654	 0.004150	 -0.001709	 -0.015267	
616292	 29655	 -0.004639	 -0.008789	 0.000000	
616311	 29656	 0.002930	 -0.006348	 -0.053435	
616330	 29657	 0.006348	 0.006836	 -0.053435	
616348	 29658	 0.010010	 -0.011475	 -0.061069	
616367	 29659	 0.000488	 -0.004395	 0.007634	
616386	 29660	 0.006592	 -0.000977	 0.206107	
616404	 29661	 0.005859	 -0.011719	 -0.022901	
616423	 29662	 0.005859	 -0.007568	 -0.160305	
616441	 29663	 0.005859	 -0.009033	 -0.022901	
616461	 29664	 0.000000	 -0.004395	 0.206107	
616479	 29665	 0.013184	 0.004639	 -0.030534	
616498	 29666	 0.003662	 -0.005127	 -0.167939	
616517	 29667	 0.008545	 -0.000732	 0.007634	
616536	 29668	 -0.000732	 -0.010254	 0.030534	
616554	 29669	 -0.001465	 -0.010742	 0.045802	
616572	 29670	 0.008545	 -0.006104	 0.045802	
616592	 29671	 0.001221	 -0.003418	 0.068702	
616610	 29672	 0.002441	 -0.008057	 -0.122137	
616629	 29673	 0.009277	 -0.005127	 0.106870	
616648	 29674	 0.010010	 -0.007080	 0.007634	
616667	 29675	 0.009521	 -0.002686	 -0.022901	
616685	 29676	 0.002930	 -0.004883	 -0.099237	
616705	 29677	 0.004639	 -0.006348	 0.030534	
616723	 29678	 0.007812	 -0.007568	 -0.038168	
616741	 29679	 0.003174	 -0.007324	 -0.015267	
616760	 29680	 0.008545	 -0.005371	 -0.114504	
616779	 29681	 0.004395	 -0.005127	 0.083969	
616798	 29682	 0.002686	 0.000732	 -0.038168	
616816	 29683	 0.002197	 -0.006592	 0.022901	
616836	 29684	 0.005859	 -0.006592	 -0.122137	
616854	 29685	 0.003418	 0.002197	 -0.007634	
616872	 29686	 0.003906	 -0.005371	 0.106870	
616891	 29687	 0.010254	 0.003906	 0.007634	
616910	 29688	 0.009277	 -0.006592	 -0.038168	
616929	 29689	 0.002930	 -0.010742	 -0.083969	
616947	 29690	 0.003662	 -0.004883	 -0.099237	
616967	 29691	 0.000732	 -0.009766	 0.000000	
616985	 29692	 0.011963	 -0.001953	 0.076336	
617004	 29693	 0.006836	 -0.000732	 -0.167939	
617022	 29694	 0.000488	 -0.001709	 -0.068702	
617041	 29695	 0.007812	 -0.005859	 -0.053435	
617060	 29696	 -0.003906	 -0.003174	 -0.129771	
617078	 29697	 0.002441	 -0.009277	 0.083969	
617098	 29698	 0.007324	 0.002197	 -0.068702	
617116	 29699	 0.006104	 -0.006836	 -0.030534	
617135	 29700	 0.005859	 -0.005127	 -0.068702	
617153	 29701	 0.002197	 -0.008301	 -0.053435	
617172	 29702	 0.000244	 -0.006348	 -0.076336	
617191	 29703	 0.004883	 -0.007080	 0.000000	
617209	 29704	 0.000732	 -0.004395	 0.076336	
617228	 29705	 0.002686	 -0.005615	 0.152672	
617247	 29706	 0.007324	 -0.003906	 0.213740	
617266	 29707	 0.003418	 -0.007324	 0.015267	
617284	 29708	 0.000732	 -0.007080	 -0.030534	
617304	 29709	 0.000000	 -0.004639	 -0.022901	
617322	 29710	 0.002441	 -0.002686	 0.053435	
617340	 29711	 0.004639	 -0.002441	 0.030534	
617360	 29712	 0.002441	 -0.006592	 -0.061069	
617378	 29713	 0.003662	 -0.005615	 0.221374	
617397	 29714	 0.003174	 -0.005371	 0.015267	
617415	 29715	 0.004639	 -0.007812	 0.061069	
617435	 29716	 0.008301	 -0.003906	 0.015267	
617453	 29717	 -0.003906	 -0.003418	 0.000000	
617472	 29718	 0.000732	 -0.001709	 0.053435	
617490	 29719	 0.006104	 0.000977	 0.137405	
617509	 29720	 0.003662	 -0.002686	 0.091603	
617528	 29721	 0.004395	 -0.004883	 -0.099237	
617546	 29722	 0.010742	 -0.008545	 -0.122137	
617566	 29723	 0.008545	 -0.006592	 0.007634	
617584	 29724	 -0.001465	 -0.002197	 0.007634	
617603	 29725	 0.007812	 -0.006592	 -0.061069	
617621	 29726	 0.012207	 -0.002197	 0.099237	
617640	 29727	 0.005371	 -0.003906	 0.053435	
617659	 29728	 -0.002197	 0.000977	 0.091603	
617677	 29729	 0.006348	 0.000977	 -0.076336	
617808	 29736	 0.007324	 -0.001953	 0.129771	
617828	 29737	 0.005859	 0.004395	 -0.030534	
617846	 29738	 0.010254	 -0.002686	 -0.175573	
617865	 29739	 0.010498	 -0.015869	 -0.083969	
617884	 29740	 0.008545	 -0.006104	 -0.145038	
617903	 29741	 0.000732	 -0.008301	 0.007634	
617921	 29742	 0.005127	 -0.009277	 -0.061069	
617939	 29743	 -0.003418	 -0.007324	 0.076336	
617959	 29744	 0.000000	 0.001465	 -0.152672	
617977	 29745	 0.008057	 -0.003174	 0.099237	
618108	 29752	 -0.004639	 -0.003174	 0.038168	
618127	 29753	 0.000977	 -0.002930	 0.137405	
618146	 29754	 0.003418	 -0.009033	 -0.015267	
618165	 29755	 -0.001465	 -0.005371	 -0.091603	
618183	 29756	 0.006592	 -0.004639	 0.053435	
618203	 29757	 0.009766	 -0.004883	 -0.038168	
618221	 29758	 0.000000	 -0.010498	 -0.091603	
618240	 29759	 0.004395	 -0.004395	 0.076336	
618259	 29760	 0.002686	 -0.008301	 -0.167939	
618277	 29761	 -0.000732	 -0.007568	 -0.045802	
618408	 29768	 0.007080	 -0.004639	 0.114504	
618427	 29769	 0.002441	 -0.010498	 -0.122137	
618446	 29770	 0.002197	 -0.003418	 0.007634	
618465	 29771	 0.006836	 -0.004395	 0.045802	
618483	 29772	 0.001953	 -0.004883	 0.076336	
618502	 29773	 0.000977	 -0.004883	 -0.061069	
618521	 29774	 0.001221	 -0.004150	 -0.030534	
618540	 29775	 0.002686	 -0.012695	 -0.015267	
618727	 29785	 0.744385	 -0.147461	 1.893130	
618745	 29786	 0.737061	 -0.315918	 -1.793893	
618764	 29787	 1.121826	 -0.043213	 3.343511	
618783	 29788	 1.961426	 0.041992	 -3.709924	
618802	 29789	 0.229980	 -0.973145	 7.374046	
618820	 29790	 1.654053	 -0.015625	 -3.633588	
618839	 29791	 1.024414	 -0.072266	 3.435115	
618858	 29792	 0.618408	 -0.036621	 -1.473282	
618876	 29793	 0.967285	 0.096924	 4.145038	
618895	 29794	 0.919434	 0.062744	 5.076336	
619026	 29801	 0.528076	 0.092285	 0.832061	
619045	 29802	 -0.387939	 -0.119629	 8.748092	
619064	 29803	 1.960693	 -0.968506	 -6.419847	
619082	 29804	 0.219482	 0.351318	 9.969465	
619102	 29805	 0.731934	 0.033447	 0.549618	
619120	 29806	 0.902100	 -0.850098	 -3.862595	
619139	 29807	 0.031494	 1.609131	 8.931297	
619157	 29808	 0.720947	 0.308350	 2.717557	
619176	 29809	 -0.438232	 0.293213	 5.244275	
619213	 29811	 1.511475	 0.517090	 13.007633	
619344	 29818	 0.144043	 -0.706787	 -26.343512	
619364	 29819	 -0.803711	 -1.631348	 -61.671757	
619382	 29820	 -1.005127	 -0.360352	 -64.641220	
619401	 29821	 -0.763916	 -0.241211	 -91.893127	
619420	 29822	 -0.995361	 -1.219971	 -102.671753	
619439	 29823	 1.370117	 -0.586182	 -108.679390	
619457	 29824	 -0.443359	 1.366211	 -92.038170	
619475	 29825	 -1.401855	 0.964600	 -98.885498	
619495	 29826	 1.418457	 -0.056641	 -120.297707	
619513	 29827	 0.311035	 -0.044922	 -113.175575	
619644	 29834	 1.774170	 0.469727	 -129.877869	
619663	 29835	 -1.461426	 -1.803223	 -136.175568	
619681	 29836	 -1.471924	 1.144287	 -130.541992	
619701	 29837	 -1.239258	 -0.841309	 -167.122131	
619719	 29838	 1.489014	 -0.881592	 -160.053436	
619738	 29839	 -0.035645	 1.182373	 -154.068695	
619757	 29840	 -0.187744	 -1.772217	 -146.213745	
619776	 29841	 -2.000000	 -0.941406	 -157.984726	
619794	 29842	 -1.536621	 0.106201	 -150.274811	
619812	 29843	 -1.623047	 -1.367676	 -150.748093	
619963	 29851	 0.023193	 -0.786865	 -137.366409	
619981	 29852	 -1.259521	 -1.239990	 -119.839691	
620000	 29853	 0.147949	 -0.511230	 -120.595421	
620019	 29854	 -0.488770	 -0.052734	 -115.297707	
620038	 29855	 0.414062	 -0.484619	 -119.610687	
620056	 29856	 0.578369	 -0.246094	 -90.519081	
620076	 29857	 -0.317627	 -0.660156	 -104.519081	
620094	 29858	 0.017090	 0.027832	 -92.358780	
620112	 29859	 -0.763672	 -0.844727	 -70.847328	
620131	 29860	 -0.439941	 0.397705	 -31.213741	
620263	 29867	 -0.840088	 -0.230957	 108.290077	
620281	 29868	 0.080322	 -0.187012	 93.206108	
620300	 29869	 -0.954102	 0.565186	 98.091606	
620318	 29870	 1.167725	 -0.402100	 79.977097	
620338	 29871	 -0.488525	 0.057861	 75.183205	
620356	 29872	 -0.130859	 0.199463	 62.679390	
620375	 29873	 -0.507812	 -0.299561	 50.603054	
620394	 29874	 -0.135498	 -0.429443	 28.366413	
620412	 29875	 0.585205	 -0.076904	 15.610687	
620431	 29876	 -0.517090	 -0.034912	 15.862596	
620562	 29883	 -0.376465	 0.179199	 6.793893	
620581	 29884	 -0.240234	 -0.092041	 2.068702	
620600	 29885	 -0.493408	 0.398438	 2.297710	
620618	 29886	 -0.119629	 0.152344	 1.244275	
620637	 29887	 -0.554443	 -0.010742	 0.847328	
620656	 29888	 -0.285400	 -0.026367	 1.152672	
620675	 29889	 0.049072	 0.043945	 0.916031	
620693	 29890	 0.199219	 -0.200928	 3.396947	
620712	 29891	 0.031738	 0.212402	 -0.465649	
620731	 29892	 -0.107178	 -0.314697	 -2.648855	
620880	 29900	 -0.175293	 0.002197	 -0.664122	
620900	 29901	 -0.119629	 -0.118408	 0.809160	
620918	 29902	 -0.171387	 0.081787	 0.763359	
620937	 29903	 -0.071289	 0.042480	 0.366412	
620955	 29904	 -0.125488	 0.028564	 0.099237	
620975	 29905	 -0.333984	 0.014160	 -1.374046	
620993	 29906	 -0.130859	 0.038086	 2.709924	
621011	 29907	 -0.258545	 0.088867	 -1.335878	
621031	 29908	 -0.171631	 -0.055908	 1.305344	
621049	 29909	 -0.010254	 0.104980	 0.351145	
621180	 29916	 -0.004639	 0.007812	 -0.007634	
621199	 29917	 -0.023682	 -0.003418	 -0.045802	
621218	 29918	 0.004150	 0.019043	 -0.076336	
621237	 29919	 0.007080	 0.014160	 -0.106870	
621255	 29920	 -0.018066	 -0.001221	 -0.099237	
621274	 29921	 -0.002197	 0.022705	 0.022901	
621293	 29922	 0.009521	 0.007812	 0.091603	
621312	 29923	 -0.010010	 0.004150	 -0.038168	
621330	 29924	 -0.002930	 0.018799	 0.000000	
621348	 29925	 0.003906	 0.005127	 0.068702	
621499	 29933	 -0.007080	 0.010498	 0.061069	
621517	 29934	 -0.000732	 0.008057	 -0.083969	
621536	 29935	 -0.006836	 0.007812	 0.000000	
621554	 29936	 -0.000732	 0.008301	 0.030534	
621574	 29937	 -0.000732	 0.011475	 -0.030534	
621592	 29938	 -0.006592	 0.009277	 -0.129771	
621612	 29939	 -0.005127	 0.016113	 0.015267	
621630	 29940	 -0.007812	 0.008301	 0.106870	
621648	 29941	 -0.004883	 0.008789	 0.061069	
621667	 29942	 -0.009277	 0.012695	 0.053435	
621798	 29949	 -0.002686	 0.009766	 -0.076336	
621816	 29950	 0.000000	 0.004883	 0.106870	
621836	 29951	 -0.007568	 0.007812	 -0.038168	
621854	 29952	 -0.004395	 0.009033	 -0.061069	
621873	 29953	 -0.006104	 0.011475	 -0.213740	
621892	 29954	 -0.003906	 0.006348	 -0.076336	
621911	 29955	 -0.000488	 0.010742	 -0.145038	
621929	 29956	 -0.005371	 0.004150	 0.045802	
621947	 29957	 -0.001221	 0.010498	 0.053435	
621967	 29958	 -0.005859	 0.011475	 -0.076336	
622098	 29965	 -0.004883	 0.008545	 0.007634	
622116	 29966	 -0.006348	 0.007324	 0.061069	
622135	 29967	 -0.004150	 0.008545	 0.045802	
622154	 29968	 -0.002441	 0.008545	 -0.099237	
622173	 29969	 -0.008545	 0.009521	 -0.030534	
622191	 29970	 -0.007080	 0.010254	 -0.152672	
622211	 29971	 -0.003418	 0.010986	 0.038168	
622229	 29972	 -0.000977	 0.008301	 -0.022901	
622247	 29973	 -0.011719	 0.008057	 0.122137	
622266	 29974	 -0.001709	 0.009766	 0.099237	
622416	 29982	 0.001221	 0.007324	 -0.083969	
622435	 29983	 -0.002197	 0.009766	 0.038168	
622453	 29984	 -0.002197	 0.007568	 0.000000	
622472	 29985	 -0.007324	 0.007812	 -0.099237	
622491	 29986	 0.002930	 0.010742	 0.099237	
622510	 29987	 -0.007080	 0.011230	 -0.030534	
622528	 29988	 -0.005859	 0.005615	 -0.167939	
622547	 29989	 0.000000	 0.016846	 -0.053435	
622566	 29990	 -0.004639	 0.013672	 0.038168	
622584	 29991	 -0.002930	 0.014160	 0.099237	
622715	 29998	 -0.003662	 0.010254	 0.022901	
622734	 29999	 -0.000977	 0.007080	 0.099237	
622753	 30000	 0.001709	 0.011230	 -0.175573	
622772	 30001	 -0.003418	 0.013184	 -0.076336	
622790	 30002	 -0.000977	 0.012695	 -0.045802	
622809	 30003	 -0.002686	 0.009277	 -0.045802	
622828	 30004	 0.000244	 0.010498	 0.099237	
622846	 30005	 -0.006592	 0.010010	 0.053435	
622865	 30006	 -0.000488	 0.011230	 -0.099237	
622883	 30007	 -0.001709	 0.015137	 -0.083969	
623014	 30014	 0.003174	 0.005615	 0.038168	
623034	 30015	 -0.004150	 0.015381	 -0.076336	
623052	 30016	 -0.007324	 -0.001953	 -0.091603	
623071	 30017	 -0.000244	 0.008545	 0.000000	
623089	 30018	 -0.003418	 0.014648	 -0.030534	
628875	 30327	 0.000000	 0.006348	 0.045802	
628893	 30328	 -0.000488	 0.009277	 -0.022901	
628912	 30329	 0.004639	 0.013428	 0.083969	
628931	 30330	 -0.000732	 0.005859	 0.045802	
628950	 30331	 -0.005371	 0.004395	 -0.106870	
628968	 30332	 -0.005371	 0.007324	 0.053435	
628987	 30333	 -0.004150	 0.005859	 -0.122137	
629006	 30334	 -0.003174	 0.012451	 -0.015267	
629024	 30335	 0.046387	 0.071533	 -0.106870	
629043	 30336	 -0.051270	 0.189697	 0.679389	
629062	 30337	 0.290283	 0.139893	 6.274809	
629081	 30338	 0.446777	 0.337158	 1.045802	
629099	 30339	 0.461182	 -0.049805	 -2.557252	
629118	 30340	 0.357666	 -0.140869	 6.175572	
629137	 30341	 0.156006	 -0.033691	 -2.984733	
629155	 30342	 0.062744	 -0.035645	 4.053435	
629174	 30343	 -0.538330	 0.215820	 3.442748	
629193	 30344	 -0.006348	 -0.069092	 -0.496183	
629212	 30345	 0.027100	 0.196533	 -0.694656	
629230	 30346	 -0.021484	 -0.058350	 -3.893130	
629250	 30347	 0.349365	 0.222412	 -0.328244	
629268	 30348	 -0.086914	 -0.164307	 -5.748092	
629286	 30349	 0.179688	 0.062500	 0.687023	
629305	 30350	 0.425293	 0.039307	 -3.129771	
629324	 30351	 -0.147949	 -0.229492	 0.625954	
629343	 30352	 0.186768	 -0.070557	 -4.404580	
629361	 30353	 -0.130371	 0.047363	 1.526718	
629381	 30354	 -0.220215	 0.013428	 2.564885	
629399	 30355	 -0.215576	 -0.017334	 -1.809160	
629417	 30356	 -0.147461	 0.236328	 -0.526718	
629436	 30357	 0.274414	 0.105225	 0.778626	
629455	 30358	 -0.086914	 0.062500	 3.503817	
629474	 30359	 0.037109	 0.373779	 2.793893	
629492	 30360	 0.109863	 -0.021484	 -1.572519	
629512	 30361	 0.433838	 0.343018	 8.824428	
629530	 30362	 -0.137451	 -0.227051	 0.290076	
629549	 30363	 0.112305	 0.425293	 0.045802	
629568	 30364	 0.010254	 -0.013428	 -1.503817	
629586	 30365	 0.419922	 0.180420	 4.480916	
629605	 30366	 0.151855	 0.010010	 -1.076336	
629623	 30367	 -0.018311	 -0.001465	 -3.847328	
629643	 30368	 -0.065918	 -0.016113	 -3.992366	
629661	 30369	 0.077148	 -0.093018	 -5.381680	
629680	 30370	 0.169678	 0.067139	 -4.793893	
629699	 30371	 -0.192627	 0.040771	 -2.015267	
629718	 30372	 -0.006104	 0.050049	 2.564885	
629736	 30373	 -0.350098	 -0.203369	 -2.366412	
629754	 30374	 -0.243896	 0.345703	 0.267176	
629774	 30375	 -0.107422	 0.081299	 -5.091603	
629792	 30376	 -0.234131	 -0.036377	 -3.450382	
629811	 30377	 -0.257080	 0.099854	 -1.396947	
629830	 30378	 -0.165771	 0.034424	 0.969466	
629849	 30379	 -0.350830	 -0.019287	 2.435115	
629867	 30380	 -0.115967	 0.125244	 1.053435	
629885	 30381	 -0.094727	 -0.033447	 2.496183	
629905	 30382	 -0.153564	 -0.005127	 0.885496	
629923	 30383	 -0.178711	 0.051270	 -0.503817	
629942	 30384	 -0.055420	 -0.090820	 0.099237	
629961	 30385	 -0.094238	 -0.012207	 -0.954198	
629980	 30386	 -0.212158	 -0.050781	 -0.641221	
629998	 30387	 -0.102539	 0.147461	 -0.778626	
630018	 30388	 -0.173096	 -0.080078	 -0.473282	
630036	 30389	 -0.085938	 0.038574	 0.213740	
630054	 30390	 -0.220947	 -0.025391	 0.320611	
630073	 30391	 -0.104492	 0.007080	 0.526718	
630092	 30392	 0.028809	 0.042236	 0.618321	
630111	 30393	 0.034424	 -0.031738	 0.053435	
630129	 30394	 0.039551	 0.016602	 -0.213740	
630149	 30395	 -0.026367	 -0.010986	 -0.190840	
630167	 30396	 -0.025146	 0.030762	 0.076336	
630185	 30397	 0.003418	 -0.020508	 0.061069	
630205	 30398	 0.005615	 0.031738	 -0.236641	
630223	 30399	 -0.030518	 -0.000977	 0.076336	
630242	 30400	 -0.005127	 0.014893	 -0.007634	
630260	 30401	 -0.005615	 0.003418	 0.038168	
630280	 30402	 -0.013672	 0.015137	 -0.061069	
630298	 30403	 -0.007568	 -0.000977	 0.030534	
630317	 30404	 0.002197	 0.012207	 0.091603	
630335	 30405	 -0.011475	 0.003418	 -0.106870	
630354	 30406	 -0.010742	 0.012695	 -0.213740	
630373	 30407	 -0.001709	 0.000244	 0.022901	
630391	 30408	 -0.004395	 0.014160	 -0.022901	
630411	 30409	 -0.012207	 0.001709	 0.190840	
631627	 30474	 -0.002686	 0.009521	 -0.007634	
631646	 30475	 -0.002197	 0.003662	 0.129771	
631665	 30476	 -0.006592	 0.006104	 -0.076336	
631684	 30477	 -0.007324	 0.011963	 -0.061069	
631702	 30478	 -0.009766	 0.009521	 -0.015267	
631721	 30479	 -0.010010	 0.010498	 0.038168	
631740	 30480	 -0.009521	 0.010010	 -0.015267	
631758	 30481	 -0.006348	 0.004883	 -0.053435	
631777	 30482	 -0.008545	 0.007080	 0.137405	
631796	 30483	 -0.008301	 0.008789	 -0.038168	
631815	 30484	 -0.005615	 0.008789	 -0.053435	
631833	 30485	 -0.009033	 0.005127	 -0.160305	
631853	 30486	 -0.004883	 0.008545	 0.038168	
631871	 30487	 -0.010986	 0.011475	 -0.099237	
631889	 30488	 -0.010986	 0.005127	 0.053435	
631909	 30489	 -0.005615	 0.009277	 0.022901	
631927	 30490	 -0.010742	 0.013916	 0.000000	
631946	 30491	 -0.014893	 0.005371	 0.000000	
631964	 30492	 -0.008789	 0.006348	 -0.076336	
631983	 30493	 -0.014648	 0.006104	 0.045802	
632002	 30494	 -0.014160	 0.004639	 -0.022901	
632020	 30495	 -0.009277	 0.007568	 0.061069	
632039	 30496	 -0.012207	 0.010498	 0.137405	
632058	 30497	 -0.003174	 0.008789	 0.045802	
632077	 30498	 -0.012207	 0.001953	 0.045802	
632095	 30499	 -0.009766	 0.005615	 -0.045802	
632114	 30500	 -0.013184	 0.001221	 0.145038	
632133	 30501	 -0.005127	 0.003174	 -0.038168	
632152	 30502	 -0.007324	 0.013428	 -0.030534	
632170	 30503	 -0.007080	 0.010254	 -0.190840	
632189	 30504	 -0.003662	 0.007080	 0.015267	
632208	 30505	 -0.006836	 0.010742	 -0.022901	
632226	 30506	 -0.006104	 0.005371	 -0.061069	
632245	 30507	 -0.005127	 0.004883	 -0.137405	
632264	 30508	 -0.010498	 0.005859	 0.061069	
632283	 30509	 -0.011963	 0.005127	 0.053435	
632301	 30510	 -0.005371	 0.002930	 -0.045802	
632321	 30511	 -0.012451	 0.012695	 -0.061069	
632339	 30512	 -0.003174	 0.003418	 0.114504	
632357	 30513	 -0.008301	 0.010254	 0.000000	
632376	 30514	 -0.008301	 0.006348	 0.106870	
632395	 30515	 -0.007568	 0.004883	 0.068702	
632414	 30516	 -0.002686	 0.004150	 -0.122137	
632432	 30517	 0.020264	 0.011230	 0.022901	
632452	 30518	 -0.004150	 0.017334	 0.007634	
632470	 30519	 -0.001465	 0.006836	 0.137405	
632488	 30520	 0.000488	 0.020752	 0.022901	
632507	 30521	 0.041504	 0.010498	 -0.190840	
632526	 30522	 0.026367	 0.027588	 0.213740	
632545	 30523	 0.020508	 0.006104	 0.068702	
632563	 30524	 -0.017578	 0.012695	 0.091603	
632583	 30525	 0.040283	 0.016846	 -0.015267	
632601	 30526	 0.047119	 0.023926	 0.076336	
632620	 30527	 0.010498	 0.013916	 -0.091603	
632638	 30528	 -0.017578	 0.009277	 0.145038	
632657	 30529	 0.020752	 0.010986	 -0.030534	
632676	 30530	 0.037354	 0.021240	 0.175573	
632694	 30531	 0.016113	 0.010498	 -0.038168	
632714	 30532	 -0.009521	 0.016846	 0.259542	
632732	 30533	 -0.011475	 0.005127	 -0.099237	
632751	 30534	 0.018066	 0.010498	 0.068702	
632769	 30535	 -0.006836	 0.004395	 -0.061069	
632788	 30536	 0.000000	 0.029297	 0.290076	
632807	 30537	 -0.037354	 -0.024170	 -0.839695	
632825	 30538	 0.021973	 0.015137	 -0.580153	
632845	 30539	 -0.112305	 -0.025879	 -1.885496	
632863	 30540	 -0.343262	 0.281494	 -9.572519	
632882	 30541	 -0.161865	 0.135986	 -3.641221	
632901	 30542	 -0.107178	 -0.078857	 -7.190840	
632920	 30543	 0.184570	 0.093750	 -6.832061	
632938	 30544	 0.179443	 -0.394531	 -14.129771	
632956	 30545	 0.250977	 0.248535	 -11.900764	
632976	 30546	 0.171143	 -0.161377	 -12.801527	
632994	 30547	 0.392822	 0.128418	 -9.809160	
633014	 30548	 0.211914	 0.275146	 -11.183207	
633032	 30549	 -0.132568	 0.013672	 -8.358779	
633051	 30550	 0.024170	 0.295410	 -5.198473	
633070	 30551	 0.073730	 0.081055	 -0.954198	
633089	 30552	 -0.082764	 -0.243652	 -3.900763	
633107	 30553	 0.045166	 0.029541	 -0.633588	
633126	 30554	 0.079346	 0.245361	 -4.175572	
633145	 30555	 0.040039	 -0.071289	 3.068702	
633163	 30556	 -0.459473	 0.277100	 -2.908397	
633182	 30557	 -0.158203	 -0.278809	 -3.564885	
633201	 30558	 0.778564	 -0.203857	 5.458015	
633220	 30559	 0.337158	 -0.025879	 -4.015267	
633238	 30560	 0.589355	 -0.204102	 -14.465649	
633257	 30561	 -1.141602	 -1.206543	 -22.450382	
633276	 30562	 -1.474365	 -0.195801	 -21.358778	
633294	 30563	 0.083984	 0.709229	 -37.725189	
633314	 30564	 -0.505127	 -0.816162	 -49.427483	
633332	 30565	 0.438477	 0.117432	 -72.129768	
634830	 30645	 0.139160	 0.514893	 -20.526718	
634849	 30646	 0.145752	 0.331055	 -22.167938	
634868	 30647	 0.405518	 -0.170166	 -22.992367	
634887	 30648	 -0.014648	 0.042969	 -19.740458	
634905	 30649	 0.255371	 0.109131	 -21.274809	
634924	 30650	 0.159668	 0.039551	 -13.404580	
634943	 30651	 0.053223	 -0.059082	 -17.435114	
634961	 30652	 0.118896	 0.127441	 -12.816793	
634980	 30653	 0.156250	 0.171631	 -9.358779	
634999	 30654	 -0.794678	 0.222168	 -17.809160	
635018	 30655	 -0.997559	 0.060547	 -32.335876	
635036	 30656	 -0.108398	 -0.780273	 -26.473282	
635055	 30657	 -1.467041	 0.503174	 -30.740458	
635074	 30658	 -1.344727	 -0.168457	 -39.335876	
635092	 30659	 -0.089600	 0.234131	 -46.198475	
635111	 30660	 0.144531	 0.232422	 -51.847328	
635130	 30661	 0.366699	 -0.228516	 -45.984734	
635149	 30662	 0.177246	 0.124023	 -53.129772	
635167	 30663	 0.719727	 0.412598	 -43.870228	
635186	 30664	 0.162842	 0.027588	 -46.152672	
635205	 30665	 0.049805	 0.248291	 -45.473282	
635224	 30666	 -0.000732	 0.127441	 -38.488548	
635242	 30667	 0.202393	 0.081055	 -37.175571	
635261	 30668	 0.294678	 0.149902	 -37.106869	
635280	 30669	 0.113770	 -0.190674	 -34.954197	
635298	 30670	 0.293213	 0.161133	 -30.114504	
635318	 30671	 0.248779	 0.069092	 -31.282442	
635336	 30672	 0.312256	 0.214111	 -26.541985	
635355	 30673	 0.216797	 0.031006	 -26.175573	
635373	 30674	 0.223877	 0.108154	 -18.732824	
635393	 30675	 0.252930	 0.098389	 -23.900763	
635411	 30676	 -0.007080	 -0.299072	 -20.496183	
635429	 30677	 0.246094	 0.202148	 -19.076336	
635449	 30678	 -0.364502	 -0.094482	 -18.106871	
635467	 30679	 0.183105	 0.007324	 -16.076336	
635486	 30680	 -0.160645	 0.029053	 -24.847328	
635504	 30681	 -0.906494	 -0.333984	 -24.015266	
635524	 30682	 -0.753906	 -0.100342	 -25.358778	
635542	 30683	 -0.376221	 0.387695	 -36.328243	
635560	 30684	 -1.358154	 -0.929199	 -49.641220	
635580	 30685	 -0.689209	 0.447021	 -56.526718	
635598	 30686	 0.041748	 0.048096	 -69.022903	
635617	 30687	 -0.850342	 0.482178	 -72.740456	
635635	 30688	 -0.699707	 -0.541992	 -85.832062	
635655	 30689	 0.496094	 0.587646	 -70.854965	
635673	 30690	 0.004395	 0.240234	 -91.351143	
635692	 30691	 0.755371	 0.020264	 -90.129768	
635711	 30692	 0.586914	 0.053223	 -70.015266	
635729	 30693	 0.506592	 0.143066	 -65.557251	
635748	 30694	 0.281982	 0.288574	 -63.358780	
635766	 30695	 0.274902	 0.170654	 -51.045803	
635786	 30696	 0.396240	 0.453857	 -35.244274	
635804	 30697	 0.703369	 0.358398	 -37.396946	
635823	 30698	 -0.015869	 -0.065918	 -28.824427	
635842	 30699	 0.938721	 -0.045166	 -31.732824	
635860	 30700	 1.130127	 0.263672	 -25.519083	
635879	 30701	 1.156006	 0.229736	 -23.458015	
635897	 30702	 0.596191	 1.264404	 -7.763359	
635917	 30703	 -1.469482	 0.153564	 -78.038170	
635935	 30704	 -0.884521	 0.423828	 -66.175575	
635954	 30705	 -0.574463	 0.388916	 -52.152672	
635973	 30706	 0.128174	 0.402344	 -35.229008	
635992	 30707	 0.040283	 0.479492	 -16.488550	
636010	 30708	 -0.244141	 -0.325928	 -15.832061	
636029	 30709	 -0.258545	 -0.019775	 -25.061069	
636048	 30710	 0.218018	 0.175781	 -22.778625	
636066	 30711	 -0.016357	 -0.016113	 -9.488549	
636085	 30712	 -0.074707	 -0.060547	 -13.358779	
636104	 30713	 -0.085205	 0.177979	 -8.931297	
636123	 30714	 -0.311279	 -0.021484	 -4.099236	
636141	 30715	 0.158447	 0.197998	 -5.236641	
636161	 30716	 0.738525	 -1.008057	 -15.564885	
636179	 30717	 -0.299805	 0.212158	 -27.893129	
636197	 30718	 -0.521729	 0.314209	 -27.396946	
636217	 30719	 -0.080078	 -0.376953	 -69.465652	
636235	 30720	 0.941650	 1.152588	 -50.381680	
636254	 30721	 0.359131	 -0.013916	 -81.274811	
636272	 30722	 -0.049316	 -1.212891	 -105.312981	
636292	 30723	 0.191406	 -1.151367	 -115.290077	
636310	 30724	 1.201416	 -0.957275	 -122.755722	
636328	 30725	 1.651123	 -0.252441	 -150.045807	
636348	 30726	 1.999939	 -0.464600	 -138.435120	
636366	 30727	 1.203613	 -0.480469	 -155.984726	
636385	 30728	 -0.345459	 0.061279	 -144.908401	
636403	 30729	 -1.015869	 -1.599609	 -126.625954	
636423	 30730	 0.037842	 -0.179443	 -119.679390	
636441	 30731	 -0.283936	 -0.518555	 -120.267174	
636460	 30732	 0.623535	 0.164551	 -95.213737	
636479	 30733	 -0.011963	 -0.532471	 -85.564888	
636497	 30734	 0.315430	 -0.408447	 -91.763359	
636516	 30735	 0.338623	 0.745850	 -74.755722	
636534	 30736	 -0.447998	 0.360352	 -56.992367	
636554	 30737	 -0.222656	 0.274414	 -50.847328	
636572	 30738	 0.234131	 0.260010	 -37.564884	
636591	 30739	 -0.213135	 0.294678	 -14.465649	
636609	 30740	 -0.257812	 0.556885	 -1.748092	
636628	 30741	 0.060791	 0.121338	 1.633588	
636647	 30742	 -0.284912	 0.127930	 11.862596	
636665	 30743	 -0.188232	 0.081543	 10.328244	
636685	 30744	 0.099121	 0.191406	 21.725191	
636703	 30745	 -0.120361	 0.106934	 29.648855	
636722	 30746	 -0.086426	 0.294434	 32.343510	
636741	 30747	 -0.367188	 0.148926	 30.549618	
636760	 30748	 -0.137939	 0.135254	 37.122139	
636778	 30749	 -0.197998	 -0.015381	 46.427483	
636796	 30750	 -0.239990	 0.178223	 45.473282	
636816	 30751	 -0.392822	 -0.156250	 43.374046	
636834	 30752	 -0.259766	 0.066895	 34.977100	
636853	 30753	 -0.296875	 -0.203369	 27.068703	
636871	 30754	 -2.000000	 -0.176270	 -41.374046	
636891	 30755	 0.179688	 0.497314	 -11.396947	
636909	 30756	 -1.575928	 1.225098	 10.984733	
636928	 30757	 -0.728760	 0.424561	 -9.091603	
636947	 30758	 -0.398193	 1.145752	 -4.816794	
636965	 30759	 -0.149902	 -0.093262	 0.213740	
636984	 30760	 -0.631836	 -0.617188	 -5.648855	
637002	 30761	 -0.011963	 0.428467	 5.343512	
637022	 30762	 -0.048340	 0.099609	 3.175573	
637040	 30763	 -0.061035	 -0.206299	 -0.687023	
637059	 30764	 0.035400	 0.214844	 0.412214	
637077	 30765	 0.045654	 -0.087646	 -2.396947	
637096	 30766	 0.025879	 -0.034180	 0.068702	
637115	 30767	 0.074463	 0.055420	 1.412214	
637133	 30768	 0.041504	 -0.031982	 3.587786	
637153	 30769	 -0.074219	 0.036621	 -0.816794	
637171	 30770	 -0.064941	 0.039795	 -0.931298	
637190	 30771	 -0.005615	 -0.088135	 -0.541985	
637208	 30772	 0.040771	 0.012939	 0.099237	
637228	 30773	 0.021240	 0.004883	 -0.893130	
637246	 30774	 -0.032471	 0.000244	 -0.061069	
637264	 30775	 -0.024902	 -0.021729	 0.038168	
637284	 30776	 0.005859	 -0.028809	 -0.824427	
637302	 30777	 0.010254	 0.011475	 -2.229008	
637321	 30778	 0.015869	 -0.018555	 -0.770992	
637339	 30779	 0.007812	 0.007812	 -0.641221	
637359	 30780	 0.019775	 0.031738	 -0.099237	
637377	 30781	 -0.028320	 -0.013916	 -0.351145	
637395	 30782	 -0.010742	 0.007324	 -1.778626	
637415	 30783	 0.007568	 -0.010498	 -0.106870	
637433	 30784	 0.024658	 -0.008057	 -0.702290	
637452	 30785	 0.010986	 0.021729	 0.129771	
637470	 30786	 0.009033	 0.000732	 -0.061069	
637490	 30787	 0.004883	 0.010010	 -0.251908	
637508	 30788	 0.003906	 -0.021973	 0.122137	
637527	 30789	 0.003906	 -0.003418	 -0.022901	
637546	 30790	 0.037598	 -0.032227	 0.160305	
637564	 30791	 -0.524414	 0.084229	 -3.198473	
637584	 30792	 -1.490479	 0.179932	 7.992366	
637602	 30793	 -0.188232	 0.350830	 25.022902	
637621	 30794	 0.071533	 -0.399658	 32.923664	
637640	 30795	 0.218750	 0.344971	 41.435116	
637659	 30796	 -1.081787	 -0.202881	 60.206108	
637677	 30797	 -0.614746	 0.235352	 72.015266	
637696	 30798	 0.356201	 -0.709229	 58.030533	
637715	 30799	 0.306152	 -0.282471	 51.580154	
637733	 30800	 0.411621	 -0.391846	 50.129772	
637752	 30801	 -0.077393	 0.148193	 42.114502	
637771	 30802	 -0.224609	 -0.345947	 37.114502	
637790	 30803	 0.338135	 -0.088135	 43.923664	
637808	 30804	 -0.062744	 0.244141	 30.045801	
637827	 30805	 0.234131	 -0.275879	 29.175573	
637846	 30806	 0.196289	 -0.037354	 23.473282	
637864	 30807	 -0.296387	 0.130859	 21.534351	
637883	 30808	 -1.964844	 1.169678	 37.137405	
637902	 30809	 -0.030762	 0.764893	 57.801525	
637921	 30810	 -0.343262	 0.627441	 65.931297	
637939	 30811	 -0.827637	 0.042969	 75.755722	
637959	 30812	 -0.333252	 0.526855	 85.099236	
637977	 30813	 -1.266113	 0.381592	 98.442749	
637996	 30814	 -1.466797	 -0.375977	 101.503815	
638014	 30815	 -0.479248	 -0.007324	 92.801529	
638033	 30816	 0.247070	 -0.867676	 74.496185	
638052	 30817	 -0.226074	 -0.483887	 63.961834	
638070	 30818	 0.056396	 0.102539	 28.908398	
638090	 30819	 0.097412	 -0.148682	 43.526718	
638108	 30820	 0.190674	 -0.823242	 15.251908	
638127	 30821	 0.354248	 -0.520020	 -1.717557	
638146	 30822	 0.092529	 -0.020264	 -5.435114	
638164	 30823	 0.208740	 -0.081055	 -12.549619	
638183	 30824	 -0.192383	 0.250732	 -17.198473	
638201	 30825	 -0.180664	 0.059814	 -21.625954	
638221	 30826	 0.276123	 -0.157959	 -28.251909	
638239	 30827	 0.105469	 0.118408	 -22.381680	
638258	 30828	 0.132568	 0.093506	 -30.427481	
638277	 30829	 0.244385	 -0.372314	 -33.465649	
638296	 30830	 -0.361816	 0.092041	 -24.786259	
638314	 30831	 0.353760	 0.022461	 -43.419846	
638332	 30832	 -0.601807	 -0.473389	 -59.175571	
638352	 30833	 -1.479004	 0.770996	 -61.893131	
638370	 30834	 -0.372070	 0.116943	 -75.748093	
638389	 30835	 -0.147705	 -0.229492	 -67.251907	
638408	 30836	 -0.150146	 0.197266	 -61.977100	
638427	 30837	 0.071289	 0.296387	 -71.000000	
638445	 30838	 0.047607	 0.221924	 -71.839691	
638465	 30839	 -0.009033	 0.231201	 -58.389313	
638483	 30840	 -0.102295	 0.333984	 -49.480915	
638501	 30841	 0.291504	 0.020508	 -44.702290	
638520	 30842	 -0.076660	 0.050781	 -53.488548	
638539	 30843	 0.371826	 -0.070312	 -41.480915	
638558	 30844	 0.143066	 0.174561	 -40.297710	
638576	 30845	 0.080811	 -0.189941	 -36.610687	
638596	 30846	 0.533691	 0.198242	 -32.068703	
638614	 30847	 0.017090	 0.090332	 -24.977098	
638632	 30848	 0.089355	 0.050781	 -26.916031	
638652	 30849	 0.164062	 0.120605	 -20.992367	
638670	 30850	 0.122314	 0.106689	 -19.732824	
638689	 30851	 0.125977	 0.049561	 -18.061069	
638707	 30852	 0.176270	 0.239990	 -13.862596	
