317712	 13713	 0.002441	 -0.002197	 0.083969	
317730	 13714	 0.001465	 -0.006348	 -0.030534	
317750	 13715	 -0.000244	 -0.011475	 -0.022901	
317768	 13716	 0.001953	 -0.008545	 0.061069	
317787	 13717	 -0.003174	 -0.011963	 0.152672	
317805	 13718	 -0.004883	 -0.010498	 0.015267	
317825	 13719	 0.000000	 -0.010742	 -0.007634	
317843	 13720	 0.003906	 -0.007324	 0.015267	
317861	 13721	 0.005127	 -0.012695	 -0.061069	
317881	 13722	 0.004395	 -0.010498	 0.030534	
318012	 13729	 0.003418	 -0.003174	 0.076336	
318030	 13730	 -0.000977	 -0.012207	 0.007634	
318049	 13731	 0.004883	 -0.012695	 0.114504	
318067	 13732	 0.004639	 -0.011230	 0.000000	
318086	 13733	 0.000000	 -0.011719	 0.106870	
318105	 13734	 -0.003418	 -0.006592	 -0.030534	
318124	 13735	 -0.004150	 -0.009766	 -0.030534	
318142	 13736	 0.005127	 -0.006104	 -0.053435	
318161	 13737	 0.004639	 -0.004395	 -0.007634	
318180	 13738	 0.004883	 -0.015137	 -0.137405	
318311	 13745	 -0.001465	 -0.005127	 -0.160305	
318329	 13746	 -0.003906	 -0.007080	 0.038168	
318349	 13747	 0.001953	 -0.007324	 0.053435	
318367	 13748	 0.002441	 -0.006592	 -0.015267	
318386	 13749	 -0.003662	 -0.006592	 -0.091603	
318405	 13750	 0.004395	 -0.010010	 -0.007634	
318424	 13751	 0.002930	 -0.007568	 0.045802	
318442	 13752	 -0.004883	 -0.006348	 -0.068702	
318460	 13753	 0.005371	 -0.013916	 -0.099237	
318480	 13754	 0.000000	 -0.007080	 -0.007634	
318629	 13762	 0.004395	 -0.004395	 0.030534	
318648	 13763	 0.005859	 -0.006836	 -0.030534	
318666	 13764	 -0.000732	 -0.009277	 -0.053435	
318686	 13765	 0.005371	 -0.013916	 0.114504	
318704	 13766	 0.002197	 -0.007568	 0.015267	
318723	 13767	 0.002930	 -0.007324	 -0.061069	
318742	 13768	 0.005859	 -0.012939	 -0.022901	
318760	 13769	 0.003418	 -0.010742	 0.045802	
318779	 13770	 -0.002930	 -0.013916	 0.099237	
318797	 13771	 0.002686	 -0.005127	 -0.030534	
318928	 13778	 -0.008057	 -0.011230	 0.038168	
318948	 13779	 0.001953	 -0.010498	 -0.007634	
318966	 13780	 0.001221	 -0.008545	 0.091603	
318985	 13781	 0.004150	 -0.005127	 -0.053435	
319004	 13782	 0.000244	 -0.008789	 -0.030534	
319023	 13783	 0.002441	 -0.006836	 -0.167939	
319041	 13784	 0.005127	 -0.015625	 -0.038168	
319060	 13785	 0.000488	 -0.005371	 0.015267	
319079	 13786	 -0.002197	 -0.009521	 0.030534	
319097	 13787	 0.001709	 -0.006836	 -0.038168	
319247	 13795	 0.001953	 -0.010254	 0.007634	
319266	 13796	 0.006104	 -0.007080	 -0.152672	
319285	 13797	 0.002441	 -0.011963	 0.015267	
319303	 13798	 0.005127	 -0.009277	 -0.061069	
319323	 13799	 0.000244	 -0.009033	 0.244275	
319341	 13800	 0.004883	 -0.006836	 -0.053435	
319360	 13801	 -0.000732	 -0.010498	 -0.091603	
319379	 13802	 -0.005127	 -0.013184	 -0.068702	
319397	 13803	 -0.001221	 -0.013428	 -0.091603	
319416	 13804	 -0.000244	 -0.009521	 -0.076336	
319547	 13811	 0.001953	 -0.005371	 -0.083969	
319565	 13812	 -0.000977	 -0.011719	 -0.091603	
319585	 13813	 0.002930	 -0.008789	 0.076336	
319603	 13814	 0.001953	 -0.008789	 -0.038168	
319622	 13815	 0.001465	 -0.004150	 -0.045802	
319640	 13816	 0.006592	 -0.003418	 -0.091603	
319660	 13817	 0.000488	 -0.005615	 -0.083969	
319678	 13818	 0.000732	 -0.011963	 -0.038168	
319696	 13819	 0.007812	 -0.005615	 0.068702	
319716	 13820	 -0.002441	 -0.005127	 0.091603	
319847	 13827	 0.003174	 -0.007324	 0.068702	
319865	 13828	 0.003174	 -0.009766	 -0.106870	
319884	 13829	 -0.002197	 -0.009277	 0.122137	
319903	 13830	 0.002930	 -0.009033	 0.015267	
319922	 13831	 -0.000488	 -0.011963	 0.076336	
319940	 13832	 0.000488	 -0.006592	 -0.129771	
319959	 13833	 0.000732	 -0.005371	 -0.122137	
319978	 13834	 0.000488	 -0.009277	 0.068702	
319996	 13835	 0.000488	 -0.015869	 -0.083969	
320015	 13836	 0.000244	 0.000000	 -0.106870	
320165	 13844	 -0.000244	 -0.014648	 -0.007634	
320184	 13845	 -0.000732	 -0.002930	 0.000000	
320202	 13846	 0.001465	 -0.010254	 0.076336	
320221	 13847	 0.002441	 -0.007324	 0.114504	
320240	 13848	 0.004395	 -0.010742	 -0.068702	
320259	 13849	 0.000488	 -0.012939	 -0.007634	
320277	 13850	 0.003418	 -0.008545	 0.015267	
320295	 13851	 0.002930	 -0.008057	 -0.045802	
320333	 13853	 0.006348	 -0.006592	 0.061069	
320464	 13860	 0.004150	 -0.002930	 0.137405	
320483	 13861	 0.004150	 -0.008057	 -0.061069	
320502	 13862	 0.008789	 -0.010254	 0.114504	
320521	 13863	 0.006348	 -0.009033	 0.007634	
320539	 13864	 -0.005615	 -0.010254	 -0.091603	
320558	 13865	 0.003906	 -0.016357	 0.053435	
320577	 13866	 0.005371	 -0.002930	 -0.190840	
320595	 13867	 0.004150	 -0.010498	 0.129771	
320614	 13868	 0.005615	 -0.007568	 0.122137	
320633	 13869	 0.000977	 -0.010986	 0.053435	
320783	 13877	 0.009766	 -0.010498	 -0.022901	
320801	 13878	 0.003906	 -0.009521	 -0.007634	
320821	 13879	 0.005127	 -0.011230	 -0.114504	
320839	 13880	 0.003906	 -0.012695	 -0.068702	
320858	 13881	 0.001221	 -0.011719	 -0.030534	
320876	 13882	 0.001221	 -0.009521	 -0.145038	
320896	 13883	 0.008545	 -0.006592	 -0.053435	
320914	 13884	 0.000732	 -0.003662	 -0.175573	
320932	 13885	 -0.002441	 -0.005859	 -0.038168	
320952	 13886	 0.005615	 -0.010742	 0.167939	
321083	 13893	 0.009277	 -0.000732	 0.053435	
321101	 13894	 0.001465	 -0.016357	 0.068702	
321120	 13895	 0.003174	 -0.008545	 -0.083969	
321139	 13896	 0.008545	 -0.005859	 -0.015267	
321158	 13897	 -0.004883	 -0.007324	 -0.022901	
321176	 13898	 0.009033	 -0.006104	 -0.038168	
321196	 13899	 0.006836	 -0.007324	 0.053435	
321214	 13900	 0.004639	 -0.010742	 0.038168	
321232	 13901	 0.000488	 -0.008789	 -0.221374	
321251	 13902	 -0.005859	 -0.008301	 0.061069	
321383	 13909	 0.006592	 -0.007080	 -0.030534	
321401	 13910	 0.005127	 -0.012939	 0.114504	
321420	 13911	 -0.006836	 -0.011963	 0.007634	
321439	 13912	 -0.000488	 -0.003174	 0.038168	
321458	 13913	 0.003174	 -0.012939	 0.038168	
321476	 13914	 0.001709	 -0.010498	 0.038168	
321495	 13915	 0.008301	 -0.006836	 -0.007634	
321514	 13916	 0.005615	 -0.010742	 0.007634	
321532	 13917	 -0.002441	 -0.008301	 -0.061069	
321551	 13918	 0.004639	 -0.011475	 0.000000	
321700	 13926	 0.002686	 -0.014648	 -0.007634	
321720	 13927	 0.000000	 -0.008301	 -0.137405	
321738	 13928	 0.001221	 -0.005615	 -0.091603	
321757	 13929	 -0.000977	 -0.011719	 -0.114504	
321776	 13930	 0.003662	 -0.015137	 0.053435	
321795	 13931	 -0.000732	 -0.009033	 -0.022901	
321813	 13932	 -0.000488	 -0.008545	 0.122137	
321851	 13934	 -0.003418	 -0.003906	 -0.145038	
322000	 13942	 0.003418	 -0.018066	 0.007634	
322019	 13943	 0.005371	 -0.008545	 0.053435	
322038	 13944	 -0.001221	 -0.011475	 -0.145038	
322057	 13945	 0.003418	 -0.015869	 0.061069	
322075	 13946	 0.002686	 -0.005859	 -0.083969	
322094	 13947	 -0.004150	 -0.007568	 0.122137	
322113	 13948	 0.003418	 -0.011963	 -0.129771	
322131	 13949	 0.000000	 -0.007324	 0.076336	
322150	 13950	 -0.000977	 -0.008789	 0.106870	
322169	 13951	 0.004639	 -0.006836	 0.076336	
322319	 13959	 -0.001953	 -0.010254	 0.045802	
322337	 13960	 0.000977	 -0.010742	 -0.114504	
322356	 13961	 0.002197	 -0.006836	 0.053435	
322375	 13962	 -0.002686	 -0.012695	 -0.053435	
322394	 13963	 0.000488	 -0.009277	 -0.068702	
322412	 13964	 0.006592	 -0.011719	 -0.045802	
322432	 13965	 -0.003662	 -0.010010	 -0.045802	
322450	 13966	 0.009033	 -0.011475	 0.068702	
322468	 13967	 0.005127	 -0.010986	 -0.030534	
322619	 13975	 0.009033	 -0.008301	 0.106870	
322637	 13976	 0.000732	 -0.008545	 0.015267	
322656	 13977	 0.003662	 -0.005371	 -0.030534	
322674	 13978	 0.004150	 -0.009766	 -0.076336	
322694	 13979	 -0.000488	 -0.009766	 -0.145038	
322712	 13980	 0.001465	 -0.004883	 -0.022901	
322731	 13981	 0.001953	 -0.009766	 0.022901	
322750	 13982	 0.003662	 -0.012939	 0.000000	
322768	 13983	 0.001709	 -0.008057	 0.022901	
322787	 13984	 -0.002930	 -0.013672	 0.106870	
322918	 13991	 -0.000977	 -0.016602	 0.000000	
322937	 13992	 0.002441	 -0.012451	 0.007634	
322956	 13993	 -0.000488	 -0.001221	 0.083969	
322974	 13994	 0.000244	 -0.007324	 -0.122137	
322993	 13995	 0.003174	 -0.007324	 0.015267	
323012	 13996	 0.003418	 -0.001465	 0.000000	
323031	 13997	 0.001221	 -0.004883	 -0.038168	
323049	 13998	 0.003662	 -0.013184	 -0.022901	
323068	 13999	 0.003906	 -0.007080	 -0.022901	
323087	 14000	 -0.001465	 -0.010986	 0.076336	
323236	 14008	 0.007568	 -0.015869	 0.076336	
323255	 14009	 0.005371	 -0.010254	 0.045802	
323274	 14010	 0.007080	 -0.012939	 0.022901	
323293	 14011	 0.002686	 -0.003906	 0.030534	
323311	 14012	 0.001465	 -0.002197	 -0.114504	
323331	 14013	 -0.003418	 -0.008301	 0.053435	
323349	 14014	 0.004639	 -0.007324	 -0.137405	
323367	 14015	 0.008545	 -0.010010	 0.053435	
323386	 14016	 0.000977	 -0.009521	 0.045802	
323405	 14017	 0.004639	 -0.009521	 -0.045802	
323536	 14024	 0.002930	 -0.013184	 -0.030534	
323555	 14025	 -0.004639	 0.000488	 -0.007634	
323573	 14026	 -0.002197	 -0.005127	 -0.083969	
323593	 14027	 0.009766	 -0.013428	 -0.053435	
323611	 14028	 0.002930	 -0.010742	 0.083969	
323630	 14029	 -0.001221	 -0.017090	 0.007634	
323648	 14030	 0.001953	 -0.011475	 -0.038168	
323667	 14031	 0.003662	 -0.010010	 0.083969	
323686	 14032	 -0.000977	 -0.012939	 0.015267	
323704	 14033	 0.001465	 -0.005371	 0.015267	
323855	 14041	 0.005127	 -0.010742	 -0.022901	
323873	 14042	 0.000977	 -0.013428	 -0.022901	
323892	 14043	 -0.000244	 -0.007812	 0.030534	
323910	 14044	 0.003418	 -0.009033	 -0.106870	
323930	 14045	 0.002441	 -0.002197	 -0.137405	
323948	 14046	 0.002930	 -0.001465	 -0.206107	
323966	 14047	 0.008545	 -0.009521	 0.007634	
323986	 14048	 0.005859	 -0.010986	 -0.015267	
324004	 14049	 0.001953	 -0.000732	 0.061069	
324023	 14050	 -0.000977	 -0.009766	 0.083969	
324154	 14057	 -0.001221	 -0.009766	 -0.015267	
324173	 14058	 -0.000244	 -0.003662	 0.015267	
324192	 14059	 0.000977	 -0.011963	 -0.015267	
324210	 14060	 0.000732	 -0.006592	 -0.045802	
324229	 14061	 -0.001221	 -0.009277	 0.083969	
324248	 14062	 0.001221	 -0.009521	 0.015267	
324267	 14063	 -0.007568	 -0.003906	 -0.068702	
324285	 14064	 0.001221	 -0.012451	 0.038168	
324304	 14065	 0.003906	 -0.005371	 -0.045802	
324323	 14066	 0.000000	 -0.010254	 -0.038168	
324454	 14073	 0.005859	 -0.009766	 0.015267	
324472	 14074	 0.002441	 -0.007568	 -0.076336	
324491	 14075	 0.005859	 -0.006592	 -0.206107	
324510	 14076	 0.006348	 -0.000732	 0.198473	
324529	 14077	 0.009277	 -0.011230	 -0.045802	
324547	 14078	 0.006348	 -0.010010	 0.045802	
324567	 14079	 0.002197	 -0.012695	 0.122137	
324585	 14080	 0.001953	 -0.011230	 0.091603	
324603	 14081	 0.011719	 -0.010254	 -0.038168	
324622	 14082	 0.004883	 -0.006592	 0.038168	
330315	 14386	 0.000488	 -0.007812	 0.030534	
330334	 14387	 -0.000244	 -0.006104	 -0.015267	
330353	 14388	 -0.000244	 -0.008789	 0.038168	
330372	 14389	 0.000488	 -0.010986	 0.030534	
330390	 14390	 -0.001465	 -0.003662	 0.045802	
330408	 14391	 0.007568	 -0.008057	 0.099237	
330428	 14392	 -0.000977	 -0.007812	 -0.083969	
330446	 14393	 -0.002930	 -0.008057	 -0.030534	
330465	 14394	 0.003662	 -0.005859	 0.007634	
330483	 14395	 0.003418	 -0.011963	 -0.053435	
330503	 14396	 0.003662	 -0.009033	 -0.061069	
330521	 14397	 0.000977	 -0.009277	 0.068702	
330540	 14398	 0.003174	 -0.012939	 -0.099237	
330559	 14399	 -0.003662	 -0.006104	 0.045802	
330577	 14400	 -0.002197	 -0.007080	 -0.045802	
330596	 14401	 -0.002686	 -0.010742	 -0.137405	
330614	 14402	 0.005859	 -0.004883	 -0.053435	
330634	 14403	 0.000732	 -0.012939	 0.114504	
330652	 14404	 0.000732	 -0.010254	 -0.015267	
330671	 14405	 0.002197	 -0.008789	 -0.068702	
330689	 14406	 0.004883	 -0.006836	 -0.015267	
330708	 14407	 0.003174	 -0.005371	 -0.022901	
330727	 14408	 0.003906	 -0.010010	 -0.152672	
330746	 14409	 0.005859	 -0.008057	 -0.038168	
330765	 14410	 -0.003662	 -0.006104	 -0.068702	
330783	 14411	 0.001709	 -0.015869	 -0.083969	
330802	 14412	 0.008545	 -0.011230	 0.015267	
330821	 14413	 0.002197	 -0.010254	 0.099237	
330840	 14414	 0.001953	 -0.007324	 -0.022901	
330858	 14415	 0.000244	 -0.009766	 0.068702	
330876	 14416	 0.000000	 -0.003906	 -0.053435	
330896	 14417	 -0.000488	 -0.015625	 -0.038168	
330914	 14418	 0.002197	 -0.005859	 -0.030534	
330933	 14419	 0.004150	 -0.007812	 -0.106870	
330952	 14420	 0.006348	 -0.011963	 -0.091603	
330971	 14421	 0.010010	 -0.009521	 -0.198473	
330989	 14422	 0.005615	 -0.011719	 -0.053435	
331009	 14423	 0.003418	 -0.007568	 0.015267	
331027	 14424	 -0.003662	 -0.004395	 0.007634	
331045	 14425	 0.006348	 -0.012939	 -0.358779	
331064	 14426	 0.004150	 -0.010010	 -0.190840	
331083	 14427	 -0.013428	 0.011719	 0.320611	
331102	 14428	 -0.005127	 -0.008545	 -0.106870	
331120	 14429	 0.009766	 -0.011475	 -0.030534	
331140	 14430	 0.009033	 0.000732	 0.167939	
331158	 14431	 -0.004639	 -0.002930	 -0.167939	
331176	 14432	 0.006348	 -0.005859	 0.053435	
331195	 14433	 0.008301	 -0.010498	 0.114504	
331214	 14434	 -0.000488	 -0.006836	 0.038168	
331233	 14435	 0.013428	 -0.009277	 0.099237	
331251	 14436	 0.016357	 0.001465	 0.229008	
331271	 14437	 -0.000244	 -0.015381	 -0.259542	
331289	 14438	 -0.006104	 -0.013672	 0.236641	
331308	 14439	 0.005371	 -0.008545	 -0.083969	
331327	 14440	 0.001221	 -0.004883	 0.045802	
331345	 14441	 0.001221	 -0.000732	 0.076336	
331364	 14442	 0.003418	 -0.014404	 0.045802	
331382	 14443	 0.007812	 -0.009033	 0.122137	
331402	 14444	 -0.000732	 -0.005859	 -0.122137	
331420	 14445	 -0.000732	 -0.009033	 0.099237	
331439	 14446	 0.002686	 -0.001953	 -0.053435	
331458	 14447	 0.007080	 -0.008057	 -0.007634	
331476	 14448	 -0.002930	 -0.013184	 0.213740	
331495	 14449	 0.002930	 -0.010254	 -0.030534	
331513	 14450	 0.002197	 -0.011475	 -0.038168	
331533	 14451	 -0.000977	 -0.008057	 0.106870	
331551	 14452	 0.000977	 -0.004639	 0.053435	
331570	 14453	 0.003906	 -0.003906	 -0.068702	
331588	 14454	 -0.004639	 -0.009033	 -0.129771	
331608	 14455	 0.006836	 -0.009033	 0.152672	
331626	 14456	 0.000732	 -0.003906	 -0.145038	
331644	 14457	 0.001221	 -0.007812	 -0.045802	
331664	 14458	 -0.001465	 -0.009766	 0.030534	
331682	 14459	 0.004639	 -0.000488	 0.007634	
331701	 14460	 0.005859	 -0.015625	 -0.022901	
331720	 14461	 -0.024902	 -0.005615	 -0.129771	
331739	 14462	 -0.007812	 -0.014893	 0.083969	
331757	 14463	 0.009277	 -0.013428	 -0.183206	
331776	 14464	 -0.006348	 -0.012695	 -0.389313	
331795	 14465	 0.003906	 -0.014160	 -0.160305	
331813	 14466	 0.004395	 0.001953	 0.015267	
331832	 14467	 -0.006104	 -0.009766	 0.129771	
331851	 14468	 0.013916	 -0.011963	 0.000000	
331870	 14469	 0.007080	 -0.001709	 0.122137	
331888	 14470	 -0.001221	 -0.013428	 0.022901	
331907	 14471	 0.002686	 0.001709	 0.030534	
331926	 14472	 -0.005859	 -0.008789	 -0.251908	
331944	 14473	 0.004639	 -0.015381	 0.038168	
331963	 14474	 0.000488	 -0.002197	 -0.045802	
331982	 14475	 0.000244	 -0.003174	 -0.022901	
332001	 14476	 0.007812	 -0.008057	 0.038168	
332019	 14477	 0.006836	 -0.011963	 -0.137405	
332038	 14478	 0.001953	 -0.009277	 -0.122137	
332057	 14479	 -0.013916	 -0.004150	 -0.030534	
332076	 14480	 0.014404	 -0.017090	 -0.152672	
332094	 14481	 0.018066	 -0.009521	 -0.106870	
332112	 14482	 -0.001709	 -0.003906	 0.007634	
332132	 14483	 -0.004639	 -0.006104	 0.053435	
332150	 14484	 0.012939	 -0.012695	 0.015267	
332169	 14485	 0.007812	 0.001709	 -0.122137	
332188	 14486	 -0.003906	 -0.009521	 -0.045802	
332207	 14487	 -0.010742	 -0.010254	 -0.015267	
332225	 14488	 0.012207	 -0.016846	 -0.183206	
332244	 14489	 0.019287	 -0.007324	 -0.160305	
332263	 14490	 -0.018555	 -0.005127	 0.251908	
332281	 14491	 -0.005127	 -0.011963	 -0.206107	
332301	 14492	 0.010254	 -0.008789	 0.083969	
332319	 14493	 0.009033	 -0.003662	 0.038168	
332338	 14494	 -0.003174	 -0.011475	 -0.068702	
332357	 14495	 0.001465	 -0.002441	 -0.083969	
332376	 14496	 0.006104	 -0.005859	 0.015267	
332394	 14497	 -0.001465	 -0.012695	 -0.038168	
332412	 14498	 0.002197	 -0.006348	 -0.076336	
332432	 14499	 0.009766	 -0.009277	 0.045802	
332450	 14500	 0.007568	 -0.002197	 -0.076336	
332469	 14501	 -0.003662	 -0.004883	 -0.045802	
332488	 14502	 0.001953	 -0.004395	 0.076336	
332507	 14503	 -0.006104	 -0.006104	 -0.152672	
332525	 14504	 0.014404	 -0.014893	 -0.091603	
332544	 14505	 0.007080	 -0.004639	 0.015267	
332563	 14506	 -0.017578	 -0.000488	 0.175573	
332581	 14507	 -0.020752	 -0.007324	 0.030534	
332600	 14508	 0.020264	 -0.008301	 -0.175573	
332619	 14509	 0.004883	 -0.010010	 -0.053435	
332638	 14510	 -0.010986	 -0.008301	 0.030534	
332656	 14511	 0.010498	 -0.002441	 -0.045802	
332676	 14512	 0.014404	 -0.005371	 0.030534	
332694	 14513	 0.003418	 -0.005615	 0.129771	
332712	 14514	 0.003418	 -0.006592	 -0.038168	
332731	 14515	 0.000732	 -0.009277	 0.076336	
332750	 14516	 0.005859	 -0.006348	 -0.152672	
332769	 14517	 0.003418	 -0.013672	 0.015267	
332787	 14518	 -0.004150	 -0.008301	 0.083969	
332806	 14519	 -0.005615	 -0.004639	 -0.007634	
332825	 14520	 0.026611	 -0.010742	 -0.061069	
332844	 14521	 0.017578	 -0.004395	 0.236641	
332862	 14522	 -0.018066	 0.004639	 0.358779	
332881	 14523	 -0.010498	 -0.013184	 -0.206107	
332900	 14524	 0.022217	 -0.017090	 0.076336	
332918	 14525	 -0.002686	 0.001465	 -0.015267	
332938	 14526	 -0.016602	 0.000000	 -0.030534	
332956	 14527	 0.003906	 -0.010010	 0.007634	
332975	 14528	 0.034668	 -0.009033	 0.076336	
332993	 14529	 -0.009766	 -0.001953	 0.114504	
333012	 14530	 -0.016357	 0.007568	 0.167939	
333031	 14531	 -0.005615	 -0.008545	 0.129771	
333049	 14532	 0.025391	 -0.014648	 0.053435	
333069	 14533	 0.018555	 0.007080	 0.580153	
333087	 14534	 -0.029785	 -0.020264	 -0.229008	
333106	 14535	 0.004150	 0.004883	 0.366412	
333124	 14536	 0.024414	 -0.019043	 0.000000	
333144	 14537	 0.001465	 -0.008301	 0.541985	
333162	 14538	 -0.012695	 0.009033	 0.114504	
333180	 14539	 -0.002197	 -0.017822	 0.335878	
333199	 14540	 0.025635	 -0.008545	 0.068702	
333218	 14541	 -0.008057	 -0.007324	 0.167939	
333237	 14542	 -0.015381	 0.004150	 0.282443	
333255	 14543	 0.008057	 -0.008057	 0.000000	
333274	 14544	 0.021973	 -0.012939	 -0.030534	
333293	 14545	 0.003418	 0.003418	 0.343511	
333312	 14546	 -0.017578	 0.001465	 -0.114504	
333330	 14547	 0.007812	 -0.004883	 0.290076	
333349	 14548	 0.009277	 -0.002197	 -0.099237	
333368	 14549	 -0.003906	 -0.000732	 0.030534	
333386	 14550	 -0.009033	 0.005615	 0.190840	
333406	 14551	 0.002930	 -0.011230	 0.083969	
333424	 14552	 0.017578	 -0.005127	 0.061069	
333443	 14553	 -0.009033	 -0.004883	 0.091603	
333461	 14554	 -0.008789	 -0.008545	 -0.022901	
333480	 14555	 0.003418	 -0.003174	 0.053435	
333499	 14556	 0.018555	 -0.003662	 -0.022901	
333517	 14557	 -0.005615	 -0.003906	 -0.045802	
333537	 14558	 0.000977	 -0.003418	 -0.068702	
333555	 14559	 0.009766	 -0.006348	 0.076336	
333574	 14560	 0.002197	 0.001465	 0.137405	
333593	 14561	 0.005615	 -0.000244	 0.000000	
333612	 14562	 0.006104	 -0.005615	 -0.030534	
333630	 14563	 0.004639	 -0.004883	 -0.045802	
333648	 14564	 -0.000488	 -0.010498	 0.007634	
333668	 14565	 0.003662	 -0.006592	 0.000000	
333686	 14566	 0.000977	 -0.003418	 0.061069	
333705	 14567	 -0.001953	 -0.003906	 -0.030534	
333723	 14568	 0.003662	 0.000488	 -0.007634	
333743	 14569	 0.006104	 -0.011230	 0.068702	
333761	 14570	 0.003174	 -0.012695	 0.022901	
333779	 14571	 -0.008057	 0.001221	 0.244275	
333798	 14572	 0.012207	 -0.005371	 0.114504	
333817	 14573	 0.002197	 0.017090	 -0.274809	
333836	 14574	 0.001953	 -0.024170	 -0.076336	
333854	 14575	 0.010010	 0.007812	 0.114504	
333874	 14576	 0.009521	 -0.012695	 -0.099237	
333892	 14577	 0.006592	 -0.010010	 -0.022901	
333911	 14578	 0.007080	 0.000977	 0.022901	
333930	 14579	 0.001465	 -0.009521	 -0.206107	
333948	 14580	 0.000977	 0.009277	 -0.129771	
333967	 14581	 -0.003418	 -0.010498	 -0.221374	
333985	 14582	 0.003418	 -0.000977	 -0.061069	
334005	 14583	 0.001709	 -0.004395	 -0.183206	
334023	 14584	 -0.009033	 0.004150	 0.122137	
334042	 14585	 0.002930	 0.003418	 -0.229008	
334061	 14586	 0.000732	 -0.012695	 -0.175573	
334080	 14587	 -0.010986	 -0.003418	 -0.183206	
334098	 14588	 0.010498	 -0.003418	 -0.045802	
334116	 14589	 0.028320	 -0.010986	 -0.007634	
334136	 14590	 0.011719	 -0.004639	 0.061069	
334154	 14591	 -0.021484	 0.006348	 0.137405	
334173	 14592	 0.005371	 -0.014648	 0.000000	
334191	 14593	 0.019531	 -0.010010	 -0.061069	
334211	 14594	 0.009766	 -0.003174	 -0.122137	
334229	 14595	 -0.016113	 0.003418	 0.022901	
334247	 14596	 0.007080	 -0.010986	 -0.068702	
334267	 14597	 0.009766	 -0.008545	 -0.099237	
334285	 14598	 -0.005615	 -0.000732	 -0.038168	
334304	 14599	 -0.007324	 -0.006348	 -0.091603	
334323	 14600	 0.004150	 -0.013672	 -0.091603	
334342	 14601	 0.019287	 -0.009521	 -0.076336	
334360	 14602	 0.005859	 0.000244	 0.000000	
334379	 14603	 -0.018555	 -0.000732	 -0.015267	
334398	 14604	 0.015869	 -0.009277	 -0.114504	
334416	 14605	 0.011963	 -0.010742	 -0.099237	
334435	 14606	 0.000977	 -0.002930	 -0.061069	
334453	 14607	 -0.016113	 -0.000977	 -0.038168	
334473	 14608	 0.004639	 -0.004150	 0.068702	
334491	 14609	 0.017822	 -0.020508	 -0.297710	
334510	 14610	 0.005615	 0.004639	 0.030534	
334529	 14611	 -0.017822	 -0.001953	 0.038168	
334547	 14612	 0.012451	 -0.010986	 -0.045802	
334566	 14613	 0.013672	 -0.014648	 -0.175573	
334585	 14614	 -0.008301	 0.000488	 -0.152672	
334604	 14615	 -0.002686	 0.001709	 0.152672	
334622	 14616	 0.014893	 -0.012939	 -0.229008	
334641	 14617	 0.015869	 -0.009521	 0.114504	
334660	 14618	 -0.002930	 0.004395	 0.007634	
334679	 14619	 -0.008545	 0.000977	 -0.213740	
334697	 14620	 0.010742	 -0.004639	 -0.076336	
334716	 14621	 0.014893	 -0.010986	 -0.213740	
334735	 14622	 -0.015625	 -0.003662	 0.022901	
334753	 14623	 -0.002441	 -0.005859	 0.015267	
334772	 14624	 0.008789	 -0.012939	 -0.076336	
334791	 14625	 0.009521	 -0.003906	 -0.068702	
334810	 14626	 -0.015137	 -0.001953	 0.053435	
334828	 14627	 -0.012939	 -0.009277	 -0.015267	
334848	 14628	 0.018555	 -0.010498	 -0.244275	
334866	 14629	 0.016357	 -0.019775	 -0.076336	
334884	 14630	 -0.010010	 0.005615	 0.038168	
334903	 14631	 -0.009033	 -0.012207	 -0.015267	
334922	 14632	 0.015381	 -0.015381	 -0.030534	
334941	 14633	 0.017334	 -0.007080	 -0.190840	
334959	 14634	 -0.012207	 0.000244	 0.038168	
334979	 14635	 -0.009521	 -0.003418	 -0.015267	
334997	 14636	 0.020264	 -0.007324	 -0.236641	
335015	 14637	 0.008301	 -0.004883	 -0.022901	
335035	 14638	 -0.005859	 -0.006836	 0.007634	
335053	 14639	 -0.005127	 -0.010742	 -0.083969	
335072	 14640	 0.011963	 -0.005615	 -0.137405	
335090	 14641	 0.010742	 -0.009766	 -0.061069	
335109	 14642	 -0.011963	 0.003174	 0.022901	
335128	 14643	 -0.003174	 -0.008301	 -0.145038	
335147	 14644	 0.008545	 -0.008789	 -0.335878	
335165	 14645	 0.011230	 -0.005371	 0.061069	
335184	 14646	 -0.009521	 -0.000488	 -0.022901	
335203	 14647	 0.006104	 0.000000	 -0.007634	
335221	 14648	 0.013184	 -0.008057	 0.106870	
335241	 14649	 0.004150	 -0.010498	 -0.145038	
335259	 14650	 -0.022705	 -0.008057	 0.038168	
335278	 14651	 -0.000732	 -0.005127	 -0.053435	
335296	 14652	 0.004883	 -0.010254	 -0.099237	
335315	 14653	 0.012695	 0.004883	 0.022901	
335334	 14654	 -0.012695	 -0.010254	 -0.122137	
335352	 14655	 0.005371	 -0.005615	 -0.198473	
335371	 14656	 0.010742	 -0.011963	 -0.007634	
335390	 14657	 0.006592	 -0.006592	 -0.259542	
335409	 14658	 -0.002197	 -0.007568	 -0.038168	
335427	 14659	 -0.008789	 -0.006592	 -0.152672	
335447	 14660	 0.015869	 -0.001953	 -0.068702	
335465	 14661	 0.025146	 -0.008301	 0.099237	
335483	 14662	 -0.004883	 -0.014160	 -0.045802	
335503	 14663	 -0.002441	 -0.014160	 -0.015267	
335521	 14664	 -0.005859	 -0.000732	 0.343511	
335540	 14665	 -0.009277	 -0.016846	 -0.267176	
335558	 14666	 0.010010	 -0.014893	 -0.015267	
335578	 14667	 0.016113	 -0.004639	 -0.175573	
335596	 14668	 -0.007568	 -0.018066	 0.053435	
335614	 14669	 -0.003906	 -0.007324	 -0.007634	
335634	 14670	 0.011963	 -0.008789	 0.045802	
335652	 14671	 0.011963	 -0.010010	 -0.129771	
335671	 14672	 -0.012939	 -0.013184	 0.099237	
335689	 14673	 0.000488	 -0.008545	 0.061069	
335709	 14674	 0.016357	 -0.013672	 0.114504	
335727	 14675	 0.014893	 -0.007568	 0.076336	
335746	 14676	 -0.013672	 0.000732	 0.106870	
335765	 14677	 -0.007080	 -0.012939	 0.053435	
335783	 14678	 0.017822	 -0.008789	 0.045802	
335802	 14679	 0.011230	 -0.009277	 -0.229008	
335820	 14680	 -0.011963	 -0.000244	 -0.015267	
335840	 14681	 0.003174	 -0.008057	 -0.076336	
335858	 14682	 0.018555	 -0.008057	 -0.083969	
335877	 14683	 0.009766	 -0.003906	 -0.038168	
335896	 14684	 -0.009766	 -0.005371	 0.106870	
335915	 14685	 0.001221	 -0.004639	 -0.045802	
335933	 14686	 0.016602	 -0.011475	 -0.152672	
335951	 14687	 0.010010	 -0.007812	 -0.015267	
335971	 14688	 -0.020264	 -0.000732	 0.129771	
335989	 14689	 -0.008301	 -0.004150	 -0.076336	
336008	 14690	 0.022949	 -0.014160	 0.099237	
336026	 14691	 0.009033	 0.003174	 0.351145	
336046	 14692	 -0.020020	 -0.001221	 -0.145038	
336064	 14693	 -0.001221	 -0.013672	 0.068702	
336082	 14694	 0.027832	 -0.001709	 0.030534	
336102	 14695	 0.017334	 -0.012695	 -0.015267	
336120	 14696	 -0.008789	 0.004883	 0.183206	
336139	 14697	 -0.004639	 0.001953	 -0.198473	
336158	 14698	 0.012695	 -0.007812	 0.038168	
336177	 14699	 0.018311	 -0.003662	 0.083969	
336195	 14700	 -0.011963	 0.005127	 0.068702	
336214	 14701	 0.000488	 -0.005371	 -0.038168	
336233	 14702	 0.011230	 -0.007812	 0.083969	
336251	 14703	 0.010742	 -0.005127	 0.106870	
336270	 14704	 -0.003906	 0.004883	 -0.015267	
336288	 14705	 0.005127	 -0.013184	 -0.152672	
336308	 14706	 0.018066	 -0.008545	 0.015267	
336326	 14707	 0.004150	 0.001221	 0.053435	
336345	 14708	 -0.013916	 -0.015381	 -0.099237	
336364	 14709	 0.000488	 -0.000488	 -0.038168	
336382	 14710	 0.006348	 -0.005859	 0.030534	
336401	 14711	 0.004639	 -0.000977	 0.015267	
336420	 14712	 0.004150	 -0.005371	 0.114504	
336439	 14713	 0.005615	 -0.007080	 -0.030534	
336457	 14714	 0.010010	 -0.003906	 -0.076336	
336476	 14715	 -0.000977	 0.000000	 0.198473	
336494	 14716	 -0.017090	 -0.002441	 0.106870	
336514	 14717	 0.001953	 -0.010742	 0.160305	
336532	 14718	 0.015625	 -0.014648	 0.000000	
336550	 14719	 0.001953	 0.002197	 0.083969	
336570	 14720	 -0.010010	 -0.004883	 0.053435	
336588	 14721	 0.008057	 0.001221	 0.007634	
336607	 14722	 0.008789	 -0.011719	 0.045802	
336625	 14723	 0.009521	 0.001953	 0.076336	
336645	 14724	 -0.015869	 -0.003174	 0.320611	
336663	 14725	 -0.007080	 0.005615	 0.122137	
336681	 14726	 0.027832	 -0.009766	 0.244275	
336700	 14727	 0.013184	 0.000000	 0.030534	
336719	 14728	 -0.020264	 0.003662	 0.213740	
336738	 14729	 0.001221	 -0.004639	 0.160305	
336756	 14730	 0.020020	 -0.007812	 0.137405	
336776	 14731	 -0.001465	 -0.003174	 0.419847	
336794	 14732	 -0.018799	 0.015625	 0.183206	
336813	 14733	 -0.011719	 -0.000488	 0.328244	
336832	 14734	 0.025391	 -0.014893	 0.458015	
336850	 14735	 0.002441	 -0.003174	 0.152672	
336869	 14736	 -0.015381	 -0.000488	 0.160305	
336887	 14737	 -0.001709	 -0.002197	 -0.007634	
336907	 14738	 0.016357	 -0.020264	 0.122137	
336925	 14739	 0.006348	 -0.006348	 -0.022901	
336944	 14740	 -0.016846	 0.004395	 0.564885	
336963	 14741	 -0.000244	 -0.003662	 -0.244275	
336982	 14742	 0.009033	 -0.006104	 0.091603	
337000	 14743	 0.006592	 0.000732	 0.137405	
337018	 14744	 0.002441	 -0.004883	 0.053435	
337038	 14745	 -0.001221	 -0.007324	 -0.022901	
337056	 14746	 0.002441	 -0.002686	 -0.061069	
337076	 14747	 0.000000	 -0.004639	 0.061069	
337094	 14748	 -0.007324	 -0.000488	 -0.190840	
337113	 14749	 0.007080	 0.005859	 -0.022901	
337132	 14750	 0.003662	 -0.003906	 -0.053435	
337150	 14751	 0.003906	 -0.004883	 0.068702	
337169	 14752	 -0.003662	 -0.000977	 0.045802	
337187	 14753	 -0.006104	 -0.003906	 0.076336	
337207	 14754	 0.000488	 -0.003174	 0.061069	
337225	 14755	 0.004883	 -0.001953	 0.000000	
337244	 14756	 -0.002686	 -0.007324	 -0.122137	
337262	 14757	 -0.000244	 -0.000977	 0.038168	
337282	 14758	 0.002930	 -0.006104	 -0.175573	
337300	 14759	 0.001221	 0.000244	 -0.022901	
337318	 14760	 0.000732	 -0.005371	 -0.076336	
337338	 14761	 0.003906	 0.000732	 0.000000	
337356	 14762	 0.000977	 0.000732	 0.015267	
337375	 14763	 -0.003174	 0.000000	 -0.068702	
337393	 14764	 -0.001465	 -0.005859	 0.030534	
337413	 14765	 0.006348	 -0.001709	 -0.251908	
337431	 14766	 0.005127	 -0.000488	 0.106870	
337449	 14767	 -0.001953	 0.001465	 0.022901	
337468	 14768	 -0.000488	 -0.009521	 0.083969	
337487	 14769	 0.004150	 -0.001465	 -0.038168	
337506	 14770	 0.000488	 -0.005371	 -0.015267	
337524	 14771	 -0.001953	 -0.005127	 -0.076336	
337544	 14772	 0.003906	 -0.007812	 -0.053435	
337562	 14773	 -0.003662	 0.001465	 0.015267	
337581	 14774	 0.005859	 -0.007324	 0.129771	
376553	 16855	 0.002197	 -0.006104	 -0.083969	
376571	 16856	 0.001465	 -0.001709	 0.129771	
376591	 16857	 0.002930	 -0.002441	 -0.045802	
376609	 16858	 0.007080	 -0.004395	 0.030534	
376628	 16859	 0.004395	 -0.002441	 0.083969	
376647	 16860	 -0.002441	 -0.001221	 0.022901	
376666	 16861	 0.003174	 0.000732	 0.160305	
376684	 16862	 0.000000	 -0.002441	 0.053435	
376702	 16863	 0.003174	 -0.005127	 0.053435	
376722	 16864	 -0.000732	 -0.008789	 0.137405	
376740	 16865	 0.004395	 0.003418	 -0.022901	
376759	 16866	 0.002686	 0.000977	 0.106870	
376778	 16867	 0.008057	 0.000244	 -0.053435	
376797	 16868	 0.002441	 -0.001709	 -0.061069	
376815	 16869	 -0.001953	 -0.001465	 -0.076336	
376835	 16870	 0.004150	 -0.000732	 0.083969	
376853	 16871	 0.003906	 0.000977	 -0.068702	
376871	 16872	 0.000977	 -0.000732	 -0.022901	
376890	 16873	 0.001465	 -0.002930	 0.000000	
376909	 16874	 0.008789	 -0.004150	 -0.129771	
376928	 16875	 0.004883	 -0.007812	 0.083969	
376946	 16876	 0.006836	 -0.001465	 -0.030534	
376965	 16877	 0.003174	 -0.000977	 -0.045802	
376984	 16878	 0.001709	 -0.000977	 0.007634	
377003	 16879	 -0.001465	 -0.002441	 -0.137405	
377021	 16880	 -0.001953	 -0.008301	 -0.160305	
377040	 16881	 0.001221	 -0.007080	 0.000000	
377059	 16882	 0.003906	 0.000244	 0.038168	
377077	 16883	 0.008301	 0.000488	 0.106870	
377096	 16884	 0.001709	 0.002930	 -0.061069	
377115	 16885	 0.005859	 -0.002441	 0.068702	
377134	 16886	 0.002441	 -0.000732	 -0.106870	
377152	 16887	 0.004639	 -0.003174	 -0.022901	
377171	 16888	 0.000244	 -0.007812	 0.061069	
377190	 16889	 0.000000	 -0.002197	 0.022901	
377208	 16890	 -0.001709	 -0.010498	 -0.053435	
377227	 16891	 -0.000732	 -0.003906	 0.076336	
377246	 16892	 0.009521	 -0.000244	 -0.320611	
377265	 16893	 0.004639	 -0.007080	 -0.038168	
377283	 16894	 0.001465	 0.003662	 0.015267	
377303	 16895	 0.000244	 -0.000732	 0.030534	
377321	 16896	 0.005371	 -0.009277	 0.022901	
377339	 16897	 0.004883	 -0.005615	 -0.022901	
377359	 16898	 0.001221	 -0.004395	 0.030534	
377377	 16899	 0.004395	 -0.002197	 -0.022901	
377396	 16900	 -0.000488	 0.003906	 0.007634	
377415	 16901	 0.005127	 0.004150	 -0.145038	
377434	 16902	 0.002441	 -0.005859	 -0.030534	
377452	 16903	 -0.002686	 0.005859	 0.053435	
377470	 16904	 0.004395	 -0.005859	 -0.183206	
377490	 16905	 0.004883	 0.005859	 0.099237	
377508	 16906	 0.001221	 -0.001953	 -0.053435	
377527	 16907	 -0.000244	 0.005615	 -0.091603	
377546	 16908	 0.009033	 -0.006348	 0.137405	
377565	 16909	 0.007568	 -0.001709	 -0.045802	
377583	 16910	 0.000488	 0.002197	 -0.061069	
377602	 16911	 0.005615	 -0.003418	 0.068702	
377621	 16912	 0.003174	 0.001953	 0.061069	
377639	 16913	 0.001709	 -0.005371	 -0.045802	
377659	 16914	 0.000488	 -0.004883	 -0.022901	
377677	 16915	 0.007080	 -0.003174	 0.068702	
377696	 16916	 0.003906	 0.000732	 -0.083969	
377715	 16917	 0.008301	 -0.001709	 0.076336	
377734	 16918	 0.002441	 -0.003174	 -0.175573	
377752	 16919	 0.006836	 0.001709	 0.076336	
377772	 16920	 0.003906	 0.000977	 -0.038168	
377790	 16921	 0.002441	 -0.009277	 -0.083969	
377808	 16922	 0.006104	 0.005859	 -0.007634	
377827	 16923	 0.007080	 -0.003174	 -0.122137	
377846	 16924	 0.002197	 0.001709	 0.152672	
377865	 16925	 0.004639	 -0.002930	 0.053435	
377883	 16926	 0.004150	 -0.000977	 -0.091603	
377903	 16927	 0.003906	 -0.005371	 0.083969	
377921	 16928	 0.000977	 -0.000244	 0.038168	
377939	 16929	 -0.003174	 -0.002441	 0.045802	
377958	 16930	 0.004639	 0.002197	 -0.030534	
377977	 16931	 0.001709	 0.000977	 -0.045802	
377996	 16932	 0.001709	 -0.006592	 -0.114504	
378014	 16933	 0.002686	 -0.003906	 0.106870	
378034	 16934	 0.003174	 -0.002686	 0.038168	
378052	 16935	 0.005127	 -0.004150	 -0.091603	
378071	 16936	 0.000488	 -0.003174	 0.015267	
378090	 16937	 0.002441	 -0.000977	 -0.038168	
378108	 16938	 0.001953	 -0.003418	 0.122137	
378127	 16939	 0.001221	 -0.008057	 -0.076336	
378145	 16940	 -0.001953	 -0.003174	 -0.083969	
380375	 17059	 -0.001465	 -0.011475	 0.045802	
380393	 17060	 0.010498	 0.000977	 -0.038168	
380411	 17061	 0.004639	 -0.000732	 0.000000	
380430	 17062	 -0.000488	 0.000488	 -0.145038	
380449	 17063	 0.003174	 -0.006592	 0.145038	
380468	 17064	 0.000488	 -0.002197	 0.045802	
380486	 17065	 0.004395	 -0.002930	 0.030534	
380506	 17066	 -0.000244	 -0.007568	 -0.091603	
380524	 17067	 0.004395	 -0.002930	 0.022901	
380542	 17068	 0.004395	 -0.006592	 -0.038168	
380561	 17069	 -0.003174	 0.001709	 -0.045802	
380599	 17071	 0.005371	 0.004395	 0.022901	
380617	 17072	 -0.001465	 -0.004639	 0.091603	
380637	 17073	 -0.002441	 0.001465	 -0.061069	
380655	 17074	 0.003418	 -0.009766	 -0.122137	
380674	 17075	 0.005615	 -0.001465	 -0.122137	
380693	 17076	 0.006592	 -0.009521	 -0.076336	
380711	 17077	 0.003418	 0.003906	 0.053435	
380730	 17078	 0.000000	 -0.010498	 -0.038168	
380749	 17079	 0.006348	 0.004639	 -0.015267	
380768	 17080	 0.003418	 -0.006836	 -0.114504	
380786	 17081	 0.007324	 0.000488	 -0.091603	
380805	 17082	 -0.002197	 -0.005615	 0.022901	
380824	 17083	 0.006348	 -0.001709	 -0.015267	
380843	 17084	 0.004883	 -0.003662	 0.114504	
380861	 17085	 -0.000977	 -0.007568	 -0.038168	
380880	 17086	 0.006348	 0.000000	 -0.137405	
380899	 17087	 0.005615	 -0.002441	 -0.053435	
380917	 17088	 0.001709	 0.003906	 -0.068702	
380936	 17089	 0.004883	 -0.004883	 -0.244275	
380955	 17090	 0.004639	 -0.001709	 0.099237	
380974	 17091	 0.002441	 -0.005615	 -0.030534	
380992	 17092	 0.001221	 0.000732	 0.022901	
381011	 17093	 0.007080	 -0.008301	 0.091603	
381030	 17094	 0.002441	 -0.002686	 0.045802	
381048	 17095	 -0.002930	 -0.003174	 -0.038168	
381068	 17096	 -0.000732	 0.000244	 0.038168	
381086	 17097	 0.003906	 -0.008057	 0.061069	
381105	 17098	 0.003174	 0.001709	 0.015267	
381123	 17099	 0.003906	 -0.002686	 0.038168	
381143	 17100	 0.003662	 -0.007324	 0.000000	
381161	 17101	 0.001709	 0.007080	 -0.076336	
381179	 17102	 0.011719	 -0.017334	 0.000000	
381198	 17103	 0.001953	 0.007568	 -0.083969	
381217	 17104	 -0.009277	 0.003906	 -0.068702	
381236	 17105	 0.012207	 -0.001465	 0.007634	
381254	 17106	 0.014404	 -0.005371	 0.244275	
381273	 17107	 -0.013184	 0.004150	 -0.076336	
381292	 17108	 -0.002197	 -0.008301	 -0.091603	
381310	 17109	 -0.000732	 -0.002441	 -0.022901	
381329	 17110	 -0.001221	 0.001221	 -0.099237	
381348	 17111	 0.004639	 -0.006592	 -0.145038	
381367	 17112	 0.001953	 -0.000488	 0.129771	
381385	 17113	 0.007812	 0.002930	 -0.038168	
381404	 17114	 0.009277	 -0.002441	 -0.045802	
381423	 17115	 0.000732	 -0.008545	 -0.030534	
381442	 17116	 0.001465	 0.003174	 0.030534	
381460	 17117	 -0.004150	 -0.004150	 -0.114504	
381479	 17118	 0.005127	 -0.000977	 -0.038168	
381498	 17119	 0.007568	 -0.002441	 0.091603	
381516	 17120	 0.003906	 -0.001221	 0.198473	
381535	 17121	 0.009277	 -0.008789	 0.122137	
381554	 17122	 0.002441	 -0.000488	 -0.129771	
381573	 17123	 0.001221	 -0.004639	 -0.007634	
381591	 17124	 -0.000732	 -0.007812	 0.038168	
381611	 17125	 0.011230	 -0.001221	 -0.030534	
381629	 17126	 0.004639	 -0.001709	 0.030534	
381647	 17127	 0.005859	 -0.010498	 -0.083969	
381666	 17128	 -0.003174	 -0.003174	 0.076336	
381685	 17129	 -0.000732	 -0.002930	 -0.030534	
381704	 17130	 0.000488	 -0.002441	 -0.091603	
381722	 17131	 0.003906	 -0.002686	 -0.068702	
381742	 17132	 0.002441	 0.000977	 0.099237	
381760	 17133	 0.004395	 0.000244	 -0.167939	
381778	 17134	 0.002441	 -0.003906	 0.091603	
381798	 17135	 0.001953	 -0.003174	 0.015267	
381816	 17136	 0.003174	 -0.000244	 0.091603	
381835	 17137	 0.001953	 -0.004150	 0.015267	
381853	 17138	 0.001465	 -0.006592	 -0.091603	
381873	 17139	 -0.001709	 0.005127	 0.045802	
381891	 17140	 -0.004639	 -0.007568	 0.061069	
381910	 17141	 0.003174	 0.002441	 0.099237	
381929	 17142	 0.002441	 -0.001465	 0.053435	
381947	 17143	 0.000488	 -0.000244	 -0.106870	
381966	 17144	 0.031738	 0.000000	 0.152672	
381985	 17145	 0.001953	 -0.005371	 -0.076336	
382004	 17146	 -0.000977	 -0.010742	 0.145038	
382022	 17147	 0.000732	 -0.002441	 -0.015267	
382041	 17148	 -0.003174	 -0.004395	 0.015267	
382060	 17149	 0.006592	 0.006592	 0.083969	
382078	 17150	 0.005371	 -0.005127	 0.083969	
382097	 17151	 -0.002197	 -0.000488	 0.000000	
382115	 17152	 0.009521	 -0.002197	 0.129771	
382135	 17153	 0.001465	 -0.005859	 -0.129771	
382153	 17154	 -0.004395	 -0.001465	 0.045802	
382172	 17155	 0.005859	 -0.000244	 0.167939	
382190	 17156	 0.006592	 0.003174	 -0.053435	
382210	 17157	 0.003662	 0.001221	 -0.183206	
382228	 17158	 -0.006104	 -0.005371	 0.083969	
382246	 17159	 0.000244	 -0.000977	 -0.015267	
382266	 17160	 -0.004639	 -0.006348	 -0.091603	
382284	 17161	 0.006592	 -0.000244	 -0.053435	
382303	 17162	 0.008545	 -0.000977	 0.114504	
382322	 17163	 0.001221	 0.001953	 -0.145038	
382341	 17164	 0.004395	 -0.001465	 -0.030534	
382359	 17165	 0.004883	 -0.000732	 0.022901	
382377	 17166	 0.001465	 -0.000488	 0.000000	
382397	 17167	 0.005859	 -0.001953	 0.068702	
382415	 17168	 0.001221	 -0.000732	 -0.068702	
382434	 17169	 0.004639	 -0.002686	 -0.099237	
382452	 17170	 0.000000	 -0.000732	 0.190840	
382472	 17171	 0.002441	 0.004639	 0.045802	
382490	 17172	 0.008545	 -0.000244	 -0.091603	
382509	 17173	 0.003906	 -0.006592	 -0.129771	
382528	 17174	 0.001465	 0.000488	 0.053435	
382546	 17175	 0.004883	 0.001709	 0.061069	
382565	 17176	 0.004883	 -0.000244	 -0.007634	
382583	 17177	 0.004395	 -0.002197	 -0.160305	
382603	 17178	 -0.009766	 -0.008057	 -0.083969	
382621	 17179	 0.001221	 -0.007568	 -0.175573	
382640	 17180	 -0.000488	 0.004639	 0.007634	
382659	 17181	 0.004883	 -0.004395	 0.068702	
382678	 17182	 -0.004395	 0.001709	 0.114504	
382696	 17183	 0.002930	 0.003418	 0.198473	
382715	 17184	 0.001465	 0.000977	 -0.053435	
382734	 17185	 -0.001465	 -0.004395	 -0.038168	
382752	 17186	 0.010254	 -0.009277	 0.175573	
382771	 17187	 0.014893	 0.001465	 0.167939	
382790	 17188	 0.000244	 -0.009277	 0.099237	
384363	 17272	 0.001221	 -0.003174	 0.022901	
384381	 17273	 0.015625	 -0.004395	 0.038168	
384400	 17274	 0.002930	 0.003906	 0.198473	
384419	 17275	 0.002930	 -0.001221	 -0.015267	
384438	 17276	 0.001221	 -0.003418	 -0.122137	
384456	 17277	 0.008789	 -0.005859	 -0.022901	
384475	 17278	 0.004150	 -0.003662	 -0.213740	
384494	 17279	 0.000000	 -0.004395	 -0.099237	
384513	 17280	 0.000000	 -0.009033	 0.106870	
384531	 17281	 0.000488	 -0.002686	 -0.015267	
384549	 17282	 0.000000	 -0.002197	 0.076336	
384569	 17283	 -0.001953	 -0.001709	 0.022901	
384587	 17284	 -0.001465	 -0.005371	 -0.053435	
384606	 17285	 0.002441	 -0.000977	 -0.145038	
384625	 17286	 0.007324	 -0.001221	 -0.022901	
384644	 17287	 0.003174	 0.000977	 0.022901	
384662	 17288	 -0.001221	 -0.004883	 0.167939	
384680	 17289	 0.003174	 0.000732	 0.106870	
384700	 17290	 0.001465	 -0.006592	 -0.061069	
384718	 17291	 0.003174	 0.001953	 -0.091603	
384980	 17305	 0.001953	 -0.008789	 0.038168	
384999	 17306	 0.002197	 -0.006836	 -0.015267	
385018	 17307	 -0.001953	 -0.002930	 -0.099237	
385037	 17308	 0.009766	 0.005859	 -0.114504	
385055	 17309	 0.008545	 -0.012207	 -0.152672	
385075	 17310	 0.000977	 -0.002686	 0.129771	
385093	 17311	 -0.004639	 -0.003418	 -0.022901	
385112	 17312	 -0.001221	 -0.004639	 0.007634	
385130	 17313	 0.006592	 0.001465	 0.083969	
385149	 17314	 -0.002197	 -0.001709	 -0.022901	
385168	 17315	 0.006104	 -0.000244	 0.122137	
385186	 17316	 0.002441	 -0.003906	 -0.007634	
385205	 17317	 0.004883	 -0.001953	 0.045802	
385224	 17318	 0.012695	 0.000732	 -0.022901	
385243	 17319	 -0.001953	 -0.004639	 0.053435	
385261	 17320	 0.004883	 -0.007324	 0.122137	
385281	 17321	 0.003906	 0.002197	 -0.061069	
385299	 17322	 0.012939	 -0.003174	 -0.091603	
385317	 17323	 0.008301	 -0.010742	 -0.007634	
385337	 17324	 -0.007080	 -0.007568	 0.061069	
385355	 17325	 0.003906	 -0.001221	 -0.091603	
385374	 17326	 -0.001465	 -0.004395	 0.167939	
385392	 17327	 0.003662	 -0.000244	 -0.022901	
385412	 17328	 0.000977	 0.003174	 -0.099237	
385430	 17329	 0.004639	 -0.000488	 -0.068702	
385448	 17330	 0.004639	 -0.002197	 0.000000	
385467	 17331	 0.007080	 -0.001221	 0.076336	
385486	 17332	 -0.000732	 -0.000977	 0.038168	
385505	 17333	 0.003418	 -0.006836	 0.030534	
385524	 17334	 0.008301	 -0.000732	 -0.091603	
385543	 17335	 0.005371	 -0.005371	 -0.099237	
385561	 17336	 0.001709	 -0.002197	 0.015267	
385580	 17337	 0.002930	 0.002930	 0.106870	
385599	 17338	 0.002197	 -0.001709	 -0.045802	
385617	 17339	 0.005371	 -0.007568	 -0.099237	
385636	 17340	 -0.006592	 -0.005127	 -0.061069	
385655	 17341	 0.001221	 -0.008301	 0.045802	
385674	 17342	 0.000732	 -0.001953	 0.061069	
385692	 17343	 -0.005859	 -0.003418	 -0.030534	
385711	 17344	 0.004639	 -0.002197	 -0.015267	
385730	 17345	 0.002686	 -0.006348	 -0.015267	
385748	 17346	 0.003418	 -0.004150	 -0.152672	
385767	 17347	 0.006836	 -0.008789	 -0.091603	
385786	 17348	 0.001953	 -0.006348	 0.114504	
385805	 17349	 0.001465	 -0.002441	 -0.053435	
385823	 17350	 0.001221	 -0.004150	 -0.106870	
385843	 17351	 0.000000	 -0.005859	 0.061069	
385861	 17352	 0.002930	 -0.001709	 0.000000	
385880	 17353	 0.000488	 0.002686	 0.015267	
385898	 17354	 0.004150	 -0.004150	 -0.137405	
385917	 17355	 0.006104	 -0.002197	 0.015267	
385936	 17356	 0.002197	 -0.005371	 0.091603	
385954	 17357	 0.006348	 -0.007324	 0.000000	
385973	 17358	 0.000000	 -0.008789	 0.229008	
385992	 17359	 0.005615	 0.000488	 0.015267	
386011	 17360	 0.002441	 -0.000732	 0.137405	
386029	 17361	 0.000244	 0.004639	 0.137405	
386048	 17362	 -0.003906	 0.000977	 -0.145038	
386067	 17363	 0.004883	 0.000000	 -0.091603	
386085	 17364	 -0.000732	 -0.000488	 -0.122137	
386104	 17365	 0.003662	 -0.004395	 -0.068702	
386122	 17366	 0.007080	 -0.010254	 0.099237	
386142	 17367	 0.011475	 -0.000732	 0.053435	
386160	 17368	 0.001465	 -0.004395	 -0.114504	
386179	 17369	 -0.003662	 0.000732	 0.099237	
386198	 17370	 0.001709	 0.000488	 0.007634	
386216	 17371	 -0.011230	 0.002441	 -0.099237	
386235	 17372	 0.003174	 -0.002686	 0.122137	
386254	 17373	 0.004395	 0.000977	 -0.099237	
386273	 17374	 0.002686	 -0.003418	 -0.145038	
386291	 17375	 0.012451	 -0.000732	 0.129771	
386310	 17376	 -0.002197	 0.000244	 0.022901	
386329	 17377	 -0.002686	 -0.004395	 0.152672	
386348	 17378	 0.001709	 0.004395	 -0.106870	
386366	 17379	 -0.005127	 -0.001465	 -0.099237	
386385	 17380	 0.001953	 -0.003418	 0.137405	
386404	 17381	 0.000732	 -0.001709	 0.007634	
386422	 17382	 -0.002686	 -0.001709	 -0.167939	
386442	 17383	 0.003418	 -0.001465	 0.015267	
386460	 17384	 0.002197	 -0.005615	 -0.068702	
386479	 17385	 0.003174	 -0.003662	 -0.068702	
386497	 17386	 0.004150	 0.002441	 0.038168	
386516	 17387	 0.002197	 -0.004395	 -0.022901	
386535	 17388	 0.006836	 -0.006592	 -0.091603	
386553	 17389	 0.006104	 -0.003418	 -0.045802	
386573	 17390	 0.005615	 -0.001465	 -0.122137	
386591	 17391	 0.004150	 -0.001953	 0.083969	
386610	 17392	 0.001221	 -0.001709	 0.022901	
386628	 17393	 0.003174	 -0.000732	 -0.122137	
386648	 17394	 0.002441	 -0.000244	 0.000000	
386666	 17395	 0.011230	 -0.003174	 0.030534	
386684	 17396	 -0.003418	 -0.001221	 0.030534	
386703	 17397	 0.009277	 0.003662	 0.022901	
386722	 17398	 0.004883	 -0.003662	 0.015267	
386741	 17399	 0.002441	 -0.001465	 -0.099237	
386759	 17400	 0.004395	 0.000977	 -0.007634	
386779	 17401	 0.002441	 -0.002686	 0.122137	
386797	 17402	 0.001953	 0.003174	 0.053435	
386816	 17403	 0.000977	 -0.005859	 -0.137405	
386835	 17404	 0.000000	 -0.002441	 -0.122137	
386853	 17405	 -0.001465	 -0.007080	 -0.038168	
386872	 17406	 0.002441	 0.001953	 -0.122137	
386890	 17407	 0.005127	 -0.005127	 0.106870	
386910	 17408	 0.006836	 -0.003662	 0.030534	
386928	 17409	 0.003662	 0.000977	 -0.053435	
386947	 17410	 -0.000732	 -0.007812	 0.251908	
386966	 17411	 0.002441	 -0.007812	 0.083969	
386984	 17412	 0.014160	 -0.002197	 0.000000	
387003	 17413	 0.009277	 -0.003662	 -0.198473	
387021	 17414	 0.000488	 -0.003174	 -0.076336	
388371	 17486	 -0.175781	 0.018066	 0.099237	
388389	 17487	 0.216797	 0.094971	 1.625954	
388408	 17488	 0.249268	 0.041504	 -1.656489	
388427	 17489	 -0.063965	 -0.082275	 0.679389	
388446	 17490	 -0.043213	 -0.105713	 -0.603053	
388464	 17491	 0.348877	 -0.052979	 -1.152672	
388484	 17492	 0.019775	 -0.040527	 4.603054	
388502	 17493	 0.115967	 -0.320557	 -1.099237	
388520	 17494	 -0.167969	 0.048584	 3.030534	
388539	 17495	 -0.019287	 0.054688	 -0.083969	
388558	 17496	 0.185059	 -0.666992	 3.053435	
388577	 17497	 0.277100	 0.294922	 2.030534	
388595	 17498	 0.025391	 -0.091797	 3.137405	
388615	 17499	 0.338867	 0.081299	 3.175573	
388633	 17500	 0.130127	 -0.511719	 -2.832061	
388652	 17501	 -0.073730	 0.325684	 0.305344	
388671	 17502	 0.188232	 0.104980	 -0.977099	
388689	 17503	 0.109619	 -0.038818	 5.954198	
388708	 17504	 0.101807	 -0.067627	 0.221374	
388726	 17505	 -0.425537	 -0.258789	 0.435115	
388746	 17506	 0.022217	 -0.186279	 -5.259542	
389270	 17534	 -1.197754	 -0.728027	 3.183206	
389288	 17535	 0.551270	 0.507568	 1.770992	
389308	 17536	 -0.580811	 0.183838	 -2.045802	
389326	 17537	 0.437744	 0.421631	 9.694656	
389345	 17538	 0.427246	 0.226562	 2.114504	
389364	 17539	 0.328613	 0.210449	 5.519084	
389383	 17540	 -0.408203	 -0.067383	 -3.198473	
389401	 17541	 0.230225	 0.317383	 3.366412	
389588	 17551	 0.009277	 -0.076660	 -29.381680	
389607	 17552	 -0.156494	 -0.303467	 -26.740458	
389626	 17553	 -0.209473	 -0.146240	 -28.389313	
389645	 17554	 0.105225	 -0.389893	 -32.106869	
389663	 17555	 -0.560303	 -0.631836	 -50.427483	
389683	 17556	 -0.311035	 -0.415527	 -49.045803	
389701	 17557	 -0.304199	 -0.191162	 -47.297710	
389720	 17558	 0.253174	 0.259277	 -39.106869	
389738	 17559	 -0.317383	 -0.047363	 -35.381680	
389757	 17560	 0.523438	 -0.003418	 -42.198475	
389776	 17561	 -0.123047	 0.151611	 -31.351145	
389794	 17562	 0.123779	 0.218994	 -38.412212	
389814	 17563	 0.051758	 -0.300781	 -40.519085	
389832	 17564	 -0.207031	 -0.077637	 -47.099236	
389851	 17565	 0.847900	 0.270996	 -40.870228	
389870	 17566	 0.335205	 -0.555420	 -41.190838	
389889	 17567	 0.070801	 0.233887	 -55.786259	
389907	 17568	 0.035645	 -0.053955	 -41.648853	
389925	 17569	 0.180908	 0.396729	 -23.832062	
389945	 17570	 0.028076	 0.411865	 -5.076336	
389963	 17571	 -0.281250	 -0.457520	 -21.145039	
389982	 17572	 0.140137	 0.161133	 -17.900763	
390001	 17573	 0.069824	 0.084229	 -23.778625	
390020	 17574	 0.022461	 -0.322754	 -25.488550	
390038	 17575	 0.062744	 0.225586	 -28.824427	
390057	 17576	 -0.132080	 -0.053955	 -25.419847	
390076	 17577	 -0.063965	 -0.228516	 -28.351145	
390094	 17578	 0.193848	 0.676270	 -18.152672	
390114	 17579	 -0.412109	 0.054688	 -21.022902	
390132	 17580	 0.049805	 0.480957	 3.015267	
390151	 17581	 0.177490	 -0.184082	 -3.122137	
390169	 17582	 0.265625	 0.086426	 -4.465649	
390189	 17583	 0.375000	 0.018799	 -4.091603	
390207	 17584	 -0.214844	 -0.529053	 -5.595420	
390225	 17585	 0.112793	 -0.034668	 -9.908397	
390245	 17586	 -0.303711	 -0.135498	 -22.412214	
390263	 17587	 0.041260	 -0.023438	 -29.656488	
390282	 17588	 0.475098	 0.129639	 -21.992367	
390300	 17589	 0.154053	 0.192871	 -21.961832	
390320	 17590	 0.215088	 -0.157959	 -17.961832	
390338	 17591	 0.327637	 0.223877	 -11.671756	
391126	 17633	 -0.129639	 0.198730	 -52.267174	
391144	 17634	 0.374512	 -0.116211	 -45.541985	
391162	 17635	 -0.072266	 -0.001953	 -39.389313	
391181	 17636	 -0.122803	 0.046387	 -19.809160	
391200	 17637	 -0.066162	 0.231934	 -21.076336	
391219	 17638	 -0.355225	 -0.304688	 -22.740458	
391237	 17639	 0.007080	 -0.246094	 -26.916031	
391257	 17640	 -0.073730	 -0.195801	 -29.641222	
391275	 17641	 0.002686	 -0.041260	 -40.091602	
391293	 17642	 0.167969	 -0.406250	 -45.862595	
391444	 17650	 -0.163818	 -0.212646	 -7.442748	
391462	 17651	 -0.257324	 0.238037	 -23.916031	
391481	 17652	 -0.278076	 -0.458008	 -13.534351	
391499	 17653	 -0.051270	 -0.172852	 -14.427481	
391519	 17654	 0.039307	 -0.235352	 -25.190840	
391537	 17655	 -0.068115	 -0.423096	 -38.183205	
391556	 17656	 -0.350830	 0.189941	 -32.053436	
391575	 17657	 0.081055	 -0.155518	 -31.923664	
391593	 17658	 -0.069580	 0.070557	 -25.946566	
391612	 17659	 -0.117432	 0.103027	 -26.114504	
391630	 17660	 0.078613	 0.244385	 -17.534351	
391650	 17661	 -0.054688	 0.389404	 -9.916031	
391668	 17662	 0.060791	 -0.181152	 -2.091603	
391687	 17663	 -0.039551	 -0.096924	 -2.183206	
391706	 17664	 -0.722412	 0.186035	 0.404580	
391725	 17665	 -0.071777	 0.261719	 -1.870229	
391743	 17666	 -0.098145	 0.278320	 -7.427481	
391761	 17667	 -0.354248	 -0.115723	 -14.145039	
391781	 17668	 -0.471924	 -0.183594	 -28.061069	
391799	 17669	 -0.102783	 0.200684	 -26.961832	
391818	 17670	 0.017090	 -0.257324	 -34.664124	
391837	 17671	 0.142334	 -0.163086	 -44.916031	
391856	 17672	 -0.051514	 0.116211	 -38.671757	
391874	 17673	 0.014648	 -0.250244	 -46.816795	
391894	 17674	 -0.075439	 0.134521	 -42.305344	
391912	 17675	 -0.108154	 -0.345703	 -43.839695	
391930	 17676	 0.188232	 0.303223	 -35.175571	
391949	 17677	 0.007812	 -0.096191	 -43.648853	
391968	 17678	 0.148682	 -0.131836	 -40.343510	
391987	 17679	 0.425293	 0.049072	 -37.801525	
392361	 17699	 0.031494	 -0.022217	 -52.297710	
392380	 17700	 -0.250244	 -0.418945	 -50.419846	
392398	 17701	 0.161865	 -0.175537	 -59.969467	
392418	 17702	 0.126953	 0.288330	 -48.732826	
392436	 17703	 0.010254	 -0.012939	 -45.549618	
392455	 17704	 0.136963	 -0.130127	 -41.374046	
392474	 17705	 0.250732	 0.585693	 -37.625954	
392493	 17706	 0.171875	 0.054199	 -19.526718	
392511	 17707	 -0.125000	 0.013184	 -9.320611	
392529	 17708	 0.528320	 -0.054199	 -10.000000	
392549	 17709	 -0.249512	 -0.003662	 -4.442748	
392567	 17710	 -0.312256	 -0.077637	 -5.732824	
392586	 17711	 -0.549072	 -0.240723	 -1.854962	
392605	 17712	 0.074463	 0.297852	 0.755725	
392624	 17713	 -0.447754	 -0.104980	 -6.709924	
392642	 17714	 -0.524902	 -0.024414	 -2.809160	
392662	 17715	 -0.340088	 -0.134521	 -14.435115	
392680	 17716	 -0.125488	 -0.382080	 -19.381680	
392698	 17717	 -0.170410	 -0.207764	 -24.893129	
392717	 17718	 -0.183105	 -0.188477	 -35.603054	
392736	 17719	 -0.201660	 -0.274170	 -45.343510	
392755	 17720	 0.073242	 0.065430	 -49.442749	
392773	 17721	 0.168945	 -0.048340	 -52.244274	
392793	 17722	 -0.201904	 0.080811	 -47.977100	
392811	 17723	 0.060059	 0.071045	 -49.671757	
392829	 17724	 0.363281	 -0.133545	 -50.778625	
392849	 17725	 0.722900	 0.555176	 -30.435114	
392867	 17726	 -0.047119	 0.236084	 -27.000000	
392886	 17727	 -0.212158	 -0.112305	 -17.496183	
392904	 17728	 0.020020	 0.625488	 -5.709924	
392924	 17729	 0.081787	 -0.374023	 -8.473283	
392942	 17730	 -0.355225	 0.307373	 -0.763359	
392961	 17731	 0.226807	 0.369873	 -4.343512	
392980	 17732	 -0.211182	 -0.153809	 -6.839694	
392998	 17733	 -0.074707	 0.151855	 3.198473	
393017	 17734	 0.365723	 -0.085449	 -3.755725	
393035	 17735	 0.181641	 0.059570	 -0.900763	
393055	 17736	 -0.203857	 -0.151855	 -8.870229	
393073	 17737	 0.122803	 0.140625	 -3.251908	
393092	 17738	 0.143799	 -0.547852	 -5.137404	
393111	 17739	 0.098633	 -0.010742	 0.290076	
393129	 17740	 -0.053223	 -0.277100	 -0.305344	
393148	 17741	 0.054443	 0.228027	 -2.641221	
393167	 17742	 0.039062	 -0.375977	 -1.068702	
393186	 17743	 0.217529	 -0.051025	 0.717557	
393204	 17744	 0.080322	 0.329590	 -1.351145	
393223	 17745	 -0.168945	 -0.238037	 -0.412214	
393242	 17746	 -0.171387	 0.072998	 -1.854962	
393261	 17747	 0.211182	 0.023926	 1.068702	
393279	 17748	 -0.373047	 0.375977	 -4.854962	
393298	 17749	 0.083252	 -0.184814	 -10.862596	
393317	 17750	 0.381836	 0.043213	 -4.122138	
393335	 17751	 0.256348	 -0.135986	 -6.137404	
393355	 17752	 0.424561	 -0.050537	 -2.068702	
393373	 17753	 0.062744	 -0.116455	 1.656489	
393392	 17754	 0.499023	 -0.013672	 3.259542	
