210874	 8008	 0.098633	 0.065430	 1.244275	
210892	 8009	 0.002686	 -0.026123	 -1.320611	
210911	 8010	 0.090820	 0.085449	 -1.351145	
210929	 8011	 0.050537	 -0.025635	 0.824427	
210949	 8012	 -0.041260	 -0.022705	 -2.854962	
210967	 8013	 0.028809	 0.069580	 -1.664122	
210985	 8014	 -0.062256	 -0.044189	 -1.114504	
211005	 8015	 -0.009033	 0.063232	 -1.381679	
211023	 8016	 0.070557	 -0.009766	 -2.114504	
211042	 8017	 0.028320	 0.014160	 0.351145	
211060	 8018	 -0.062500	 -0.051025	 -0.725191	
211080	 8019	 -0.042480	 0.067627	 -2.274809	
211098	 8020	 -0.101318	 0.088379	 0.404580	
211117	 8021	 -0.107910	 0.012451	 -0.473282	
211136	 8022	 -0.155762	 0.007324	 -2.450382	
211154	 8023	 -0.201172	 0.023682	 -1.114504	
211173	 8024	 -0.306152	 -0.008789	 -0.366412	
211191	 8025	 -0.168213	 0.008545	 -0.221374	
211211	 8026	 -0.000244	 0.029541	 0.297710	
211229	 8027	 -0.066406	 -0.002686	 -0.137405	
211248	 8028	 -0.033203	 -0.005127	 0.229008	
211266	 8029	 0.028320	 0.023926	 -0.198473	
211286	 8030	 0.025146	 -0.003906	 0.114504	
211304	 8031	 -0.015869	 0.001465	 -0.320611	
211322	 8032	 0.002686	 0.021484	 0.152672	
211342	 8033	 0.018311	 0.008057	 0.053435	
211360	 8034	 -0.004395	 -0.008789	 -0.145038	
211379	 8035	 -0.004150	 0.013428	 0.145038	
211398	 8036	 0.008057	 0.002930	 0.083969	
211417	 8037	 0.000244	 -0.001465	 0.045802	
211435	 8038	 -0.005615	 0.004883	 0.083969	
211453	 8039	 0.005371	 0.002930	 0.022901	
211473	 8040	 0.013428	 0.003418	 0.129771	
211491	 8041	 0.004639	 0.011475	 0.045802	
211510	 8042	 0.008057	 0.001953	 0.007634	
212970	 8120	 0.003174	 0.000244	 -0.007634	
212989	 8121	 0.004395	 0.002441	 0.045802	
213008	 8122	 0.005371	 0.007812	 0.045802	
213026	 8123	 0.004150	 -0.002930	 0.000000	
213045	 8124	 0.004395	 0.003174	 0.015267	
213063	 8125	 -0.004639	 0.008057	 -0.068702	
213083	 8126	 0.002197	 -0.001221	 0.183206	
213101	 8127	 0.005127	 0.007080	 0.083969	
213120	 8128	 0.000732	 0.001221	 0.083969	
213139	 8129	 0.004639	 -0.007812	 0.053435	
213157	 8130	 0.010254	 0.008301	 0.022901	
213176	 8131	 -0.000244	 0.000977	 0.022901	
213195	 8132	 -0.001221	 0.003662	 0.236641	
213214	 8133	 0.008545	 0.002686	 0.076336	
213232	 8134	 -0.000732	 0.001953	 0.022901	
213251	 8135	 0.001709	 0.002930	 -0.068702	
213270	 8136	 0.000244	 -0.000244	 -0.083969	
213288	 8137	 0.010742	 0.001709	 -0.038168	
213307	 8138	 0.006104	 0.000732	 0.022901	
213326	 8139	 0.002441	 0.005371	 0.129771	
213345	 8140	 0.002686	 0.000244	 -0.137405	
213363	 8141	 0.004883	 0.003662	 0.114504	
213383	 8142	 -0.001709	 0.007568	 0.053435	
213401	 8143	 -0.005127	 -0.004883	 -0.106870	
213420	 8144	 -0.002930	 0.002930	 0.183206	
213438	 8145	 0.005859	 0.005127	 -0.114504	
213457	 8146	 0.009277	 -0.001465	 0.083969	
213476	 8147	 0.005371	 0.000244	 -0.015267	
213494	 8148	 0.003174	 0.003906	 -0.099237	
213514	 8149	 -0.000732	 0.005371	 0.061069	
213532	 8150	 -0.001221	 0.000732	 0.022901	
213551	 8151	 0.000732	 0.006348	 -0.045802	
213569	 8152	 0.002197	 -0.001953	 -0.007634	
213588	 8153	 0.006592	 0.004150	 -0.091603	
213607	 8154	 0.001221	 0.004639	 0.038168	
213625	 8155	 0.007324	 -0.003662	 -0.061069	
213645	 8156	 0.004150	 0.006836	 -0.068702	
213663	 8157	 0.004395	 -0.001221	 -0.145038	
213682	 8158	 -0.001221	 0.004395	 -0.091603	
213700	 8159	 0.008545	 -0.000244	 -0.038168	
213720	 8160	 -0.001465	 0.004395	 0.022901	
213738	 8161	 0.002930	 -0.001953	 -0.183206	
213756	 8162	 0.000977	 0.004395	 -0.030534	
213775	 8163	 0.002686	 0.001465	 0.099237	
213794	 8164	 -0.007080	 0.003174	 -0.022901	
213813	 8165	 0.003906	 0.007080	 0.129771	
213831	 8166	 0.000488	 0.000977	 0.015267	
213851	 8167	 -0.000244	 0.001221	 -0.045802	
213869	 8168	 0.000732	 -0.003418	 -0.045802	
213888	 8169	 -0.001221	 0.008301	 0.083969	
213907	 8170	 0.005859	 0.003906	 0.007634	
213925	 8171	 0.010254	 -0.004395	 0.007634	
213944	 8172	 0.000488	 0.009033	 0.038168	
213962	 8173	 0.005859	 0.009033	 0.068702	
213982	 8174	 0.003418	 0.005127	 0.137405	
214000	 8175	 0.009521	 0.004150	 -0.022901	
214019	 8176	 0.004395	 0.007568	 0.030534	
214038	 8177	 0.002197	 0.004883	 -0.007634	
214056	 8178	 0.001953	 0.001709	 0.015267	
214075	 8179	 0.004639	 0.001953	 -0.015267	
214093	 8180	 0.000977	 0.008301	 0.007634	
214113	 8181	 0.008301	 0.003174	 0.015267	
214131	 8182	 -0.003174	 -0.000244	 -0.015267	
214150	 8183	 -0.000244	 0.006104	 0.206107	
214169	 8184	 0.002441	 -0.003662	 0.022901	
214188	 8185	 0.003418	 0.004395	 -0.015267	
214206	 8186	 0.002441	 0.005127	 -0.045802	
214225	 8187	 0.004395	 0.002930	 0.000000	
214244	 8188	 0.009277	 -0.000488	 -0.053435	
214262	 8189	 0.004883	 0.003418	 0.022901	
214281	 8190	 0.007324	 0.003418	 -0.030534	
214300	 8191	 0.007568	 0.002441	 -0.122137	
214319	 8192	 -0.004150	 0.003662	 0.083969	
214337	 8193	 0.000000	 -0.000977	 0.076336	
214356	 8194	 0.001221	 0.005127	 -0.145038	
214375	 8195	 -0.000488	 0.001465	 -0.053435	
214393	 8196	 0.006104	 0.009521	 -0.152672	
214412	 8197	 0.002686	 0.011719	 0.099237	
214431	 8198	 0.006836	 0.008057	 -0.045802	
214450	 8199	 -0.008057	 -0.000977	 -0.015267	
214468	 8200	 0.006592	 0.005615	 0.183206	
214488	 8201	 0.001953	 0.000488	 0.022901	
214506	 8202	 0.004395	 -0.000732	 0.091603	
214524	 8203	 0.004639	 0.003906	 0.145038	
214544	 8204	 0.004639	 0.001709	 -0.053435	
214562	 8205	 0.004639	 0.005127	 0.190840	
214656	 8210	 0.009033	 0.002686	 0.030534	
214674	 8211	 0.004150	 0.001465	 -0.007634	
214693	 8212	 0.006348	 0.004395	 -0.007634	
214712	 8213	 0.002441	 -0.000488	 0.030534	
214730	 8214	 -0.000488	 -0.002441	 0.015267	
214750	 8215	 -0.000488	 -0.002441	 -0.038168	
214768	 8216	 0.009521	 0.000244	 -0.091603	
214787	 8217	 0.002197	 0.000244	 0.007634	
214806	 8218	 0.001221	 0.005371	 -0.152672	
214824	 8219	 0.003174	 0.008789	 -0.030534	
214843	 8220	 -0.003174	 0.001465	 -0.061069	
214861	 8221	 0.005859	 0.001465	 0.045802	
214881	 8222	 0.003662	 0.001709	 0.145038	
214899	 8223	 0.003174	 0.000000	 0.152672	
214918	 8224	 0.001465	 0.006104	 0.068702	
214937	 8225	 0.003174	 0.006348	 -0.213740	
214956	 8226	 0.001465	 0.002686	 0.083969	
214974	 8227	 -0.001465	 0.002197	 -0.099237	
214993	 8228	 0.003662	 0.001465	 -0.061069	
215012	 8229	 0.002441	 0.004395	 0.000000	
215030	 8230	 0.003662	 0.000732	 0.083969	
215049	 8231	 0.007324	 -0.001465	 0.000000	
215067	 8232	 0.004883	 0.003174	 0.076336	
215087	 8233	 0.003418	 0.004150	 0.114504	
215105	 8234	 0.001465	 0.005615	 0.061069	
215123	 8235	 -0.001953	 0.004395	 0.099237	
215143	 8236	 0.006104	 0.004883	 0.167939	
215161	 8237	 0.002686	 0.000244	 -0.091603	
215180	 8238	 0.008301	 0.004639	 -0.007634	
215199	 8239	 0.001221	 0.000000	 0.015267	
215218	 8240	 0.006348	 0.005371	 0.114504	
215236	 8241	 -0.002197	 0.003174	 0.045802	
215255	 8242	 0.006348	 0.000244	 -0.022901	
215274	 8243	 0.011963	 0.002441	 -0.053435	
215292	 8244	 -0.001465	 0.000000	 -0.114504	
215311	 8245	 0.005127	 0.004883	 -0.022901	
215330	 8246	 -0.000244	 0.003174	 0.007634	
215349	 8247	 0.001709	 -0.000244	 -0.038168	
215367	 8248	 -0.003906	 -0.002441	 0.000000	
215386	 8249	 0.001953	 0.000488	 -0.061069	
215405	 8250	 0.010010	 0.003662	 -0.099237	
215424	 8251	 0.006592	 0.000977	 0.091603	
215442	 8252	 0.001709	 0.007812	 -0.114504	
215461	 8253	 0.003174	 0.001221	 -0.030534	
215480	 8254	 0.002930	 0.003906	 -0.045802	
215498	 8255	 -0.001465	 -0.005371	 0.160305	
215517	 8256	 -0.004395	 0.008301	 -0.038168	
215536	 8257	 0.004883	 0.001709	 -0.038168	
215555	 8258	 0.004150	 0.005859	 0.015267	
215573	 8259	 0.002930	 0.004639	 -0.022901	
215592	 8260	 -0.002930	 -0.002441	 0.038168	
215611	 8261	 0.000732	 0.002930	 -0.160305	
215629	 8262	 -0.000244	 0.000732	 0.022901	
215649	 8263	 0.006836	 0.005615	 0.007634	
215667	 8264	 0.000488	 0.000977	 0.038168	
215686	 8265	 0.006104	 -0.005127	 -0.007634	
215704	 8266	 0.006348	 0.004150	 0.022901	
215724	 8267	 -0.003174	 0.003418	 -0.076336	
215742	 8268	 0.003906	 0.003662	 -0.145038	
215760	 8269	 0.003662	 0.009766	 -0.022901	
215779	 8270	 0.001465	 0.000977	 0.038168	
215798	 8271	 0.003906	 0.007080	 0.000000	
215817	 8272	 0.007568	 0.001709	 0.061069	
215835	 8273	 0.000244	 0.003174	 0.022901	
215854	 8274	 0.008545	 0.006836	 -0.015267	
215873	 8275	 0.008301	 0.004883	 -0.083969	
215891	 8276	 0.007324	 -0.000488	 -0.145038	
215910	 8277	 0.008057	 0.004150	 -0.053435	
215929	 8278	 0.003174	 0.008789	 0.015267	
215948	 8279	 0.000244	 0.005371	 -0.007634	
215966	 8280	 0.005127	 0.003662	 0.000000	
215985	 8281	 -0.003662	 0.002686	 -0.061069	
216003	 8282	 -0.001221	 -0.002686	 -0.022901	
216023	 8283	 0.009033	 0.004639	 0.061069	
216041	 8284	 0.003906	 -0.000977	 -0.106870	
216059	 8285	 0.003906	 0.004639	 -0.061069	
216079	 8286	 0.002930	 0.003662	 -0.068702	
216097	 8287	 0.001953	 0.002930	 -0.091603	
216116	 8288	 0.000244	 0.007324	 -0.068702	
216135	 8289	 0.006104	 0.002197	 0.015267	
216154	 8290	 0.000000	 0.000732	 -0.007634	
216172	 8291	 0.001465	 0.007812	 0.106870	
216190	 8292	 0.000488	 -0.004150	 0.114504	
216210	 8293	 0.006836	 0.012207	 -0.030534	
216228	 8294	 -0.001221	 -0.000977	 0.015267	
216247	 8295	 0.008057	 -0.001709	 -0.015267	
216266	 8296	 0.000732	 0.002197	 -0.091603	
216285	 8297	 0.001953	 0.000488	 -0.030534	
216303	 8298	 0.008057	 0.011963	 0.061069	
216323	 8299	 0.002686	 0.002197	 -0.015267	
216341	 8300	 0.001465	 0.004883	 0.122137	
216359	 8301	 0.007568	 0.003174	 0.106870	
216378	 8302	 0.001221	 0.005859	 -0.099237	
216397	 8303	 0.006592	 0.003418	 -0.091603	
216416	 8304	 0.001709	 0.003174	 -0.083969	
216434	 8305	 0.000732	 0.003174	 -0.137405	
216453	 8306	 -0.000244	 0.003662	 -0.083969	
216472	 8307	 0.003906	 0.004883	 -0.175573	
216491	 8308	 0.001709	 0.005615	 -0.076336	
216509	 8309	 0.000977	 0.004883	 0.053435	
216528	 8310	 0.003906	 0.006836	 0.030534	
216547	 8311	 -0.002197	 0.003418	 -0.015267	
216565	 8312	 -0.001465	 0.002930	 0.022901	
216585	 8313	 0.000488	 0.004395	 0.007634	
216603	 8314	 -0.000244	 0.003174	 -0.091603	
216622	 8315	 0.005859	 0.006348	 0.076336	
216640	 8316	 0.006348	 0.007080	 -0.106870	
216659	 8317	 0.002930	 0.000488	 -0.007634	
216678	 8318	 0.006836	 0.007568	 -0.061069	
216696	 8319	 0.003906	 0.010986	 -0.022901	
216715	 8320	 0.007080	 0.011475	 0.068702	
216734	 8321	 0.004395	 0.003418	 -0.007634	
216753	 8322	 0.002930	 -0.000732	 -0.045802	
216771	 8323	 0.000732	 -0.001221	 -0.137405	
216791	 8324	 0.005859	 0.001221	 -0.099237	
216809	 8325	 0.005127	 0.005615	 0.000000	
216827	 8326	 0.003906	 0.007080	 -0.068702	
216846	 8327	 0.011719	 0.001465	 -0.038168	
216865	 8328	 -0.000732	 0.000977	 -0.099237	
216884	 8329	 0.006592	 0.003662	 0.007634	
216902	 8330	 0.005371	 0.004883	 -0.061069	
216921	 8331	 0.005127	 0.006348	 0.015267	
216940	 8332	 0.003174	 0.007080	 -0.015267	
216958	 8333	 0.004883	 0.006348	 -0.053435	
216977	 8334	 0.000244	 -0.001709	 -0.007634	
216996	 8335	 0.000000	 0.009033	 0.083969	
217015	 8336	 0.002686	 0.001465	 0.045802	
217033	 8337	 0.004639	 0.006836	 0.007634	
217052	 8338	 -0.000488	 0.000488	 -0.038168	
217071	 8339	 0.007324	 -0.000488	 -0.061069	
217090	 8340	 0.000000	 0.003418	 -0.183206	
217108	 8341	 0.001221	 -0.000488	 -0.007634	
217126	 8342	 -0.002686	 0.003418	 0.007634	
217146	 8343	 0.005127	 -0.005127	 -0.015267	
217164	 8344	 0.005127	 0.004639	 -0.122137	
217183	 8345	 -0.001953	 0.002930	 0.076336	
217202	 8346	 0.001953	 0.005859	 0.045802	
217221	 8347	 0.003174	 0.001953	 0.030534	
217239	 8348	 0.004395	 0.008057	 -0.076336	
217257	 8349	 0.002197	 0.000244	 -0.007634	
217277	 8350	 0.000977	 0.003418	 -0.038168	
217295	 8351	 0.005615	 0.000000	 -0.083969	
217314	 8352	 0.003418	 -0.001465	 -0.076336	
217332	 8353	 0.009521	 0.002686	 0.122137	
217352	 8354	 -0.002197	 0.007080	 -0.145038	
217370	 8355	 0.004150	 0.004883	 0.114504	
217389	 8356	 -0.004395	 0.000000	 -0.091603	
217408	 8357	 0.001709	 0.002441	 0.053435	
217426	 8358	 0.008057	 0.005615	 -0.091603	
217445	 8359	 0.004639	 0.003174	 -0.015267	
217463	 8360	 0.001221	 0.001953	 -0.068702	
217483	 8361	 0.000488	 0.005615	 -0.175573	
217501	 8362	 0.004639	 0.001221	 0.015267	
217520	 8363	 0.005859	 0.001953	 0.106870	
217539	 8364	 -0.000977	 -0.001465	 -0.068702	
217558	 8365	 -0.000244	 0.005615	 0.015267	
217576	 8366	 0.002441	 0.004395	 0.076336	
217595	 8367	 -0.002686	 0.006592	 0.045802	
217614	 8368	 -0.001465	 0.004639	 -0.083969	
217632	 8369	 0.003662	 0.000977	 0.022901	
217651	 8370	 0.005615	 -0.003906	 -0.007634	
217669	 8371	 0.001953	 0.003906	 0.068702	
217689	 8372	 0.006592	 0.004639	 -0.076336	
217707	 8373	 0.001953	 -0.001709	 0.091603	
217725	 8374	 0.006348	 0.007568	 0.030534	
217744	 8375	 0.001221	 -0.001221	 0.015267	
217763	 8376	 0.003906	 0.005859	 0.038168	
217782	 8377	 0.003174	 0.001465	 -0.076336	
217800	 8378	 -0.005615	 0.004395	 -0.015267	
217820	 8379	 0.001221	 0.006836	 -0.122137	
217838	 8380	 0.007324	 0.006104	 -0.053435	
217857	 8381	 0.000000	 0.004395	 -0.038168	
217876	 8382	 -0.001465	 0.006104	 0.160305	
217894	 8383	 0.004883	 -0.000488	 -0.068702	
217913	 8384	 0.003174	 0.002197	 0.045802	
217932	 8385	 0.000732	 0.006592	 -0.091603	
217951	 8386	 0.000244	 -0.004150	 -0.122137	
217969	 8387	 0.005859	 0.002197	 0.106870	
217989	 8388	 -0.002686	 0.002197	 -0.129771	
218007	 8389	 0.004639	 0.002686	 0.022901	
218025	 8390	 0.002930	 0.003662	 0.053435	
218044	 8391	 -0.004395	 0.003174	 -0.022901	
218063	 8392	 0.005371	 0.005859	 -0.091603	
218082	 8393	 0.004150	 0.003662	 -0.030534	
218100	 8394	 0.005859	 -0.004639	 -0.114504	
218120	 8395	 0.006348	 0.006104	 -0.045802	
218138	 8396	 0.003174	 0.000244	 -0.061069	
218157	 8397	 0.009521	 0.007324	 -0.129771	
218175	 8398	 0.003418	 -0.002686	 0.167939	
218194	 8399	 0.002197	 0.006592	 -0.091603	
218213	 8400	 0.006104	 -0.000977	 0.076336	
218231	 8401	 0.004150	 0.006348	 -0.022901	
218326	 8406	 0.005371	 0.011475	 -0.068702	
218344	 8407	 0.002197	 0.004639	 -0.038168	
218362	 8408	 -0.003662	 0.009521	 -0.068702	
218382	 8409	 0.001953	 -0.001221	 0.061069	
218400	 8410	 0.011963	 0.005371	 0.099237	
218419	 8411	 0.002930	 0.004150	 0.030534	
218437	 8412	 0.003174	 0.000488	 -0.076336	
218457	 8413	 0.009033	 0.009766	 -0.106870	
218475	 8414	 0.007080	 0.003174	 0.137405	
218493	 8415	 0.000000	 0.002441	 0.114504	
218513	 8416	 0.001465	 -0.000732	 -0.122137	
218531	 8417	 0.000488	 0.005127	 -0.045802	
218550	 8418	 0.005371	 -0.002197	 -0.076336	
218569	 8419	 -0.000244	 0.001465	 0.053435	
218588	 8420	 0.005127	 0.002930	 0.068702	
218606	 8421	 0.000488	 -0.002197	 0.137405	
218625	 8422	 0.001709	 0.008789	 -0.038168	
218644	 8423	 -0.006104	 -0.000977	 0.083969	
218662	 8424	 0.007324	 -0.001465	 0.000000	
218681	 8425	 -0.001709	 -0.000244	 0.022901	
218699	 8426	 0.000488	 0.001953	 -0.167939	
218719	 8427	 0.006592	 0.006104	 -0.045802	
218737	 8428	 0.009277	 0.005127	 -0.099237	
218756	 8429	 0.003174	 0.000732	 0.190840	
218775	 8430	 -0.001221	 0.002686	 0.045802	
218793	 8431	 -0.003418	 -0.003174	 -0.038168	
218812	 8432	 0.009277	 0.001709	 0.068702	
218830	 8433	 -0.000977	 0.000244	 -0.213740	
218850	 8434	 -0.003418	 0.000488	 -0.053435	
218868	 8435	 0.007568	 0.001709	 -0.114504	
218887	 8436	 0.003906	 0.003906	 -0.045802	
218906	 8437	 0.007568	 0.007812	 -0.015267	
218925	 8438	 0.004639	 0.006104	 0.068702	
218943	 8439	 0.009521	 0.003418	 -0.129771	
218961	 8440	 0.005127	 0.005127	 -0.015267	
218981	 8441	 -0.004150	 0.001709	 0.061069	
218999	 8442	 0.000000	 0.014404	 -0.007634	
219018	 8443	 0.001709	 0.003418	 -0.030534	
219037	 8444	 -0.001465	 0.005127	 -0.068702	
219056	 8445	 0.003174	 0.008301	 -0.030534	
219074	 8446	 -0.002930	 -0.006592	 0.068702	
219092	 8447	 -0.000732	 0.001221	 0.175573	
219112	 8448	 -0.000244	 0.000732	 -0.206107	
219130	 8449	 0.000000	 0.006592	 -0.129771	
219149	 8450	 0.004639	 0.007080	 0.114504	
219168	 8451	 0.003906	 -0.000732	 -0.091603	
219187	 8452	 0.008301	 0.003418	 0.122137	
219205	 8453	 0.000977	 0.005859	 -0.045802	
219225	 8454	 0.004150	 0.008545	 -0.099237	
219243	 8455	 0.008789	 0.006104	 -0.083969	
219261	 8456	 0.000244	 -0.002930	 -0.137405	
219280	 8457	 -0.001465	 0.004150	 -0.099237	
219299	 8458	 0.005859	 -0.000977	 -0.091603	
219318	 8459	 0.009033	 0.004883	 -0.038168	
219336	 8460	 0.006836	 0.001465	 0.000000	
219355	 8461	 -0.000244	 0.001953	 -0.038168	
219374	 8462	 0.004639	 0.000977	 0.038168	
219393	 8463	 0.005615	 0.000000	 -0.076336	
219411	 8464	 0.003906	 0.007080	 -0.061069	
219430	 8465	 0.008789	 -0.002197	 -0.114504	
219449	 8466	 -0.001465	 0.002930	 -0.160305	
219467	 8467	 0.005371	 0.004883	 -0.091603	
219486	 8468	 -0.000977	 -0.003662	 -0.114504	
219505	 8469	 0.008789	 0.002197	 -0.083969	
219524	 8470	 -0.000244	 0.008301	 -0.106870	
219542	 8471	 -0.001221	 0.000732	 0.007634	
219561	 8472	 0.001953	 0.005371	 -0.030534	
219580	 8473	 0.006592	 0.000732	 -0.061069	
219598	 8474	 0.001465	 0.005127	 0.030534	
219617	 8475	 0.007812	 0.006348	 0.091603	
219636	 8476	 0.003662	 0.004150	 0.076336	
219655	 8477	 0.002930	 -0.001221	 -0.152672	
219673	 8478	 0.009277	 0.010254	 0.106870	
219693	 8479	 0.002686	 -0.000732	 -0.198473	
219711	 8480	 0.003662	 0.013916	 -0.083969	
219729	 8481	 0.008545	 -0.011475	 -0.190840	
219749	 8482	 0.009766	 0.013184	 -0.145038	
219767	 8483	 0.005127	 -0.004395	 0.030534	
219786	 8484	 0.009766	 0.007812	 0.068702	
219804	 8485	 -0.000488	 -0.000488	 -0.007634	
219824	 8486	 0.002441	 0.000977	 0.129771	
219842	 8487	 0.006104	 0.002930	 -0.068702	
219860	 8488	 0.011719	 -0.002441	 -0.106870	
219879	 8489	 0.005615	 0.006592	 -0.076336	
219898	 8490	 -0.001465	 -0.001465	 -0.015267	
219917	 8491	 0.006836	 0.003906	 -0.007634	
219935	 8492	 0.003418	 0.005615	 0.076336	
219955	 8493	 0.003906	 -0.000732	 -0.007634	
219973	 8494	 0.004150	 0.002197	 0.114504	
219992	 8495	 0.005859	 0.003906	 0.145038	
220010	 8496	 0.003174	 -0.001221	 0.015267	
220029	 8497	 0.004639	 0.000000	 -0.022901	
220048	 8498	 0.001221	 -0.003174	 -0.061069	
220066	 8499	 0.005127	 0.007080	 0.038168	
220086	 8500	 0.004883	 0.001953	 -0.068702	
220104	 8501	 0.001953	 0.007568	 -0.091603	
220123	 8502	 0.001221	 0.001709	 -0.015267	
220142	 8503	 0.007080	 0.008789	 -0.129771	
220161	 8504	 0.010498	 0.000488	 -0.007634	
220179	 8505	 0.003174	 -0.000244	 0.061069	
220197	 8506	 0.003418	 0.004395	 -0.053435	
220217	 8507	 0.002686	 -0.003418	 -0.045802	
220235	 8508	 0.001221	 0.010742	 -0.083969	
220254	 8509	 0.001221	 -0.004150	 -0.122137	
220273	 8510	 0.004395	 0.001709	 -0.083969	
220292	 8511	 -0.001221	 -0.003174	 -0.053435	
220310	 8512	 0.005127	 0.006836	 -0.030534	
220328	 8513	 0.005859	 0.003174	 -0.068702	
220348	 8514	 0.001465	 0.003662	 -0.007634	
220366	 8515	 0.001221	 0.001709	 0.129771	
220385	 8516	 0.001953	 -0.000977	 -0.038168	
220404	 8517	 0.003418	 0.006836	 -0.038168	
220423	 8518	 0.000732	 0.000732	 -0.129771	
220441	 8519	 0.001465	 0.004639	 0.061069	
220460	 8520	 0.008057	 0.005371	 -0.045802	
220479	 8521	 0.004395	 0.006348	 -0.007634	
220497	 8522	 0.003662	 0.007324	 -0.045802	
220516	 8523	 0.000732	 0.005859	 -0.022901	
220535	 8524	 -0.001221	 0.005615	 -0.007634	
220554	 8525	 -0.004639	 -0.000977	 0.038168	
220572	 8526	 0.005127	 0.004395	 0.000000	
220591	 8527	 0.007080	 -0.003174	 0.015267	
220610	 8528	 0.008301	 0.005859	 -0.083969	
220628	 8529	 0.005859	 0.004883	 -0.053435	
220647	 8530	 0.001465	 0.004150	 0.000000	
220665	 8531	 0.003662	 -0.001953	 -0.015267	
220685	 8532	 0.002930	 0.003662	 -0.091603	
220703	 8533	 0.002197	 0.000488	 -0.099237	
220722	 8534	 0.002930	 0.000732	 -0.015267	
220741	 8535	 0.009521	 -0.004883	 -0.045802	
220760	 8536	 0.005127	 0.005127	 -0.015267	
220778	 8537	 0.003174	 -0.004639	 -0.022901	
220797	 8538	 0.005615	 0.005371	 -0.206107	
220816	 8539	 0.002930	 0.004639	 -0.045802	
220834	 8540	 0.003662	 -0.001221	 -0.030534	
220853	 8541	 0.003174	 0.005127	 -0.099237	
220872	 8542	 -0.002441	 -0.002441	 0.000000	
220891	 8543	 0.007568	 0.000488	 0.137405	
220909	 8544	 0.001465	 0.001221	 0.022901	
220928	 8545	 0.005127	 -0.004883	 0.076336	
220947	 8546	 0.004639	 0.003662	 0.045802	
220965	 8547	 0.005615	 0.002441	 0.061069	
220984	 8548	 0.005371	 0.004883	 0.061069	
221003	 8549	 0.004150	 0.002930	 0.083969	
221022	 8550	 0.004395	 0.003662	 -0.129771	
221040	 8551	 0.004395	 -0.000732	 -0.007634	
221060	 8552	 0.000977	 0.000244	 0.015267	
221078	 8553	 0.005615	 0.000488	 0.007634	
221096	 8554	 0.007080	 0.006836	 0.015267	
221116	 8555	 0.008545	 0.002930	 -0.061069	
221134	 8556	 -0.001465	 0.008545	 -0.106870	
221153	 8557	 0.005859	 0.006348	 -0.076336	
221172	 8558	 0.001709	 0.004639	 0.045802	
221191	 8559	 0.006836	 0.003662	 0.007634	
221209	 8560	 0.001709	 -0.004883	 0.129771	
221228	 8561	 0.002930	 0.008789	 -0.038168	
221247	 8562	 0.001709	 0.000488	 -0.061069	
221265	 8563	 -0.000488	 0.006348	 0.038168	
221284	 8564	 -0.000977	 -0.002686	 -0.015267	
221303	 8565	 -0.002197	 0.004883	 -0.022901	
221322	 8566	 -0.004150	 -0.003906	 0.022901	
221340	 8567	 0.004395	 0.005127	 -0.038168	
221359	 8568	 0.000488	 -0.000488	 0.000000	
221378	 8569	 0.004395	 0.003662	 -0.114504	
221396	 8570	 0.005859	 0.002930	 0.030534	
221415	 8571	 0.004883	 0.000977	 0.000000	
221433	 8572	 0.002441	 0.002930	 -0.068702	
221453	 8573	 0.007568	 0.006104	 -0.030534	
221471	 8574	 -0.000244	 0.003662	 -0.038168	
221490	 8575	 0.004150	 -0.000488	 0.129771	
221509	 8576	 0.002441	 0.005859	 0.015267	
221528	 8577	 -0.004150	 0.007080	 -0.038168	
221546	 8578	 0.006592	 0.008545	 -0.022901	
221564	 8579	 -0.000244	 0.000977	 -0.061069	
221584	 8580	 0.010010	 0.005615	 0.007634	
221602	 8581	 0.005371	 -0.000977	 -0.038168	
221621	 8582	 0.004150	 0.003906	 -0.022901	
221640	 8583	 0.007812	 -0.000977	 0.114504	
221659	 8584	 -0.002197	 -0.000244	 0.022901	
221677	 8585	 -0.000732	 0.006348	 0.030534	
221696	 8586	 0.005615	 0.002686	 0.038168	
221715	 8587	 0.004395	 0.004883	 -0.015267	
221733	 8588	 -0.004150	 0.008789	 0.160305	
221752	 8589	 0.003174	 0.004883	 -0.122137	
221771	 8590	 0.001221	 0.009277	 0.045802	
221790	 8591	 0.006836	 -0.003418	 -0.106870	
221808	 8592	 -0.000488	 0.007324	 -0.091603	
221828	 8593	 -0.000977	 -0.002197	 0.007634	
221846	 8594	 0.003906	 0.001221	 -0.114504	
221864	 8595	 0.009277	 0.000488	 0.091603	
221883	 8596	 -0.002441	 -0.005127	 0.099237	
221902	 8597	 0.001953	 0.001465	 -0.137405	
221921	 8598	 0.000488	 -0.001221	 -0.022901	
221939	 8599	 0.007568	 0.005127	 0.045802	
221959	 8600	 0.000977	 0.000488	 0.022901	
221977	 8601	 0.003174	 0.002441	 0.038168	
221996	 8602	 0.006836	 -0.002686	 -0.061069	
222015	 8603	 0.007080	 0.008057	 0.068702	
222033	 8604	 -0.003418	 0.002441	 -0.167939	
222052	 8605	 0.001709	 0.000000	 0.030534	
222070	 8606	 0.006104	 0.002197	 0.022901	
222090	 8607	 0.010010	 -0.001709	 -0.099237	
222108	 8608	 0.005371	 0.013916	 -0.007634	
222127	 8609	 0.003418	 -0.000488	 -0.038168	
222145	 8610	 0.002686	 0.007324	 0.000000	
222164	 8611	 -0.007324	 0.004150	 0.083969	
222183	 8612	 0.002930	 0.004639	 -0.022901	
222201	 8613	 0.003662	 0.005859	 -0.114504	
222221	 8614	 0.005127	 0.001465	 0.076336	
222239	 8615	 0.001709	 0.017578	 -0.099237	
222258	 8616	 0.007812	 0.003662	 0.190840	
222276	 8617	 0.005615	 0.003174	 -0.206107	
222296	 8618	 -0.003418	 0.002197	 0.030534	
222314	 8619	 -0.006104	 0.012451	 0.068702	
222332	 8620	 0.004883	 -0.002930	 0.083969	
222351	 8621	 0.003906	 0.005615	 -0.129771	
222370	 8622	 0.001709	 0.000488	 0.053435	
222389	 8623	 0.005371	 0.001465	 -0.221374	
222407	 8624	 0.012939	 0.010010	 0.045802	
222426	 8625	 0.005371	 0.002197	 -0.061069	
222445	 8626	 0.001953	 0.000732	 0.000000	
222464	 8627	 0.001221	 -0.005371	 -0.083969	
222482	 8628	 0.008301	 0.005615	 -0.076336	
222500	 8629	 0.014893	 0.000244	 -0.106870	
222520	 8630	 0.004395	 0.008057	 -0.030534	
222538	 8631	 -0.002686	 0.009033	 -0.106870	
222557	 8632	 0.004639	 -0.001709	 -0.221374	
222575	 8633	 0.020264	 0.001465	 -0.274809	
222595	 8634	 -0.000977	 0.010986	 -0.061069	
222613	 8635	 -0.010498	 -0.000732	 -0.122137	
222631	 8636	 0.008789	 -0.002441	 -0.038168	
222651	 8637	 0.017578	 0.006348	 -0.022901	
222669	 8638	 0.001709	 0.004150	 0.068702	
222688	 8639	 0.002686	 0.004883	 -0.137405	
222707	 8640	 0.003174	 0.004883	 0.045802	
222726	 8641	 0.005859	 0.005371	 0.000000	
222744	 8642	 0.004639	 0.006348	 -0.137405	
222763	 8643	 0.009033	 0.007568	 0.076336	
222782	 8644	 0.005371	 -0.002197	 -0.053435	
222800	 8645	 0.003662	 0.000000	 0.068702	
222819	 8646	 -0.001953	 0.008301	 -0.297710	
222838	 8647	 -0.002197	 0.000977	 -0.007634	
222857	 8648	 0.008545	 0.010742	 0.022901	
222875	 8649	 0.003418	 -0.001709	 0.061069	
222895	 8650	 0.001709	 0.002197	 0.175573	
222913	 8651	 -0.003174	 0.004883	 0.076336	
222931	 8652	 0.004639	 0.001953	 -0.022901	
222950	 8653	 0.003662	 0.004639	 0.015267	
222969	 8654	 0.000244	 -0.002197	 0.076336	
222988	 8655	 -0.002197	 0.005127	 0.022901	
223006	 8656	 0.009277	 -0.001953	 -0.160305	
223026	 8657	 0.010986	 0.003418	 0.114504	
223044	 8658	 -0.007812	 0.003174	 -0.015267	
223063	 8659	 -0.000488	 -0.000732	 0.167939	
223082	 8660	 0.015869	 0.002930	 -0.091603	
223100	 8661	 0.005615	 0.005371	 0.137405	
223119	 8662	 -0.004150	 0.005371	 -0.007634	
223137	 8663	 -0.005127	 0.001221	 -0.045802	
223157	 8664	 0.007812	 0.004150	 -0.022901	
223175	 8665	 -0.003662	 0.004150	 -0.053435	
223194	 8666	 0.004150	 0.003174	 0.099237	
223213	 8667	 0.005127	 0.002930	 -0.076336	
223232	 8668	 0.002686	 0.005615	 -0.099237	
223250	 8669	 0.011230	 0.005127	 0.091603	
223268	 8670	 0.006348	 0.007080	 0.053435	
223288	 8671	 0.005371	 0.007080	 0.015267	
223306	 8672	 -0.002197	 0.003906	 0.083969	
223325	 8673	 0.004395	 0.001953	 -0.122137	
223344	 8674	 0.001953	 0.005615	 0.015267	
223363	 8675	 0.001221	 0.002441	 -0.091603	
223381	 8676	 0.004395	 0.013428	 -0.015267	
223400	 8677	 0.000977	 -0.000977	 0.038168	
223419	 8678	 0.000732	 0.000732	 0.076336	
223437	 8679	 0.002686	 0.002686	 -0.045802	
223456	 8680	 0.002686	 0.009277	 0.083969	
223475	 8681	 0.005371	 0.005615	 -0.076336	
223494	 8682	 0.001221	 -0.006592	 0.015267	
223512	 8683	 0.001221	 0.005859	 0.137405	
223532	 8684	 0.005371	 0.003174	 -0.083969	
223550	 8685	 0.004395	 0.008545	 0.007634	
223568	 8686	 0.001953	 0.002197	 0.099237	
223588	 8687	 0.002930	 0.002441	 0.038168	
223606	 8688	 0.000000	 0.003418	 0.076336	
223625	 8689	 0.005127	 0.005127	 -0.083969	
223643	 8690	 0.001221	 0.003418	 0.122137	
223663	 8691	 0.008057	 0.004150	 -0.030534	
223681	 8692	 0.000488	 0.005615	 0.091603	
223699	 8693	 0.001709	 0.003418	 -0.091603	
223718	 8694	 0.002197	 0.000488	 -0.114504	
223737	 8695	 0.003174	 0.009277	 -0.198473	
223756	 8696	 0.001953	 0.004639	 -0.083969	
223774	 8697	 0.008545	 0.003418	 -0.053435	
223794	 8698	 -0.000244	 0.002441	 0.030534	
223812	 8699	 0.009521	 0.002930	 0.045802	
223831	 8700	 0.001221	 0.002197	 -0.045802	
223850	 8701	 0.005127	 0.003174	 -0.145038	
223868	 8702	 0.003174	 0.010498	 -0.198473	
223887	 8703	 0.001709	 0.006104	 0.091603	
223905	 8704	 0.001221	 0.001709	 0.076336	
223925	 8705	 -0.004395	 0.004639	 -0.022901	
223943	 8706	 0.003906	 0.003418	 -0.007634	
223962	 8707	 0.010498	 0.003906	 0.053435	
240222	 9575	 0.360352	 0.214111	 19.694656	
240240	 9576	 -0.209473	 -0.094238	 18.847328	
240260	 9577	 0.610840	 0.166748	 16.740458	
240278	 9578	 0.022461	 -0.196045	 17.114504	
240296	 9579	 0.237305	 0.288574	 25.824427	
240315	 9580	 -0.102051	 0.328857	 20.526718	
240334	 9581	 0.408447	 -0.082520	 18.854961	
240353	 9582	 0.376709	 -0.148438	 23.702290	
240371	 9583	 0.314697	 0.058350	 20.984734	
240390	 9584	 0.367432	 0.052979	 21.419847	
240409	 9585	 -0.358643	 0.083984	 18.610687	
240428	 9586	 -0.127197	 -0.041748	 18.755726	
240446	 9587	 -0.177734	 -0.409668	 11.763359	
240464	 9588	 0.051514	 0.012451	 30.053434	
240484	 9589	 -0.142578	 0.602783	 30.236641	
240502	 9590	 -0.013916	 -0.156006	 23.343512	
240521	 9591	 -0.062988	 0.227539	 33.435116	
240540	 9592	 -0.559326	 0.068848	 25.526718	
240559	 9593	 -0.281006	 -0.081299	 27.183207	
240577	 9594	 0.030762	 0.104492	 34.465649	
240595	 9595	 -0.254395	 0.057617	 28.717558	
240615	 9596	 -0.120361	 0.099609	 31.190840	
240633	 9597	 -0.038574	 0.195068	 34.114502	
240652	 9598	 -0.126465	 -0.278809	 34.259541	
240671	 9599	 -0.048584	 0.241699	 37.274811	
240690	 9600	 -0.329346	 -0.048340	 32.816795	
240708	 9601	 -0.060303	 0.050537	 31.190840	
240728	 9602	 -0.127686	 -0.315186	 29.091602	
240746	 9603	 -0.161865	 0.148682	 32.251907	
240765	 9604	 -0.097900	 0.181885	 30.603054	
240784	 9605	 -0.278076	 -0.614014	 20.389313	
240802	 9606	 -0.068115	 0.101807	 22.793894	
240821	 9607	 -0.124023	 0.193604	 26.213741	
240840	 9608	 0.060791	 -0.062256	 27.190840	
240859	 9609	 -0.197510	 -0.229736	 18.137405	
240877	 9610	 0.062256	 0.253662	 17.702290	
241233	 9629	 -0.078857	 0.012939	 13.587787	
241252	 9630	 -0.112305	 -0.106934	 14.694656	
241270	 9631	 -0.135986	 0.029541	 12.137404	
241290	 9632	 -0.066895	 -0.093506	 10.938931	
241308	 9633	 -0.065186	 0.014893	 8.251908	
241327	 9634	 -0.149902	 -0.181152	 7.297710	
241346	 9635	 -0.155518	 0.004395	 8.145039	
241364	 9636	 -0.116455	 -0.107666	 5.465649	
241383	 9637	 -0.179199	 -0.119629	 0.099237	
241402	 9638	 -0.157471	 0.048096	 0.083969	
241421	 9639	 -0.047119	 -0.045166	 -0.847328	
241439	 9640	 0.136963	 0.001953	 0.519084	
241458	 9641	 0.061035	 0.031738	 -0.236641	
241477	 9642	 -0.085693	 -0.043457	 -0.351145	
241496	 9643	 -0.031982	 0.010986	 -0.129771	
241514	 9644	 0.045654	 -0.025635	 0.236641	
241532	 9645	 0.016357	 0.011963	 0.190840	
241552	 9646	 -0.012695	 -0.019775	 0.007634	
241570	 9647	 0.006104	 0.001709	 -0.114504	
241589	 9648	 0.022949	 -0.014160	 -0.137405	
241608	 9649	 0.051025	 0.016846	 0.664122	
241627	 9650	 0.127930	 -0.062744	 -3.190840	
241645	 9651	 0.549561	 0.139893	 5.038168	
241664	 9652	 0.246826	 0.097656	 11.511451	
241683	 9653	 0.075684	 -0.090820	 8.053435	
241701	 9654	 0.221436	 0.169189	 11.656488	
241720	 9655	 0.122070	 -0.145264	 14.335877	
241739	 9656	 0.362549	 0.153076	 14.770992	
241758	 9657	 0.036133	 0.152100	 20.412214	
241776	 9658	 0.017334	 0.123779	 21.106871	
241795	 9659	 0.013428	 -0.206543	 25.328245	
241814	 9660	 0.173828	 0.063232	 22.229008	
241832	 9661	 -0.151123	 -0.136475	 13.404580	
241851	 9662	 -0.089355	 0.208496	 18.389313	
241870	 9663	 -0.164551	 -0.001465	 20.702290	
241889	 9664	 0.033203	 -0.152100	 19.541985	
241907	 9665	 -0.099854	 0.066895	 18.961832	
241927	 9666	 -0.097412	 0.175537	 17.916031	
241945	 9667	 -0.180908	 -0.109619	 18.931297	
241964	 9668	 -0.245117	 -0.144287	 10.755725	
241982	 9669	 -0.301270	 -0.127197	 0.755725	
242001	 9670	 -0.236816	 0.028564	 2.404580	
242020	 9671	 -0.169189	 0.015381	 6.274809	
242038	 9672	 -0.077393	 -0.255859	 0.480916	
242058	 9673	 -0.033447	 0.098389	 0.404580	
242076	 9674	 0.022705	 -0.009277	 -0.229008	
242095	 9675	 0.044434	 -0.056641	 -1.045802	
242114	 9676	 0.031250	 0.001465	 0.931298	
242132	 9677	 0.017822	 0.025391	 0.633588	
242151	 9678	 -0.008789	 -0.069092	 -1.236641	
242169	 9679	 -0.019043	 0.024414	 -1.320611	
242189	 9680	 -0.028564	 -0.022217	 -0.251908	
242207	 9681	 -0.038818	 -0.037354	 -1.183206	
242226	 9682	 -0.020508	 0.006348	 -1.541985	
242244	 9683	 -0.009277	 -0.018066	 -0.091603	
242264	 9684	 0.010010	 -0.020020	 -1.259542	
242282	 9685	 0.004639	 0.006104	 -0.603053	
242300	 9686	 -0.011719	 -0.014404	 -0.190840	
242320	 9687	 0.009521	 -0.018066	 -0.480916	
242338	 9688	 0.008789	 -0.029297	 -0.488550	
242357	 9689	 -0.002930	 -0.004150	 -0.160305	
242376	 9690	 -0.016602	 -0.007324	 -0.335878	
242395	 9691	 -0.020508	 -0.022949	 -0.618321	
242413	 9692	 0.000732	 -0.010010	 -0.297710	
242432	 9693	 0.008789	 -0.006836	 -0.435115	
242451	 9694	 0.003174	 -0.022949	 -0.412214	
242469	 9695	 0.012695	 -0.018799	 -0.007634	
242488	 9696	 0.015381	 -0.023682	 -0.236641	
242506	 9697	 0.003174	 -0.002930	 -0.221374	
242526	 9698	 -0.027588	 -0.020996	 -0.229008	
242544	 9699	 0.013672	 -0.010742	 0.022901	
242563	 9700	 0.016357	 -0.014893	 -0.122137	
242582	 9701	 -0.003906	 -0.012207	 -0.007634	
242600	 9702	 -0.010498	 -0.011963	 0.083969	
242619	 9703	 -0.001465	 -0.023193	 0.091603	
242637	 9704	 0.017822	 -0.017334	 -0.251908	
242657	 9705	 -0.002197	 -0.005371	 0.007634	
242788	 9712	 0.004150	 -0.020264	 -0.061069	
242806	 9713	 -0.006592	 -0.017578	 -0.045802	
242825	 9714	 -0.001953	 -0.013672	 0.061069	
242844	 9715	 0.003906	 -0.013428	 0.000000	
242863	 9716	 -0.000732	 -0.020264	 0.000000	
242881	 9717	 -0.006348	 -0.015869	 -0.007634	
242899	 9718	 -0.004883	 -0.012695	 0.022901	
242918	 9719	 0.004639	 -0.010742	 -0.068702	
242937	 9720	 -0.000244	 -0.015381	 -0.114504	
242956	 9721	 -0.007324	 -0.014648	 -0.068702	
242974	 9722	 -0.004395	 -0.018311	 0.022901	
242994	 9723	 0.004639	 -0.018066	 -0.099237	
243012	 9724	 0.000000	 -0.015869	 -0.114504	
243031	 9725	 -0.002441	 -0.014404	 0.122137	
243050	 9726	 0.000488	 -0.011963	 0.122137	
243068	 9727	 -0.001953	 -0.019775	 -0.106870	
243087	 9728	 0.002197	 -0.014648	 -0.099237	
243105	 9729	 -0.004883	 -0.015381	 0.045802	
243125	 9730	 -0.000977	 -0.014404	 0.106870	
243143	 9731	 0.001221	 -0.012695	 -0.022901	
243162	 9732	 -0.001221	 -0.018311	 0.076336	
243180	 9733	 -0.008545	 -0.021484	 0.007634	
243200	 9734	 0.004150	 -0.016357	 -0.145038	
243218	 9735	 0.000732	 -0.012939	 -0.068702	
243236	 9736	 -0.002686	 -0.016113	 0.030534	
243256	 9737	 -0.012451	 -0.015381	 -0.160305	
243274	 9738	 0.002197	 -0.017334	 -0.045802	
243293	 9739	 -0.002930	 -0.013916	 -0.122137	
243311	 9740	 0.001221	 -0.015137	 0.167939	
243331	 9741	 -0.002197	 -0.012939	 0.045802	
243349	 9742	 -0.005615	 -0.009766	 0.106870	
243367	 9743	 -0.002686	 -0.014893	 -0.038168	
243387	 9744	 0.001709	 -0.011963	 0.045802	
243405	 9745	 0.001953	 -0.017578	 -0.244275	
243424	 9746	 -0.006104	 -0.015137	 0.091603	
243443	 9747	 0.001953	 -0.014404	 -0.160305	
243462	 9748	 0.002441	 -0.016357	 -0.045802	
243480	 9749	 -0.004639	 -0.015869	 -0.038168	
243499	 9750	 -0.004883	 -0.014160	 0.053435	
243518	 9751	 -0.005615	 -0.017578	 0.038168	
243536	 9752	 -0.000488	 -0.013672	 -0.030534	
243555	 9753	 0.002197	 -0.013916	 -0.076336	
243574	 9754	 -0.003418	 -0.016846	 -0.030534	
243593	 9755	 -0.004395	 -0.017334	 0.000000	
243611	 9756	 -0.003418	 -0.011230	 -0.129771	
243630	 9757	 -0.000488	 -0.014404	 -0.015267	
243649	 9758	 -0.000732	 -0.016602	 -0.198473	
243667	 9759	 -0.002686	 -0.022217	 -0.076336	
243686	 9760	 -0.003906	 -0.010254	 0.015267	
243705	 9761	 0.002441	 -0.015869	 0.106870	
243724	 9762	 -0.002197	 -0.019531	 0.091603	
243742	 9763	 -0.000732	 -0.020752	 0.122137	
243762	 9764	 0.000000	 -0.020508	 -0.091603	
243780	 9765	 -0.001953	 -0.014404	 0.045802	
243800	 9766	 -0.001953	 -0.009521	 0.000000	
243911	 9772	 -0.000732	 -0.014160	 -0.114504	
244024	 9778	 -0.465332	 -0.038818	 4.778626	
244042	 9779	 -0.068604	 -0.000488	 7.152672	
244062	 9780	 -0.177246	 0.115479	 10.938931	
244080	 9781	 -0.226562	 0.022705	 15.725191	
244099	 9782	 -0.309570	 0.223389	 22.648855	
244117	 9783	 -0.588623	 -0.225830	 21.343512	
244136	 9784	 -0.217529	 0.093018	 25.198473	
244155	 9785	 -0.374756	 0.040527	 29.793894	
244173	 9786	 -0.230713	 0.173340	 34.412212	
244193	 9787	 0.125977	 -0.290771	 32.702290	
244211	 9788	 0.173584	 0.135254	 35.458015	
244230	 9789	 -0.260986	 -0.029053	 35.030533	
244249	 9790	 -0.794189	 -0.356201	 34.587788	
244268	 9791	 0.169189	 0.423096	 44.946564	
244286	 9792	 0.147217	 -0.727295	 38.633587	
244304	 9793	 0.412109	 -0.054932	 38.480915	
244324	 9794	 0.303711	 -0.087646	 38.702290	
244342	 9795	 0.040283	 0.187744	 33.839695	
244361	 9796	 -0.030518	 -0.170166	 32.122139	
244380	 9797	 -0.051758	 -0.134033	 26.290077	
244399	 9798	 0.181885	 0.016113	 25.916031	
244417	 9799	 0.117920	 -0.224121	 20.740458	
244435	 9800	 -0.036621	 -0.117676	 11.129771	
244455	 9801	 0.104248	 -0.026611	 11.396947	
244473	 9802	 -0.009277	 -0.091553	 5.244275	
244492	 9803	 0.127197	 -0.106689	 6.717557	
244511	 9804	 0.083984	 -0.066162	 3.152672	
244530	 9805	 0.281738	 0.072266	 0.770992	
244548	 9806	 0.230225	 -0.154297	 0.961832	
244567	 9807	 0.251709	 -0.076660	 0.786260	
244586	 9808	 0.348877	 0.014648	 1.068702	
244604	 9809	 0.301025	 -0.008545	 0.580153	
244623	 9810	 0.297119	 -0.025635	 0.000000	
244642	 9811	 0.096680	 -0.085449	 -1.290076	
244661	 9812	 -0.043213	 0.013184	 -0.083969	
244679	 9813	 -0.041504	 -0.043213	 1.007634	
244698	 9814	 -0.026367	 0.044434	 -0.145038	
244717	 9815	 -0.064697	 -0.015869	 0.053435	
244736	 9816	 -0.002930	 0.009033	 0.458015	
244754	 9817	 0.036865	 -0.055176	 -0.251908	
244773	 9818	 0.093750	 0.023193	 0.381679	
244792	 9819	 -0.157227	 -0.043701	 -0.114504	
244810	 9820	 -0.050781	 -0.035889	 -0.206107	
244830	 9821	 -0.013916	 -0.027832	 -0.045802	
244848	 9822	 0.047852	 0.002686	 0.297710	
244867	 9823	 0.030762	 -0.013428	 -0.045802	
244885	 9824	 -0.045410	 0.010986	 0.106870	
244904	 9825	 -0.328369	 -0.052490	 -0.931298	
244923	 9826	 -0.143066	 -0.012207	 0.297710	
244941	 9827	 -0.102051	 0.063232	 -2.175573	
244961	 9828	 -0.377686	 -0.047363	 -2.068702	
244979	 9829	 -0.064453	 -0.015381	 -1.335878	
244998	 9830	 -0.199219	 -0.159180	 -1.526718	
245016	 9831	 -0.223633	 -0.125732	 -6.175572	
245036	 9832	 -0.467529	 0.221680	 -1.725191	
245054	 9833	 -0.401123	 -0.239746	 -7.938931	
245072	 9834	 -0.162109	 0.079346	 -1.679389	
245092	 9835	 -0.264160	 -0.104980	 -11.534351	
245110	 9836	 0.030518	 0.079102	 -6.587786	
245129	 9837	 -0.172607	 -0.106934	 -9.534351	
245148	 9838	 0.122070	 0.171875	 -7.251908	
245167	 9839	 0.266846	 -0.019775	 -4.679389	
245185	 9840	 0.328125	 0.057373	 -13.274809	
245203	 9841	 0.364990	 0.128906	 -13.114504	
245223	 9842	 0.029053	 -0.020508	 -13.114504	
245241	 9843	 -0.040283	 -0.003906	 -9.564885	
245260	 9844	 0.038574	 -0.106934	 -11.931297	
245279	 9845	 0.264648	 0.232666	 -8.374045	
245298	 9846	 0.035645	 0.121338	 -7.038168	
245316	 9847	 0.325439	 -0.062012	 -7.190840	
245336	 9848	 0.198730	 0.096680	 -4.832061	
245354	 9849	 0.133057	 0.092529	 -2.061069	
245372	 9850	 0.211670	 -0.011475	 -3.526718	
245391	 9851	 0.286377	 -0.034668	 -2.198473	
245410	 9852	 0.208496	 0.010254	 -1.625954	
245429	 9853	 0.228027	 -0.004883	 -3.122137	
245447	 9854	 0.162354	 -0.008301	 -1.229008	
245467	 9855	 0.241455	 -0.031982	 -0.404580	
245485	 9856	 0.268799	 0.049805	 0.610687	
245504	 9857	 0.172119	 -0.058594	 -0.984733	
245522	 9858	 0.003174	 -0.007080	 -0.267176	
245541	 9859	 -0.039307	 0.022949	 0.068702	
245560	 9860	 -0.053955	 -0.043457	 -0.099237	
245578	 9861	 -0.041504	 0.005859	 0.122137	
245598	 9862	 0.034424	 -0.011719	 -0.236641	
245616	 9863	 0.016357	 -0.002686	 0.061069	
245635	 9864	 -0.021240	 -0.020752	 -0.190840	
245653	 9865	 0.003174	 0.002441	 0.106870	
245672	 9866	 0.022705	 -0.020264	 -0.129771	
245691	 9867	 -0.010986	 -0.010742	 0.160305	
245709	 9868	 0.009277	 -0.005371	 -0.106870	
245729	 9869	 0.008789	 -0.018311	 -0.053435	
245747	 9870	 0.006592	 -0.017090	 -0.114504	
245766	 9871	 0.005859	 -0.004883	 -0.358779	
245784	 9872	 0.009277	 -0.013672	 -0.396947	
245804	 9873	 0.015381	 -0.021240	 -0.618321	
245822	 9874	 0.022705	 -0.017334	 -0.931298	
245840	 9875	 0.021240	 -0.009033	 -0.473282	
245860	 9876	 -0.006836	 -0.024902	 -0.664122	
245878	 9877	 -0.034668	 -0.008057	 -0.549618	
245897	 9878	 -0.047119	 -0.002686	 -0.145038	
245916	 9879	 -0.024170	 -0.005371	 -0.122137	
245935	 9880	 0.065186	 0.002197	 0.068702	
245953	 9881	 0.046875	 -0.038086	 0.045802	
245971	 9882	 -0.006348	 -0.017822	 0.366412	
245991	 9883	 -0.020752	 0.025146	 0.664122	
246009	 9884	 0.019043	 -0.025146	 0.061069	
246028	 9885	 0.024170	 -0.030029	 0.190840	
246047	 9886	 0.006104	 0.002197	 -0.175573	
246066	 9887	 -0.008301	 -0.020508	 -0.022901	
246084	 9888	 0.003174	 -0.014160	 -0.022901	
249211	 10055	 -0.001221	 -0.006348	 0.053435	
249231	 10056	 0.003174	 -0.011230	 -0.038168	
249249	 10057	 0.005371	 -0.013916	 0.045802	
249268	 10058	 0.004150	 -0.014404	 -0.053435	
249287	 10059	 0.000244	 -0.017334	 -0.038168	
249306	 10060	 0.005127	 -0.011230	 -0.068702	
249324	 10061	 0.010498	 -0.008057	 -0.083969	
249342	 10062	 0.000244	 -0.013184	 -0.030534	
249362	 10063	 0.001953	 -0.010498	 -0.068702	
249380	 10064	 0.002686	 -0.014160	 -0.083969	
249399	 10065	 -0.000488	 -0.011475	 -0.076336	
249418	 10066	 0.000732	 -0.015381	 0.076336	
249437	 10067	 -0.003174	 -0.013916	 -0.183206	
249455	 10068	 0.000732	 -0.010498	 -0.015267	
249474	 10069	 0.006104	 -0.011475	 0.007634	
249493	 10070	 0.007812	 -0.006836	 0.007634	
249511	 10071	 0.003174	 -0.010010	 -0.045802	
249530	 10072	 0.005127	 -0.011719	 0.045802	
249549	 10073	 0.002441	 -0.005371	 0.061069	
249568	 10074	 0.001221	 -0.007080	 -0.053435	
249586	 10075	 0.001709	 -0.009521	 -0.083969	
249605	 10076	 0.000732	 -0.019287	 -0.114504	
249624	 10077	 0.005127	 -0.008789	 0.076336	
249643	 10078	 0.001221	 -0.008301	 -0.022901	
249661	 10079	 0.000000	 -0.013184	 -0.274809	
249680	 10080	 0.006836	 -0.013428	 -0.160305	
249699	 10081	 0.008545	 -0.017090	 0.053435	
249717	 10082	 0.002441	 -0.012695	 0.007634	
249736	 10083	 0.000000	 -0.012695	 -0.007634	
249755	 10084	 0.004395	 -0.008057	 -0.076336	
249774	 10085	 -0.000977	 -0.009766	 -0.022901	
249792	 10086	 -0.002441	 -0.011230	 0.083969	
249810	 10087	 0.006104	 -0.010742	 -0.114504	
249830	 10088	 0.004883	 -0.013428	 -0.015267	
249848	 10089	 0.001221	 -0.013428	 -0.022901	
249867	 10090	 0.005859	 -0.006836	 0.106870	
249885	 10091	 0.002930	 -0.010742	 -0.045802	
249905	 10092	 0.003418	 -0.013672	 0.053435	
249923	 10093	 0.001953	 -0.011719	 0.007634	
249942	 10094	 0.006104	 -0.013184	 -0.061069	
249961	 10095	 0.002441	 -0.013184	 -0.091603	
249979	 10096	 0.006592	 -0.012451	 -0.045802	
249998	 10097	 0.003418	 -0.009033	 -0.091603	
250016	 10098	 0.004150	 -0.013916	 -0.045802	
250036	 10099	 0.005615	 -0.014160	 -0.038168	
250054	 10100	 0.000000	 -0.014648	 -0.053435	
250074	 10101	 0.002441	 -0.015381	 -0.099237	
250092	 10102	 0.002686	 -0.012207	 0.030534	
250110	 10103	 0.001709	 -0.011475	 -0.190840	
250747	 10137	 -0.001465	 -0.013184	 -0.099237	
250766	 10138	 0.003662	 -0.011230	 0.007634	
250785	 10139	 0.007324	 -0.013428	 0.061069	
250804	 10140	 0.001709	 -0.016357	 0.015267	
250822	 10141	 -0.000732	 -0.010498	 0.083969	
250841	 10142	 0.000244	 -0.007080	 -0.015267	
250860	 10143	 -0.003174	 -0.010742	 -0.015267	
250878	 10144	 0.005127	 -0.007568	 -0.045802	
250897	 10145	 0.001465	 -0.015381	 0.099237	
250916	 10146	 -0.002930	 -0.013916	 0.099237	
250935	 10147	 -0.006104	 -0.003174	 0.015267	
250953	 10148	 -0.007324	 -0.018555	 -0.267176	
250972	 10149	 0.018555	 -0.008545	 0.129771	
250991	 10150	 0.010742	 -0.004639	 0.007634	
251010	 10151	 -0.025391	 -0.023193	 0.091603	
251028	 10152	 -0.000488	 -0.001953	 -0.007634	
251046	 10153	 0.023193	 -0.021240	 0.015267	
251066	 10154	 0.000488	 -0.005371	 0.083969	
251084	 10155	 -0.020020	 -0.022217	 -0.099237	
251103	 10156	 0.006592	 -0.011963	 -0.099237	
251122	 10157	 0.002441	 -0.024170	 -0.076336	
251141	 10158	 -0.003174	 -0.005371	 -0.274809	
251159	 10159	 -0.004639	 -0.031250	 -0.190840	
251177	 10160	 0.060791	 -0.010254	 0.122137	
251197	 10161	 0.009277	 -0.052002	 -0.427481	
251215	 10162	 -0.002197	 0.034912	 0.343511	
251234	 10163	 0.065430	 -0.043213	 0.587786	
251252	 10164	 0.240479	 -0.080322	 0.450382	
251272	 10165	 0.004395	 -0.034424	 -0.603053	
251290	 10166	 0.008789	 -0.040039	 -0.870229	
251309	 10167	 0.137695	 0.006592	 -1.053435	
251328	 10168	 0.146240	 -0.017334	 0.404580	
251346	 10169	 0.126465	 -0.123291	 2.503817	
251365	 10170	 0.043213	 0.083740	 0.641221	
251383	 10171	 0.053467	 -0.018555	 -0.473282	
251403	 10172	 0.145752	 0.047119	 -1.816794	
251421	 10173	 0.010498	 -0.141113	 -0.251908	
251440	 10174	 0.147949	 -0.001709	 -0.282443	
251458	 10175	 0.046143	 -0.067383	 -1.213740	
251478	 10176	 0.253662	 -0.002197	 2.916031	
251496	 10177	 0.150391	 -0.019775	 -0.083969	
251514	 10178	 0.099365	 -0.090332	 -2.671756	
251534	 10179	 0.222656	 0.099854	 1.236641	
251552	 10180	 0.148682	 -0.171631	 0.175573	
251571	 10181	 0.108643	 0.032715	 -0.908397	
251590	 10182	 -0.132568	 -0.101807	 0.114504	
251609	 10183	 0.066406	 0.084961	 1.145038	
251627	 10184	 -0.231689	 -0.145752	 -0.244275	
251645	 10185	 -0.048096	 0.079834	 1.488550	
251665	 10186	 0.097412	 0.015381	 1.297710	
251683	 10187	 0.059570	 0.084961	 0.793893	
251702	 10188	 0.082764	 -0.130859	 1.206107	
251720	 10189	 0.028564	 0.216553	 -4.351145	
251833	 10195	 -0.078857	 0.018799	 0.740458	
251852	 10196	 -0.064453	 -0.144287	 -1.557252	
251871	 10197	 0.061768	 0.016113	 -1.412214	
251889	 10198	 0.209229	 0.035400	 1.183206	
251908	 10199	 -0.015137	 -0.020508	 1.687023	
251927	 10200	 0.026611	 -0.088135	 0.251908	
251945	 10201	 -0.019043	 0.163574	 0.061069	
251964	 10202	 0.043701	 -0.092041	 1.442748	
251983	 10203	 -0.081787	 0.286377	 1.076336	
252002	 10204	 0.008545	 -0.031006	 1.946565	
252020	 10205	 0.038086	 -0.102539	 -0.480916	
252039	 10206	 -0.119141	 0.138428	 1.687023	
252058	 10207	 -0.042725	 -0.061035	 -1.030534	
252077	 10208	 -0.025879	 0.010498	 -0.206107	
252095	 10209	 -0.198730	 -0.003418	 0.458015	
252113	 10210	 -0.102783	 0.017090	 -1.099237	
252133	 10211	 -0.091064	 -0.105957	 -0.061069	
252151	 10212	 -0.112061	 0.039062	 -0.847328	
252170	 10213	 -0.198486	 0.022217	 -0.419847	
252282	 10219	 0.082764	 -0.010010	 -0.763359	
252301	 10220	 -0.079834	 0.067383	 5.923664	
252320	 10221	 -0.189209	 -0.017578	 0.916031	
252339	 10222	 -0.022949	 0.036377	 -1.885496	
252357	 10223	 -0.082275	 -0.005859	 -1.244275	
252377	 10224	 -0.132812	 -0.034668	 -0.206107	
252395	 10225	 0.012207	 -0.024902	 -0.076336	
252413	 10226	 0.010498	 0.020508	 -0.076336	
252433	 10227	 -0.020020	 0.010498	 0.366412	
252451	 10228	 -0.109131	 -0.033447	 -0.679389	
252470	 10229	 -0.016113	 0.085449	 -1.702290	
252488	 10230	 0.045654	 -0.125977	 1.091603	
252508	 10231	 0.038574	 0.011230	 -2.267176	
252526	 10232	 -0.012451	 0.008789	 -1.496183	
252545	 10233	 -0.009766	 0.059570	 -0.832061	
252564	 10234	 -0.089600	 0.040527	 -4.137404	
252582	 10235	 0.048584	 -0.061279	 0.946565	
252601	 10236	 0.056152	 -0.077393	 1.770992	
252619	 10237	 0.104004	 0.135254	 6.351145	
252639	 10238	 -0.013428	 -0.052002	 2.824427	
252657	 10239	 0.070557	 -0.007324	 -1.664122	
252676	 10240	 -0.030029	 -0.042725	 2.519084	
252694	 10241	 -0.113525	 -0.056152	 -0.061069	
252713	 10242	 -0.022461	 0.032959	 -2.671756	
252732	 10243	 -0.103027	 0.085693	 -5.000000	
252901	 10252	 -0.003662	 0.069824	 -1.442748	
252919	 10253	 -0.033936	 -0.042725	 0.274809	
252938	 10254	 0.053955	 -0.072510	 -0.557252	
252956	 10255	 0.074707	 0.025635	 -1.900763	
252976	 10256	 -0.036865	 -0.055176	 -0.221374	
252994	 10257	 -0.063721	 0.089844	 1.473282	
253012	 10258	 -0.010254	 0.000977	 0.312977	
253032	 10259	 -0.028809	 0.120117	 -0.938931	
253050	 10260	 -0.091797	 -0.017822	 -1.725191	
253069	 10261	 0.000000	 -0.068115	 -2.229008	
253087	 10262	 0.006348	 0.095703	 -0.435115	
253107	 10263	 0.090576	 -0.179443	 0.190840	
253125	 10264	 0.031250	 0.106689	 -0.496183	
253144	 10265	 0.062500	 -0.054688	 -2.320611	
253163	 10266	 0.112549	 -0.060547	 1.091603	
253181	 10267	 0.019775	 -0.058350	 -0.015267	
253200	 10268	 0.065918	 0.060547	 1.083969	
253219	 10269	 -0.053711	 -0.114014	 -2.091603	
253238	 10270	 0.027100	 0.038574	 1.938931	
253256	 10271	 -0.072266	 0.037842	 0.961832	
253275	 10272	 0.086426	 -0.037842	 -0.648855	
253294	 10273	 -0.021484	 -0.020264	 -0.045802	
253313	 10274	 -0.025879	 -0.039551	 0.030534	
253331	 10275	 -0.123535	 -0.007568	 -1.366412	
253350	 10276	 -0.032471	 0.089111	 -0.358779	
253369	 10277	 0.035889	 0.046387	 -0.221374	
253387	 10278	 -0.052979	 -0.057373	 -0.198473	
253406	 10279	 -0.002930	 0.107178	 -0.061069	
253425	 10280	 0.007568	 -0.063477	 -1.450382	
253444	 10281	 0.013672	 -0.010986	 -0.053435	
253462	 10282	 -0.079102	 -0.093018	 0.534351	
253481	 10283	 -0.043701	 0.043457	 -2.709924	
253500	 10284	 0.103271	 0.000732	 0.480916	
253518	 10285	 -0.056152	 -0.056152	 0.114504	
253537	 10286	 0.028564	 -0.018311	 -1.679389	
253556	 10287	 0.025146	 0.032227	 -0.854962	
253575	 10288	 -0.072266	 -0.084961	 -0.290076	
253593	 10289	 -0.027588	 -0.017334	 -0.885496	
253613	 10290	 0.089111	 0.021240	 -0.251908	
253631	 10291	 0.013672	 -0.067139	 -0.290076	
253649	 10292	 -0.055664	 -0.021484	 1.503817	
253669	 10293	 0.060303	 0.006348	 1.129771	
253687	 10294	 0.000732	 0.027344	 0.404580	
253706	 10295	 0.103271	 -0.050049	 1.458015	
253724	 10296	 -0.036865	 0.037354	 2.541985	
253744	 10297	 -0.035889	 -0.065674	 0.549618	
253762	 10298	 -0.060547	 -0.018311	 -2.007634	
253780	 10299	 -0.119385	 0.065186	 0.305344	
253800	 10300	 0.006836	 -0.054199	 1.916031	
253818	 10301	 0.024658	 -0.032715	 1.816794	
253837	 10302	 0.057617	 -0.041748	 -0.412214	
253856	 10303	 -0.025146	 -0.049316	 2.068702	
253875	 10304	 0.000488	 0.100098	 0.641221	
253893	 10305	 0.180176	 -0.063721	 0.450382	
253912	 10306	 0.070801	 0.076416	 0.885496	
253931	 10307	 0.192871	 0.043701	 1.091603	
253949	 10308	 0.055420	 -0.010742	 -2.000000	
253968	 10309	 0.284424	 -0.078369	 3.076336	
253986	 10310	 0.239258	 0.067627	 0.832061	
254006	 10311	 0.118652	 -0.124268	 -0.801527	
254024	 10312	 0.080322	 0.051514	 0.526718	
254043	 10313	 0.261230	 0.040771	 3.587786	
254062	 10314	 0.029785	 -0.148926	 3.091603	
254081	 10315	 0.131592	 0.216553	 4.328244	
254099	 10316	 -0.178223	 -0.290039	 1.145038	
254118	 10317	 -0.086182	 0.423340	 5.374046	
254137	 10318	 0.047852	 -0.188721	 2.328244	
254155	 10319	 0.071045	 -0.080078	 0.656489	
254174	 10320	 -0.056641	 -0.088867	 -1.893130	
254193	 10321	 0.052246	 0.221436	 2.809160	
254212	 10322	 0.060303	 -0.156494	 -0.717557	
254230	 10323	 -0.083984	 -0.148438	 -0.641221	
254249	 10324	 0.285645	 -0.096924	 3.519084	
254268	 10325	 0.119141	 0.393555	 -1.465649	
254286	 10326	 0.139893	 -0.221680	 1.908397	
254306	 10327	 0.133789	 -0.051758	 -0.343511	
254324	 10328	 0.007080	 0.145996	 2.145038	
254343	 10329	 0.050049	 -0.072510	 4.267176	
254361	 10330	 -0.304932	 -0.029053	 1.358779	
254381	 10331	 0.023438	 0.258057	 2.480916	
254399	 10332	 -0.168457	 -0.182617	 3.458015	
254417	 10333	 0.020996	 0.063232	 3.145038	
254436	 10334	 0.041016	 0.045166	 2.221374	
254455	 10335	 0.244873	 0.083984	 3.488550	
254474	 10336	 -0.134521	 0.090576	 7.190840	
254492	 10337	 0.047119	 0.015381	 5.687023	
254511	 10338	 0.058105	 0.031250	 6.061069	
254530	 10339	 -0.164795	 0.016357	 6.671756	
254548	 10340	 -0.113770	 -0.018555	 4.221374	
254567	 10341	 -0.014404	 -0.063965	 9.267176	
255673	 10400	 -0.343994	 -0.231445	 27.343512	
255691	 10401	 0.280029	 0.372559	 39.229008	
255710	 10402	 0.062988	 -0.014160	 33.671757	
255728	 10403	 -0.139893	 0.181641	 29.862595	
255748	 10404	 0.110107	 -0.167969	 31.496183	
255766	 10405	 0.055176	 -0.006348	 32.931297	
255784	 10406	 0.133545	 0.296143	 32.511452	
255804	 10407	 0.011230	 0.156250	 28.679390	
255822	 10408	 0.075195	 -0.057617	 36.694656	
255841	 10409	 0.241943	 0.588379	 40.076336	
255859	 10410	 0.180908	 -0.170654	 31.908398	
255879	 10411	 0.296143	 0.228027	 31.496183	
255897	 10412	 0.132812	 0.050049	 32.259541	
255916	 10413	 0.035645	 0.059814	 33.160305	
255935	 10414	 -0.155762	 -0.155762	 38.916031	
255953	 10415	 0.100098	 -0.017090	 26.664122	
255972	 10416	 -0.209717	 -0.103271	 28.916031	
255991	 10417	 0.051270	 0.326904	 33.938931	
256010	 10418	 -0.146240	 -0.174561	 29.198473	
256028	 10419	 -0.190918	 0.234863	 31.946566	
256047	 10420	 -0.240967	 -0.126465	 34.977100	
256066	 10421	 -0.314941	 0.127197	 37.809162	
256084	 10422	 -0.389648	 -0.178223	 33.625954	
256103	 10423	 -0.017334	 0.000000	 30.969465	
256122	 10424	 -0.188965	 -0.080566	 31.900763	
256141	 10425	 0.090820	 0.216553	 32.740459	
256159	 10426	 0.018799	 -0.114990	 33.572517	
256178	 10427	 -0.074463	 0.078857	 27.770992	
256197	 10428	 -0.265869	 0.117920	 28.984734	
256216	 10429	 0.060791	 0.124512	 27.847328	
256234	 10430	 0.055176	 -0.065430	 30.816793	
256252	 10431	 0.114258	 0.001953	 23.496183	
256272	 10432	 0.098877	 -0.080322	 20.664122	
256290	 10433	 0.173584	 -0.169922	 25.061069	
256310	 10434	 0.363525	 0.553955	 30.801527	
256328	 10435	 -0.367188	 -0.429443	 27.000000	
256347	 10436	 -0.038574	 0.239258	 21.740458	
256365	 10437	 -0.200195	 -0.283691	 15.374045	
256385	 10438	 0.121094	 0.121826	 19.488550	
256403	 10439	 -0.062256	 -0.039062	 23.480917	
256421	 10440	 -0.082764	 0.204346	 21.916031	
257189	 10481	 -0.006104	 -0.037354	 18.862595	
257208	 10482	 -0.055908	 0.015381	 12.396947	
257227	 10483	 0.057129	 0.024414	 11.038168	
257246	 10484	 0.007568	 -0.067383	 11.748092	
257264	 10485	 0.019531	 0.000488	 15.816793	
257284	 10486	 0.011230	 -0.032715	 15.946565	
257358	 10490	 -0.004150	 0.097412	 12.068703	
257508	 10498	 0.047119	 0.232666	 18.679390	
257526	 10499	 -0.041992	 0.077393	 18.717558	
257546	 10500	 -0.046875	 0.010010	 15.038168	
257564	 10501	 0.066406	 -0.202393	 15.053435	
257583	 10502	 0.033936	 0.064697	 18.312977	
257602	 10503	 -0.176270	 -0.023926	 18.099237	
257620	 10504	 -0.183838	 0.109619	 17.038168	
257639	 10505	 -0.150146	 0.117920	 22.076336	
257658	 10506	 0.000488	 0.038330	 19.809160	
257677	 10507	 -0.006104	 -0.138428	 15.335877	
257695	 10508	 0.026855	 0.172119	 16.083969	
257714	 10509	 0.032227	 -0.225342	 17.099237	
257733	 10510	 0.038574	 0.027588	 16.343512	
257752	 10511	 -0.010742	 -0.114746	 14.732824	
257770	 10512	 -0.108154	 0.031982	 14.396947	
257789	 10513	 -0.007080	 0.141357	 18.816793	
257808	 10514	 0.115479	 0.088867	 15.702291	
257826	 10515	 -0.050049	 -0.105225	 18.419847	
257845	 10516	 -0.031982	 -0.039795	 14.198473	
257864	 10517	 0.113525	 0.159668	 12.931297	
258126	 10531	 0.212402	 -0.026123	 17.786259	
258145	 10532	 -0.121338	 -0.149414	 13.984733	
258163	 10533	 0.000000	 0.063721	 22.572519	
258183	 10534	 0.097412	 -0.070312	 22.870230	
258201	 10535	 0.330811	 0.123779	 23.328245	
258220	 10536	 0.228027	 0.306885	 24.992367	
258239	 10537	 -0.072754	 -0.180664	 22.320610	
258257	 10538	 0.122803	 -0.082520	 21.465649	
258276	 10539	 -0.043701	 0.218262	 22.519083	
258294	 10540	 -0.210205	 -0.138672	 21.435114	
258314	 10541	 0.021973	 0.094482	 20.343512	
258332	 10542	 0.087158	 -0.104980	 20.099237	
258351	 10543	 0.037354	 0.123535	 19.328245	
258370	 10544	 -0.134521	 -0.217529	 13.786260	
258388	 10545	 -0.022705	 -0.041016	 15.160305	
258407	 10546	 0.124268	 0.012451	 18.618320	
258425	 10547	 -0.045898	 -0.149658	 16.000000	
258445	 10548	 0.206543	 0.239258	 12.129771	
258463	 10549	 0.014160	 -0.140869	 10.351145	
258482	 10550	 -0.021240	 -0.056396	 12.854961	
258745	 10564	 -0.076172	 -0.100586	 4.877862	
258763	 10565	 -0.157959	 0.178711	 7.687023	
258782	 10566	 0.149658	 0.163818	 9.427481	
258800	 10567	 -0.161621	 -0.045166	 5.412214	
258820	 10568	 0.000977	 -0.030518	 6.946565	
258838	 10569	 -0.109375	 0.245605	 6.885496	
258856	 10570	 -0.113770	 -0.375488	 6.053435	
258875	 10571	 0.097412	 0.145996	 6.480916	
258894	 10572	 -0.012451	 -0.021484	 2.328244	
258913	 10573	 0.026123	 0.046143	 5.374046	
258931	 10574	 0.000488	 0.125244	 1.778626	
258951	 10575	 -0.128662	 -0.179199	 4.229008	
258969	 10576	 0.088135	 0.172363	 2.022901	
258988	 10577	 -0.056885	 -0.043457	 2.427481	
259007	 10578	 0.037598	 -0.043945	 1.801527	
259025	 10579	 -0.010742	 0.015381	 0.702290	
259044	 10580	 0.050293	 -0.155029	 1.625954	
259062	 10581	 -0.005371	 0.053467	 1.938931	
259082	 10582	 0.052490	 0.031494	 3.687023	
259100	 10583	 0.128906	 -0.038086	 0.984733	
259119	 10584	 0.080078	 -0.040527	 2.244275	
259138	 10585	 -0.048828	 -0.035645	 2.015267	
259156	 10586	 0.105713	 0.129883	 1.854962	
259175	 10587	 0.060791	 -0.014893	 0.778626	
259193	 10588	 0.129150	 -0.005371	 3.557252	
259213	 10589	 0.149414	 0.107910	 4.526718	
259231	 10590	 0.253174	 0.060303	 7.458015	
259250	 10591	 0.297119	 -0.017090	 7.282443	
259268	 10592	 0.435303	 -0.454346	 5.465649	
259288	 10593	 0.219727	 0.207764	 2.526718	
259306	 10594	 0.338135	 0.021729	 6.435114	
259324	 10595	 -0.095703	 -0.407471	 3.778626	
259344	 10596	 -0.067383	 -0.064697	 4.045802	
259362	 10597	 0.281006	 0.053223	 11.473283	
259381	 10598	 0.095703	 0.109131	 0.832061	
259399	 10599	 0.080322	 -0.330811	 4.824428	
259419	 10600	 -0.062500	 0.507080	 9.290076	
259437	 10601	 -0.343018	 -0.181641	 -0.603053	
259456	 10602	 0.212646	 0.016602	 -2.335878	
259475	 10603	 -0.141357	 -0.303467	 -2.557252	
259493	 10604	 0.168213	 -0.039307	 -0.473282	
259512	 10605	 -0.227051	 -0.028564	 -1.931298	
259530	 10606	 -0.018799	 0.007812	 -3.564885	
259550	 10607	 -0.104736	 -0.029297	 -3.015267	
259568	 10608	 -0.004883	 0.244873	 1.381679	
259587	 10609	 0.097900	 0.032715	 3.671756	
259605	 10610	 -0.069580	 -0.077881	 -0.519084	
259624	 10611	 0.095459	 -0.065918	 4.801527	
259643	 10612	 -0.077637	 -0.150146	 -2.175573	
259661	 10613	 0.155273	 0.084473	 1.816794	
259681	 10614	 -0.172119	 -0.038330	 -1.610687	
259699	 10615	 0.164551	 -0.052002	 2.664122	
259718	 10616	 -0.155762	 -0.136719	 -0.564885	
259737	 10617	 0.000000	 0.019775	 -0.152672	
259756	 10618	 0.170654	 -0.140625	 1.381679	
259774	 10619	 0.092041	 0.134277	 -3.717557	
259792	 10620	 -0.003662	 0.164551	 4.076336	
259812	 10621	 -0.009033	 -0.435303	 -5.923664	
259830	 10622	 0.385010	 0.306396	 1.076336	
259849	 10623	 -0.005127	 -0.168945	 -1.633588	
259868	 10624	 -0.216553	 0.026611	 -1.206107	
259887	 10625	 0.063965	 -0.102295	 -2.809160	
259905	 10626	 -0.012695	 -0.028320	 0.274809	
259923	 10627	 0.074219	 -0.092041	 -2.000000	
259943	 10628	 -0.003418	 -0.337646	 -0.259542	
259961	 10629	 0.058105	 0.154297	 1.358779	
259980	 10630	 -0.091553	 -0.219971	 1.206107	
259998	 10631	 0.166260	 0.058350	 -3.099237	
260018	 10632	 0.010010	 -0.113037	 0.458015	
260036	 10633	 -0.007080	 -0.160645	 -0.984733	
260055	 10634	 0.113770	 -0.047607	 2.290076	
260074	 10635	 0.088135	 0.161865	 -2.564885	
260092	 10636	 0.037842	 -0.048584	 2.687023	
260111	 10637	 -0.061768	 -0.018311	 -1.664122	
260129	 10638	 0.092773	 -0.082031	 -2.969466	
260149	 10639	 0.028076	 -0.136719	 0.809160	
260167	 10640	 -0.049805	 0.109131	 -3.213740	
260186	 10641	 0.117432	 -0.156738	 -4.572519	
260205	 10642	 -0.011963	 0.204346	 2.832061	
260224	 10643	 -0.019043	 -0.393311	 0.549618	
260242	 10644	 0.051514	 0.190918	 -2.770992	
260260	 10645	 -0.017822	 -0.134766	 -0.175573	
260280	 10646	 -0.040771	 -0.007080	 -2.534351	
260298	 10647	 -0.038086	 -0.045898	 -3.679389	
260317	 10648	 -0.080566	 0.030762	 -1.351145	
260336	 10649	 0.062744	 -0.043457	 -3.610687	
260355	 10650	 0.122559	 0.027588	 0.984733	
260373	 10651	 0.219238	 -0.177979	 -3.442748	
260391	 10652	 -0.047363	 0.230469	 3.328244	
260411	 10653	 0.190918	 -0.018066	 -2.473282	
260429	 10654	 0.146484	 0.370117	 -1.916031	
260448	 10655	 -0.054443	 -0.322266	 -4.335878	
260467	 10656	 -0.153076	 0.073242	 -2.145038	
260486	 10657	 0.191406	 -0.023926	 -5.297710	
260504	 10658	 0.122314	 0.011719	 3.427481	
260524	 10659	 -0.075684	 -0.043213	 -0.885496	
260542	 10660	 0.110352	 -0.082764	 2.969466	
260579	 10662	 -0.031250	 -0.002686	 0.320611	
260598	 10663	 0.170654	 -0.108643	 2.541985	
260617	 10664	 -0.002441	 0.008057	 -2.656489	
260635	 10665	 0.005859	 -0.098633	 -2.687023	
260655	 10666	 -0.008301	 -0.001221	 -0.419847	
260673	 10667	 0.039307	 0.226562	 -0.267176	
260691	 10668	 0.102539	 -0.011475	 -2.618321	
260710	 10669	 0.028076	 -0.086670	 -2.282443	
260729	 10670	 -0.000244	 -0.045166	 -0.770992	
260748	 10671	 0.135254	 0.217285	 3.679389	
260766	 10672	 0.194824	 -0.381348	 -3.366412	
260785	 10673	 0.006104	 0.397461	 0.603053	
260804	 10674	 -0.010010	 -0.281982	 1.167939	
260823	 10675	 -0.019775	 0.126221	 -4.938931	
260841	 10676	 0.038086	 -0.127930	 1.458015	
260860	 10677	 0.055176	 0.104980	 1.816794	
260879	 10678	 -0.075684	 -0.115723	 0.259542	
260897	 10679	 0.213379	 0.271484	 5.213740	
260916	 10680	 -0.102051	 -0.212646	 4.610687	
260935	 10681	 -0.093018	 0.051270	 4.916030	
260954	 10682	 -0.077881	 0.043213	 4.297710	
260972	 10683	 -0.098145	 0.155518	 7.778626	
260992	 10684	 0.271240	 -0.129150	 5.893130	
261010	 10685	 0.231201	 0.155029	 6.351145	
261028	 10686	 -0.130371	 0.084473	 7.984733	
261048	 10687	 -0.041260	 -0.134277	 7.435114	
261066	 10688	 -0.012451	 0.107910	 6.297710	
261085	 10689	 -0.090332	 -0.009521	 3.175573	
261104	 10690	 -0.018066	 0.017578	 9.152672	
261123	 10691	 -0.188721	 -0.159424	 10.091603	
261141	 10692	 0.300049	 0.019531	 12.068703	
261159	 10693	 -0.020996	 -0.100098	 11.114504	
261179	 10694	 -0.083740	 0.040771	 7.618320	
261197	 10695	 -0.113770	 -0.213623	 9.694656	
261216	 10696	 -0.041748	 0.376953	 17.106871	
261235	 10697	 0.028076	 -0.069092	 14.709924	
261254	 10698	 -0.099609	 -0.032959	 10.396947	
261272	 10699	 -0.150146	 0.060791	 9.938931	
261291	 10700	 -0.021973	 0.003174	 13.717557	
261310	 10701	 -0.071045	 -0.027100	 12.671756	
261328	 10702	 -0.108643	 0.193115	 11.885496	
261347	 10703	 -0.110840	 -0.150391	 9.572519	
261366	 10704	 0.104736	 0.291016	 12.259542	
261385	 10705	 0.126953	 -0.186035	 9.564885	
261403	 10706	 -0.178467	 0.255615	 9.366412	
261422	 10707	 -0.051025	 0.147705	 8.412213	
261441	 10708	 0.043701	 -0.224121	 11.709924	
261459	 10709	 0.342773	 0.002197	 7.030534	
261478	 10710	 -0.081543	 -0.079834	 21.633587	
261497	 10711	 -0.357910	 0.028564	 9.381680	
261516	 10712	 0.208008	 -0.017822	 7.793893	
261534	 10713	 -0.018555	 0.129150	 11.038168	
261554	 10714	 -0.089355	 -0.063232	 11.435115	
261572	 10715	 0.062012	 -0.020020	 7.534351	
261591	 10716	 0.105957	 -0.071045	 13.114504	
261609	 10717	 0.054932	 -0.047852	 12.312977	
261628	 10718	 0.026611	 0.020264	 12.267176	
261647	 10719	 -0.077148	 0.128906	 15.816793	
261665	 10720	 0.117188	 -0.140625	 13.900764	
261684	 10721	 -0.034180	 0.029785	 11.259542	
261703	 10722	 0.000000	 0.039307	 14.778625	
261722	 10723	 -0.133301	 -0.233887	 13.129771	
261740	 10724	 0.076904	 0.105225	 11.854961	
261758	 10725	 0.098877	 0.014893	 15.862596	
261778	 10726	 0.203369	 0.133301	 13.748092	
261796	 10727	 0.046631	 -0.140381	 15.664123	
261815	 10728	 -0.056641	 -0.050781	 11.519084	
261833	 10729	 0.260254	 0.074707	 14.083969	
261853	 10730	 0.118652	 -0.097412	 15.748092	
261871	 10731	 0.070801	 0.159668	 17.916031	
261890	 10732	 -0.088623	 -0.170166	 15.931297	
261909	 10733	 0.157959	 0.509521	 14.419847	
261927	 10734	 0.117188	 -0.022949	 10.442748	
261946	 10735	 0.052490	 -0.112549	 10.748092	
261964	 10736	 0.016846	 -0.083252	 7.030534	
261984	 10737	 0.098633	 0.129150	 14.709924	
262002	 10738	 0.277832	 -0.007324	 19.045801	
262021	 10739	 -0.015625	 -0.163818	 17.954199	
262040	 10740	 -0.156494	 0.225830	 13.587787	
262059	 10741	 0.012451	 -0.263428	 14.282443	
262077	 10742	 -0.020996	 -0.055176	 20.969465	
262095	 10743	 -0.145996	 0.139893	 19.206106	
262115	 10744	 0.152344	 0.024170	 19.251909	
263350	 10810	 -0.012451	 0.229980	 18.389313	
263368	 10811	 -0.169434	 -0.099854	 23.061069	
263388	 10812	 0.092529	 -0.073730	 19.641222	
263406	 10813	 0.065186	 0.176758	 19.458015	
263425	 10814	 -0.239746	 -0.069824	 20.435114	
263443	 10815	 -0.139160	 -0.056885	 23.015266	
263462	 10816	 0.248291	 0.017090	 25.259542	
263481	 10817	 -0.023438	 -0.213623	 16.244274	
263499	 10818	 0.068359	 -0.145264	 17.083969	
263519	 10819	 -0.093994	 -0.134521	 18.709923	
263537	 10820	 -0.104248	 0.102539	 22.022902	
263556	 10821	 0.126221	 0.038330	 20.496183	
263574	 10822	 0.001221	 -0.069092	 15.679389	
263593	 10823	 -0.059570	 -0.017578	 12.824428	
263612	 10824	 -0.167236	 0.105469	 13.236641	
263630	 10825	 -0.268555	 0.104004	 21.259542	
263650	 10826	 -0.013184	 0.098389	 14.679389	
263668	 10827	 -0.003418	 -0.021973	 14.251908	
263687	 10828	 -0.170410	 -0.084961	 15.419847	
264024	 10846	 -0.239502	 0.266357	 20.717558	
264043	 10847	 0.182129	 -0.082275	 22.564886	
264061	 10848	 0.084961	 -0.007568	 19.045801	
264080	 10849	 0.079834	 -0.069092	 18.320610	
264098	 10850	 -0.214844	 0.035400	 19.488550	
264118	 10851	 -0.197266	 0.250488	 21.290077	
264136	 10852	 -0.172607	 -0.015869	 19.152672	
264267	 10859	 0.266357	 0.038086	 27.099237	
264286	 10860	 -0.091797	 -0.273193	 23.549618	
264305	 10861	 0.093994	 0.326172	 28.618320	
264324	 10862	 -0.046875	 -0.191162	 27.854961	
264342	 10863	 0.204834	 0.111084	 22.893129	
264360	 10864	 -0.167480	 0.281250	 31.137405	
264380	 10865	 0.451172	 0.416016	 24.206106	
264398	 10866	 -0.118652	 -0.009277	 22.068703	
264417	 10867	 -0.039307	 0.270752	 28.038168	
264436	 10868	 0.155762	 -0.216309	 27.343512	
264455	 10869	 0.152344	 0.172852	 29.496183	
264473	 10870	 0.010010	 0.002686	 22.106871	
264492	 10871	 0.270996	 0.115479	 26.916031	
264511	 10872	 -0.178955	 -0.200928	 24.435114	
264529	 10873	 0.559326	 0.510986	 35.290077	
264548	 10874	 -0.048584	 -0.231689	 26.221375	
264567	 10875	 -0.136963	 0.363037	 25.984734	
264586	 10876	 -0.077393	 0.463623	 31.435114	
264604	 10877	 -0.025146	 -0.104736	 30.946566	
264624	 10878	 0.273193	 -0.011475	 35.106869	
264642	 10879	 0.079346	 -0.364258	 29.305344	
264660	 10880	 0.138672	 0.298584	 36.580154	
264679	 10881	 -0.160889	 -0.092285	 28.992367	
264698	 10882	 0.213135	 0.260498	 36.091602	
264717	 10883	 0.308350	 -0.339111	 33.206108	
264735	 10884	 -0.008057	 0.278320	 30.877863	
264755	 10885	 0.178223	 -0.153076	 32.656490	
264773	 10886	 -0.085938	 0.068848	 32.877861	
264792	 10887	 -0.168945	 -0.231201	 27.740458	
264810	 10888	 -0.095947	 0.057617	 26.167938	
264829	 10889	 -0.153076	 0.398682	 36.312977	
264848	 10890	 0.188721	 0.109619	 44.862595	
264866	 10891	 0.092285	 -0.031494	 37.229008	
264885	 10892	 0.126709	 -0.017334	 29.916031	
264904	 10893	 -0.335938	 0.217285	 37.450382	
264923	 10894	 -0.159912	 0.087402	 35.244274	
264941	 10895	 -0.059814	 0.393066	 33.083969	
264961	 10896	 -0.081055	 -0.157715	 33.580154	
265185	 10908	 0.135986	 0.132568	 38.366413	
265203	 10909	 0.013428	 0.042236	 27.465649	
265223	 10910	 -0.120605	 -0.121826	 25.045801	
265241	 10911	 -0.599854	 -0.210693	 19.488550	
265260	 10912	 0.003662	 0.152832	 18.282442	
265279	 10913	 -0.297607	 -0.237305	 8.358779	
265297	 10914	 -0.369873	 0.062012	 11.977099	
265316	 10915	 -0.190186	 -0.296875	 6.366412	
265335	 10916	 -1.208496	 0.120605	 17.610687	
265354	 10917	 -0.129639	 0.096191	 -2.389313	
265372	 10918	 -0.113770	 -0.010986	 4.778626	
265391	 10919	 -0.160645	 0.062012	 0.083969	
265410	 10920	 0.271729	 -0.024902	 3.099237	
265428	 10921	 -0.109863	 0.327637	 1.541985	
265447	 10922	 0.014893	 -0.023682	 -1.534351	
265466	 10923	 0.265137	 -0.066162	 0.549618	
265485	 10924	 0.025635	 -0.210693	 3.259542	
265503	 10925	 0.164307	 0.248291	 2.534351	
265523	 10926	 -0.623535	 -0.475586	 2.977099	
265541	 10927	 0.331055	 -0.005127	 5.549618	
265560	 10928	 -0.011963	 -0.131104	 2.458015	
265578	 10929	 0.223145	 -0.126953	 5.679389	
265597	 10930	 0.636475	 0.048828	 0.946565	
265616	 10931	 -0.226807	 -0.059326	 0.366412	
265634	 10932	 0.139404	 -0.088867	 -5.786260	
265654	 10933	 0.528076	 0.029541	 -3.679389	
265672	 10934	 0.355225	 -0.133545	 -2.374046	
265691	 10935	 0.121338	 0.366943	 3.022901	
265709	 10936	 0.298096	 0.263428	 5.328244	
265729	 10937	 0.133789	 -0.216064	 5.167939	
265747	 10938	 0.230713	 0.085693	 0.595420	
265765	 10939	 0.226562	 -0.337646	 8.610687	
265785	 10940	 -0.423096	 -0.374023	 3.122137	
265803	 10941	 0.442383	 0.283691	 8.442748	
265822	 10942	 0.037109	 -0.481445	 2.221374	
265840	 10943	 -0.277344	 0.432129	 1.198473	
265860	 10944	 -0.021240	 -0.500977	 0.404580	
265878	 10945	 0.104248	 0.006836	 1.152672	
265896	 10946	 -0.213379	 -0.158691	 0.801527	
265916	 10947	 -0.113525	 -0.006592	 -5.954198	
265934	 10948	 0.002930	 -0.026367	 -2.175573	
265953	 10949	 0.266846	 0.132080	 4.458015	
265971	 10950	 -0.512207	 -0.105225	 4.152672	
265991	 10951	 -0.135986	 -0.124023	 -1.122137	
266009	 10952	 0.125488	 -0.072998	 -0.526718	
266028	 10953	 0.953369	 -0.200439	 -1.534351	
266047	 10954	 -0.223389	 0.140137	 -3.557252	
266065	 10955	 0.379150	 0.262695	 3.679389	
266084	 10956	 0.238770	 -0.367676	 -3.946565	
266103	 10957	 0.109863	 -0.172852	 3.954198	
266122	 10958	 0.065186	 0.196777	 -2.664122	
266140	 10959	 -0.295654	 -0.445801	 -6.526718	
266159	 10960	 -0.068604	 -0.011963	 -2.038168	
266178	 10961	 0.597412	 0.039551	 1.496183	
266196	 10962	 0.121338	 -0.176025	 2.366412	
266215	 10963	 0.150635	 -0.162842	 3.969466	
266234	 10964	 -0.252197	 -0.110840	 -4.977099	
266346	 10970	 0.020508	 -0.288330	 -6.259542	
266364	 10971	 -0.125732	 0.237305	 -4.671756	
266384	 10972	 0.428467	 0.401367	 -2.442748	
266402	 10973	 -0.115967	 0.149902	 -6.587786	
266421	 10974	 -0.375244	 -0.084473	 -0.893130	
266440	 10975	 -0.380615	 0.302002	 -8.236641	
266459	 10976	 -0.013184	 0.172363	 -1.763359	
266477	 10977	 0.010986	 -0.102539	 0.671756	
266497	 10978	 -0.177490	 0.102539	 -4.358778	
266515	 10979	 0.017090	 -0.482910	 0.175573	
266533	 10980	 -0.234619	 0.090088	 -2.687023	
266552	 10981	 -0.299561	 -0.159912	 -3.816794	
266571	 10982	 -0.065674	 0.199707	 -4.580153	
266590	 10983	 -0.217285	 -0.071777	 -1.229008	
266608	 10984	 -0.070801	 -0.062256	 -2.694656	
266628	 10985	 -0.289551	 -0.017090	 -0.603053	
266646	 10986	 -0.055664	 0.064697	 1.519084	
266664	 10987	 -0.190674	 -0.125732	 -2.160305	
266683	 10988	 -0.055908	 0.230957	 -0.977099	
266702	 10989	 -0.135010	 -0.104248	 -2.755725	
266721	 10990	 -0.104248	 0.015137	 1.824427	
266739	 10991	 -0.039551	 -0.031006	 -2.992366	
266759	 10992	 -0.091797	 -0.038818	 0.183206	
266777	 10993	 -0.175781	 -0.014648	 -0.465649	
266796	 10994	 -0.105225	 0.049805	 0.328244	
266814	 10995	 -0.135742	 -0.123535	 -1.038168	
266833	 10996	 -0.144287	 0.062988	 -0.656489	
266852	 10997	 -0.231689	 0.039795	 0.648855	
266870	 10998	 -0.063232	 -0.036133	 -2.015267	
266890	 10999	 -0.071777	 0.054932	 -0.244275	
266908	 11000	 -0.147217	 0.018799	 0.740458	
266927	 11001	 -0.256592	 -0.027588	 -1.251908	
266945	 11002	 -0.121338	 0.016357	 0.854962	
266964	 11003	 0.009521	 -0.052979	 -0.229008	
266983	 11004	 0.029053	 0.021973	 -0.030534	
267001	 11005	 0.024902	 -0.022705	 -0.152672	
267021	 11006	 0.047852	 -0.005615	 -0.282443	
267039	 11007	 0.045410	 -0.014160	 0.152672	
267058	 11008	 0.022461	 -0.022217	 -0.030534	
267076	 11009	 -0.022705	 0.000000	 -0.076336	
267096	 11010	 -0.002197	 -0.014648	 -0.099237	
267114	 11011	 0.022217	 -0.002686	 -0.183206	
267132	 11012	 -0.004639	 -0.003906	 0.068702	
267152	 11013	 -0.008057	 -0.002441	 -0.160305	
267170	 11014	 0.010010	 -0.009277	 0.045802	
267189	 11015	 0.007812	 -0.008545	 -0.137405	
267282	 11020	 0.003174	 -0.014404	 0.038168	
267301	 11021	 0.007812	 -0.007568	 -0.091603	
267320	 11022	 0.001709	 -0.010498	 0.000000	
267338	 11023	 0.005615	 -0.010010	 0.068702	
267358	 11024	 0.004883	 -0.009521	 0.007634	
267376	 11025	 0.005371	 -0.013184	 -0.175573	
267395	 11026	 0.004395	 -0.012939	 0.068702	
267413	 11027	 -0.001221	 -0.006104	 -0.030534	
267432	 11028	 0.005371	 -0.012695	 -0.206107	
267451	 11029	 0.006104	 -0.005127	 0.045802	
267469	 11030	 0.012207	 -0.006348	 0.099237	
267489	 11031	 0.003418	 -0.013672	 0.030534	
267507	 11032	 -0.001465	 -0.012207	 -0.053435	
267526	 11033	 0.003174	 -0.013428	 0.000000	
267545	 11034	 0.001221	 -0.007080	 -0.022901	
267564	 11035	 -0.001465	 -0.004150	 0.160305	
267582	 11036	 0.001221	 -0.010498	 0.114504	
267600	 11037	 0.002930	 -0.009277	 0.000000	
267619	 11038	 0.001709	 -0.011475	 0.053435	
267638	 11039	 0.004639	 -0.009521	 -0.030534	
267657	 11040	 0.002441	 -0.009033	 -0.022901	
267675	 11041	 0.003906	 -0.004150	 0.000000	
