0	 0.004395	 -0.003174	 0.091603	
1	 0.005615	 -0.002930	 0.145038	
2	 -0.004639	 0.003418	 0.053435	
3	 -0.000977	 -0.002197	 -0.076336	
4	 -0.000488	 -0.000977	 0.099237	
5	 0.002930	 0.002930	 0.015267	
6	 -0.003662	 -0.003418	 -0.038168	
7	 0.002930	 0.002197	 -0.068702	
8	 0.002197	 -0.000977	 0.030534	
9	 0.001221	 -0.003174	 0.061069	
10	 -0.006592	 -0.003906	 0.000000	
11	 -0.002686	 -0.002930	 0.129771	
12	 -0.006836	 -0.000732	 -0.068702	
13	 0.001465	 -0.001953	 -0.099237	
14	 -0.000244	 0.000000	 -0.091603	
15	 0.001465	 -0.001221	 0.030534	
16	 -0.002930	 0.003174	 -0.045802	
17	 0.000977	 -0.004639	 0.076336	
18	 -0.000244	 0.001953	 0.068702	
19	 0.007324	 -0.000488	 0.244275	
20	 -0.001709	 -0.004639	 -0.030534	
21	 -0.000977	 0.005127	 -0.045802	
22	 -0.000244	 0.003662	 0.114504	
23	 0.001221	 -0.000244	 -0.061069	
24	 0.001709	 0.001709	 0.000000	
25	 0.004395	 0.002197	 0.137405	
26	 -0.004150	 0.000000	 0.099237	
27	 0.004883	 -0.000732	 0.076336	
28	 -0.003662	 0.003174	 0.022901	
29	 0.006104	 -0.001465	 -0.061069	
30	 0.000977	 -0.000732	 0.030534	
31	 0.006104	 -0.004150	 -0.099237	
32	 0.002441	 -0.007080	 -0.015267	
33	 -0.001953	 0.001953	 0.145038	
34	 0.002197	 -0.001953	 -0.091603	
35	 0.006104	 0.001465	 -0.137405	
36	 -0.002686	 0.002197	 -0.137405	
37	 -0.000977	 -0.000977	 -0.160305	
38	 -0.000244	 -0.007324	 -0.083969	
39	 -0.000244	 0.004150	 -0.030534	
40	 0.002686	 0.000732	 -0.068702	
41	 0.000000	 0.002686	 0.106870	
42	 0.000000	 0.000244	 -0.038168	
43	 0.002930	 0.002930	 0.030534	
44	 0.001465	 0.001709	 -0.068702	
45	 -0.004639	 -0.005127	 -0.137405	
46	 0.001465	 0.002930	 -0.160305	
47	 0.000244	 0.001709	 -0.137405	
48	 0.005127	 -0.005615	 -0.160305	
49	 -0.000732	 0.001221	 -0.137405	
50	 -0.001709	 0.001953	 -0.015267	
51	 0.005615	 -0.002930	 0.198473	
52	 0.004639	 -0.001709	 0.076336	
53	 0.003662	 -0.004883	 -0.007634	
54	 -0.007324	 -0.003906	 0.015267	
55	 -0.005371	 0.004639	 -0.122137	
57	 0.002930	 0.004639	 -0.068702	
58	 -0.001221	 -0.003906	 -0.122137	
59	 0.001465	 0.004883	 -0.015267	
60	 0.000000	 0.000000	 -0.045802	
61	 0.004883	 0.004883	 -0.091603	
62	 0.002441	 0.000244	 -0.053435	
63	 -0.001465	 0.000488	 -0.122137	
64	 -0.001465	 -0.003174	 0.022901	
65	 -0.002197	 -0.003906	 -0.053435	
66	 0.000488	 0.002686	 -0.061069	
67	 0.000488	 -0.003174	 -0.007634	
68	 -0.002197	 -0.000488	 -0.038168	
69	 0.000000	 0.001953	 0.022901	
70	 -0.004150	 -0.007324	 -0.160305	
71	 -0.003418	 0.002686	 -0.106870	
72	 -0.003174	 0.001953	 -0.045802	
73	 0.003906	 -0.000244	 0.015267	
74	 -0.006836	 -0.001709	 0.068702	
75	 0.001465	 0.000732	 0.038168	
76	 0.000732	 -0.001709	 0.000000	
77	 0.004150	 -0.002686	 -0.053435	
78	 0.004639	 0.001953	 -0.045802	
79	 0.000000	 -0.003662	 -0.030534	
80	 -0.006104	 -0.003662	 0.015267	
81	 -0.007080	 0.000732	 -0.122137	
82	 -0.001221	 -0.002930	 0.030534	
83	 0.000977	 0.000977	 0.007634	
84	 -0.001465	 -0.001221	 -0.213740	
85	 -0.003174	 -0.000977	 0.068702	
86	 -0.000732	 0.003906	 -0.038168	
87	 0.001221	 0.001465	 -0.061069	
88	 0.001953	 -0.001465	 -0.022901	
89	 0.000488	 0.005615	 -0.083969	
90	 0.002197	 -0.001221	 -0.045802	
91	 -0.003418	 -0.004395	 -0.030534	
92	 -0.000488	 0.002197	 0.076336	
93	 0.003906	 0.003418	 -0.122137	
94	 -0.001709	 0.000000	 -0.083969	
95	 -0.002686	 0.000244	 -0.106870	
96	 0.000488	 -0.001953	 -0.091603	
97	 0.000244	 0.000732	 0.099237	
98	 -0.003174	 0.000000	 -0.007634	
99	 -0.003906	 0.000488	 -0.038168	
100	 0.003906	 0.002686	 0.076336	
101	 -0.000732	 -0.000732	 -0.022901	
102	 0.000977	 0.001709	 -0.068702	
103	 0.002197	 0.005859	 0.030534	
104	 0.001221	 -0.000977	 0.045802	
105	 -0.006104	 -0.000488	 0.099237	
106	 -0.005615	 0.000977	 -0.076336	
107	 0.000977	 -0.000488	 -0.106870	
108	 0.002441	 0.006104	 0.068702	
109	 -0.003418	 0.002197	 -0.083969	
110	 0.004150	 0.005859	 -0.076336	
111	 -0.004883	 0.000732	 0.015267	
112	 -0.001465	 0.003174	 -0.076336	
113	 0.000000	 -0.003174	 -0.099237	
114	 0.000977	 -0.002441	 -0.068702	
115	 -0.003906	 -0.004150	 0.091603	
116	 0.004150	 0.000000	 -0.015267	
117	 -0.002930	 -0.003906	 -0.053435	
118	 0.000732	 0.000000	 0.015267	
119	 0.002197	 0.004639	 -0.045802	
120	 -0.006104	 -0.005127	 0.007634	
121	 0.002930	 0.002930	 -0.152672	
122	 0.000000	 -0.003174	 -0.015267	
124	 0.000000	 0.002686	 0.007634	
125	 0.002930	 -0.000488	 0.076336	
126	 0.002930	 0.003418	 -0.061069	
127	 0.006592	 0.000977	 -0.099237	
128	 -0.006592	 0.003662	 -0.099237	
129	 -0.000244	 -0.004883	 0.053435	
130	 -0.006104	 0.000244	 -0.061069	
131	 -0.000732	 0.000244	 0.000000	
132	 -0.003906	 -0.005859	 0.068702	
133	 -0.004150	 -0.001953	 -0.030534	
134	 -0.000244	 0.002197	 0.122137	
135	 0.000000	 -0.001221	 0.000000	
136	 -0.001953	 0.000000	 -0.045802	
137	 0.002441	 -0.001953	 -0.183206	
138	 -0.005615	 -0.001709	 -0.053435	
139	 0.000000	 0.000732	 -0.007634	
140	 -0.004883	 -0.000244	 0.061069	
141	 0.001221	 -0.001221	 0.000000	
142	 -0.004395	 0.006348	 -0.091603	
143	 -0.002930	 0.000244	 0.068702	
144	 -0.001221	 0.004150	 -0.007634	
145	 0.004639	 0.000244	 0.000000	
146	 0.004639	 -0.002930	 0.015267	
147	 0.002686	 -0.000244	 0.083969	
148	 -0.004883	 0.000000	 -0.114504	
149	 -0.002930	 -0.002930	 -0.106870	
150	 0.001465	 -0.000488	 -0.152672	
151	 -0.002441	 -0.002686	 -0.015267	
152	 0.001953	 0.001953	 0.167939	
153	 0.002441	 0.000244	 -0.137405	
154	 -0.006836	 -0.003662	 0.083969	
155	 -0.001709	 0.000977	 -0.091603	
156	 0.000244	 -0.001465	 0.015267	
157	 -0.002197	 0.004883	 -0.091603	
158	 -0.002686	 -0.000732	 -0.206107	
159	 -0.004150	 0.000000	 0.015267	
160	 -0.003174	 0.002930	 0.068702	
161	 -0.004395	 0.002930	 -0.015267	
162	 -0.000488	 0.004395	 -0.137405	
163	 0.002197	 0.000244	 0.053435	
164	 0.001953	 -0.002686	 0.000000	
165	 -0.003662	 -0.001221	 0.022901	
166	 0.002686	 0.000244	 0.015267	
167	 -0.001953	 0.001953	 0.175573	
168	 -0.001709	 0.000000	 0.030534	
169	 -0.001709	 0.003662	 0.099237	
170	 0.000244	 0.002197	 -0.022901	
171	 -0.004883	 -0.003174	 0.022901	
172	 -0.000244	 -0.002197	 0.091603	
173	 -0.002197	 0.001465	 0.015267	
174	 -0.000732	 -0.000244	 -0.099237	
175	 -0.000488	 0.001709	 -0.137405	
176	 -0.005615	 0.003662	 0.083969	
177	 -0.002930	 0.004639	 -0.038168	
178	 -0.001709	 -0.002930	 -0.038168	
179	 0.001709	 -0.000244	 -0.007634	
180	 0.003174	 0.001221	 0.152672	
181	 -0.002441	 -0.000977	 -0.038168	
182	 0.009033	 0.001953	 -0.083969	
183	 -0.001221	 0.000732	 0.007634	
184	 0.000977	 -0.001221	 -0.145038	
185	 -0.001953	 0.001221	 -0.122137	
186	 -0.003906	 -0.001953	 0.000000	
187	 0.003906	 -0.001465	 0.061069	
188	 0.008301	 0.000732	 0.015267	
189	 0.004395	 0.002441	 -0.030534	
190	 -0.002197	 -0.001953	 0.061069	
191	 -0.006104	 -0.003174	 -0.045802	
192	 -0.002686	 0.003418	 0.091603	
193	 -0.002930	 0.000732	 -0.099237	
194	 0.005127	 -0.002441	 0.160305	
195	 -0.002197	 0.001953	 -0.038168	
196	 -0.002197	 -0.006592	 -0.068702	
197	 -0.008789	 -0.001221	 -0.145038	
198	 -0.001465	 -0.006104	 0.122137	
199	 -0.000732	 0.003662	 0.022901	
200	 -0.007080	 -0.003662	 -0.015267	
201	 -0.001709	 -0.000488	 -0.061069	
202	 0.002686	 -0.001221	 -0.061069	
203	 0.001953	 0.000488	 -0.114504	
204	 0.002930	 -0.000977	 -0.076336	
205	 -0.004639	 0.000000	 -0.114504	
206	 0.000977	 -0.001221	 -0.053435	
207	 0.000977	 -0.000244	 -0.145038	
208	 0.003906	 -0.001221	 -0.045802	
209	 0.004395	 0.002197	 -0.106870	
210	 -0.006104	 -0.002197	 0.290076	
211	 -0.001953	 -0.001465	 0.007634	
212	 -0.004150	 -0.000488	 -0.137405	
213	 0.001709	 -0.003418	 0.000000	
214	 -0.001465	 0.002441	 -0.038168	
215	 0.001709	 -0.002197	 -0.030534	
216	 -0.001709	 -0.006104	 -0.083969	
217	 -0.008057	 0.002930	 -0.030534	
218	 0.003906	 -0.007812	 0.022901	
219	 0.002441	 0.000488	 -0.038168	
220	 -0.001221	 -0.002441	 -0.183206	
221	 -0.001465	 0.002441	 -0.045802	
222	 0.002197	 0.001709	 -0.038168	
223	 -0.002441	 0.003662	 0.106870	
224	 0.002930	 0.002441	 -0.114504	
225	 -0.000244	 -0.010254	 0.083969	
226	 -0.003662	 -0.014160	 -0.015267	
227	 0.000244	 0.002197	 -0.099237	
228	 0.003662	 0.002197	 -0.091603	
229	 -0.008057	 -0.007324	 0.129771	
230	 -0.005859	 -0.000732	 0.000000	
231	 -0.000488	 0.006104	 -0.015267	
232	 -0.005127	 -0.005859	 -0.022901	
233	 0.002686	 -0.002686	 0.236641	
234	 0.004150	 -0.008789	 -0.114504	
235	 0.000977	 0.002441	 0.236641	
236	 0.015625	 -0.010986	 -0.038168	
237	 0.001709	 -0.005127	 -0.137405	
238	 0.007080	 0.001221	 -0.007634	
239	 0.000488	 0.000488	 -0.030534	
240	 0.006104	 -0.023193	 -0.213740	
241	 0.003174	 -0.006592	 0.259542	
242	 0.011230	 -0.009521	 0.068702	
243	 0.023926	 -0.020264	 -0.748092	
244	 -0.029053	 -0.028564	 -1.854962	
245	 0.020996	 -0.009033	 0.053435	
246	 -0.008057	 -0.001709	 -0.145038	
247	 0.002197	 0.006104	 -0.160305	
248	 0.002441	 0.000732	 0.045802	
249	 0.009521	 0.015137	 0.236641	
250	 0.017822	 0.001709	 -0.106870	
251	 -0.001953	 0.000488	 -0.160305	
252	 -0.007080	 0.001709	 0.053435	
253	 -0.002686	 0.003174	 0.053435	
254	 -0.001709	 0.001221	 0.022901	
1126913089	 3381.017822	 0.000000	 0.000000	
257	 -0.000732	 0.003418	 -0.076336	
258	 0.009277	 0.005371	 0.206107	
259	 0.001221	 0.003174	 -0.083969	
260	 -0.004150	 -0.000977	 -0.038168	
261	 -0.000732	 0.002686	 -0.160305	
262	 -0.002930	 0.002930	 -0.083969	
263	 0.005371	 0.007080	 -0.145038	
264	 -0.003906	 0.002441	 -0.114504	
265	 0.000000	 -0.001221	 0.106870	
266	 0.003418	 0.000000	 0.236641	
267	 0.010986	 -0.000732	 -0.198473	
268	 -0.002686	 0.002930	 -0.213740	
269	 -0.010010	 -0.000732	 -0.251908	
270	 0.000488	 0.003174	 -0.007634	
271	 0.005371	 0.005371	 -0.038168	
272	 0.000977	 0.004395	 -0.038168	
273	 -0.003418	 0.000977	 -0.167939	
274	 0.001221	 0.007080	 0.068702	
275	 0.005371	 0.002197	 -0.076336	
276	 0.005371	 0.001465	 -0.030534	
277	 -0.004150	 0.001221	 0.022901	
278	 0.001221	 0.005127	 -0.122137	
279	 -0.002930	 -0.003906	 0.091603	
280	 0.000000	 0.001709	 -0.045802	
281	 0.006592	 0.001221	 -0.106870	
282	 0.000977	 0.001465	 0.053435	
283	 0.004639	 -0.001709	 -0.022901	
284	 0.001953	 0.004395	 -0.091603	
285	 0.003662	 0.002441	 -0.152672	
286	 0.001709	 0.001221	 -0.114504	
287	 -0.002686	 0.000977	 -0.129771	
288	 0.004639	 0.005615	 -0.175573	
289	 0.002441	 0.002441	 -0.106870	
290	 -0.004150	 0.004639	 0.175573	
291	 0.000244	 0.002197	 -0.206107	
292	 0.008301	 0.003662	 -0.038168	
293	 0.001221	 0.000977	 -0.022901	
294	 0.002441	 -0.003418	 0.030534	
295	 -0.000977	 -0.000488	 0.106870	
296	 -0.000244	 0.003662	 0.076336	
297	 0.000000	 0.005615	 0.038168	
298	 0.004150	 0.002686	 -0.015267	
299	 0.000977	 0.004639	 0.076336	
300	 0.006348	 0.005127	 0.068702	
301	 0.000488	 0.006104	 -0.137405	
302	 0.004639	 0.000488	 -0.106870	
303	 0.003418	 -0.005127	 0.022901	
304	 -0.000732	 0.002197	 -0.045802	
305	 0.000977	 0.008789	 -0.122137	
306	 0.000000	 0.009033	 -0.015267	
307	 0.006836	 0.000977	 0.076336	
308	 0.000000	 0.016113	 -0.030534	
309	 0.002686	 -0.000977	 0.122137	
310	 0.000977	 0.006104	 -0.190840	
311	 0.001465	 0.007324	 0.030534	
312	 0.014160	 -0.005859	 0.450382	
313	 -0.017334	 0.004395	 0.022901	
314	 0.000488	 -0.003906	 0.000000	
315	 -0.003174	 0.006348	 0.015267	
316	 0.019043	 -0.000244	 -0.061069	
317	 0.000732	 0.004150	 -0.694656	
318	 -0.014893	 -0.000244	 0.259542	
319	 -0.001465	 0.042236	 0.809160	
320	 -0.014893	 -0.001709	 0.122137	
321	 -0.004150	 0.001465	 -0.061069	
322	 -0.008789	 0.001465	 -0.297710	
323	 0.004639	 0.031738	 1.259542	
324	 0.008789	 0.034668	 1.648855	
325	 0.005127	 0.015137	 0.030534	
326	 0.003418	 0.004639	 -0.122137	
327	 0.004150	 0.006348	 -0.152672	
328	 0.002686	 0.008057	 0.114504	
329	 0.005615	 0.008789	 0.030534	
330	 0.000488	 0.012695	 -0.007634	
331	 0.000732	 0.011719	 -0.007634	
332	 0.005859	 0.009277	 0.129771	
333	 0.003906	 0.002930	 -0.030534	
334	 -0.002930	 0.005127	 0.122137	
335	 -0.002197	 0.002441	 0.122137	
336	 0.004883	 0.012695	 -0.022901	
337	 0.004883	 0.009277	 -0.007634	
338	 0.007080	 0.008789	 0.091603	
339	 -0.004395	 0.004883	 -0.015267	
340	 0.000732	 0.017090	 0.099237	
341	 0.000244	 0.003906	 0.000000	
342	 -0.009033	 0.009033	 -0.045802	
343	 0.004395	 0.004150	 -0.015267	
344	 -0.004639	 0.010010	 -0.038168	
345	 0.001221	 0.000000	 -0.160305	
346	 0.000000	 -0.008789	 0.022901	
347	 0.039795	 0.018799	 -0.374046	
348	 0.000244	 0.006836	 -0.351145	
349	 0.010254	 -0.007812	 -0.236641	
350	 -0.005371	 0.004150	 -0.480916	
351	 0.003906	 0.002930	 -0.251908	
352	 0.005371	 0.000488	 -0.099237	
353	 0.000000	 -0.004883	 0.083969	
354	 -0.000488	 0.008301	 0.229008	
355	 0.000244	 -0.000732	 0.061069	
356	 -0.001221	 0.003418	 -0.122137	
357	 -0.325439	 -0.033691	 -1.656489	
358	 -0.121826	 -0.061279	 -2.824427	
359	 -0.226318	 -0.020264	 -1.000000	
360	 -0.046143	 0.016357	 0.488550	
361	 -0.068115	 -0.066162	 -3.335878	
362	 -0.265137	 0.120361	 -0.206107	
363	 -0.245117	 -0.081055	 -5.694656	
364	 -0.106445	 -0.018799	 -2.824427	
365	 0.073730	 0.161377	 -4.450382	
366	 -0.173096	 -0.067383	 -5.671756	
367	 -0.211426	 0.052734	 -5.366412	
368	 0.139648	 -0.075439	 -1.816794	
369	 0.348877	 -0.040527	 0.305344	
370	 0.148193	 0.095459	 -2.465649	
371	 0.185791	 0.024170	 0.229008	
372	 0.127441	 -0.059570	 -0.717557	
373	 0.000244	 0.002930	 -1.396947	
374	 0.027344	 0.004395	 -0.122137	
375	 -0.009277	 0.001221	 -0.015267	
376	 0.013428	 0.000977	 0.083969	
377	 -0.000977	 0.000488	 0.091603	
378	 0.007080	 -0.003418	 -0.038168	
379	 0.006592	 0.000000	 -0.091603	
380	 0.005615	 0.001709	 -0.030534	
381	 -0.008301	 -0.004150	 -0.007634	
382	 0.012939	 0.002930	 1.290076	
383	 0.121582	 0.067383	 19.564886	
384	 0.219238	 0.881592	 67.664124	
385	 0.466064	 0.486572	 100.770996	
386	 0.162842	 0.232422	 130.412216	
387	 -0.088623	 0.224365	 147.740463	
388	 -0.675049	 0.092773	 126.618324	
389	 -0.131104	 0.596436	 68.419846	
390	 -0.301025	 -0.397705	 31.664122	
391	 0.888428	 0.274170	 74.977097	
1126913089	 3381.017822	 0.000000	 0.000000	
394	 -0.145020	 0.425293	 207.488556	
395	 -0.197021	 -0.068604	 173.045807	
396	 -0.092773	 0.150635	 41.854961	
397	 0.047852	 -0.046631	 2.885496	
398	 -0.001709	 -0.036133	 0.801527	
399	 0.006104	 0.010498	 -0.030534	
400	 0.027832	 -0.011475	 0.114504	
1126913089	 3381.017822	 0.000000	 0.000000	
403	 -0.033203	 -0.019775	 0.083969	
404	 0.008301	 -0.010498	 -1.244275	
405	 0.031250	 0.007812	 0.427481	
406	 0.039062	 -0.001709	 -1.114504	
407	 0.043945	 -0.001465	 -2.412214	
408	 0.000977	 0.010254	 -1.442748	
409	 -0.001221	 0.003906	 -0.068702	
410	 0.004883	 -0.025391	 0.229008	
411	 0.043945	 -0.013184	 -0.290076	
412	 -0.073486	 0.052246	 5.786260	
413	 0.184082	 -0.008057	 5.114504	
414	 0.032715	 -0.030273	 3.290076	
415	 0.006836	 -0.007080	 1.977099	
416	 0.021973	 -0.021729	 0.938931	
417	 0.006104	 0.010254	 -0.259542	
418	 -0.000977	 -0.008545	 0.374046	
419	 0.010498	 -0.005371	 0.030534	
420	 0.019287	 -0.011963	 0.160305	
421	 0.032471	 0.018066	 -0.129771	
422	 -0.117676	 -0.119141	 -2.755725	
423	 -0.250000	 0.186035	 -19.442749	
424	 -0.259521	 -0.854980	 -33.633587	
425	 0.223389	 -0.078125	 -38.748093	
426	 0.234619	 0.038818	 -34.862595	
427	 0.245361	 -0.050293	 -18.358778	
428	 0.307617	 0.090576	 -2.900763	
429	 -0.031250	 -0.018066	 0.725191	
430	 -0.028320	 -0.100586	 -1.229008	
431	 0.390625	 0.110840	 -18.259542	
432	 0.090332	 0.065674	 -28.419847	
433	 0.244873	 0.075439	 -29.603054	
434	 0.114502	 0.089111	 -15.145039	
435	 0.248047	 0.143311	 1.511450	
436	 -0.323486	 -0.134521	 -11.320611	
437	 -0.654541	 -0.275391	 -25.374046	
438	 0.032959	 -0.025635	 -28.595419	
439	 0.181152	 0.032715	 -11.595420	
440	 0.940430	 -0.335938	 -25.664122	
441	 0.246826	 0.358154	 -9.450381	
442	 -0.008057	 0.186768	 -23.526718	
443	 0.223877	 0.016602	 -6.717557	
444	 -0.000732	 -0.074219	 0.847328	
445	 -0.450684	 0.332520	 0.946565	
446	 -0.486572	 0.339600	 -15.412213	
447	 0.061768	 -0.429688	 -29.946566	
448	 0.394775	 0.119141	 -13.412213	
449	 -0.730957	 -0.365234	 -28.458015	
450	 0.456787	 -0.224365	 -48.473282	
451	 0.738037	 -0.253174	 -42.595421	
452	 -1.208496	 0.163574	 -65.007637	
453	 0.016357	 0.053223	 -66.236641	
454	 0.539795	 0.187500	 -59.740459	
455	 -0.089600	 0.179688	 -47.503819	
456	 0.131592	 0.157715	 -30.458015	
457	 0.206299	 0.075928	 -16.374046	
458	 0.193848	 0.097656	 -4.175572	
459	 0.028564	 -0.372070	 -5.465649	
460	 -0.210693	 -0.631836	 -10.816793	
461	 -0.303955	 -0.164551	 -33.931297	
462	 0.115967	 0.058838	 -23.038168	
463	 0.598145	 -0.052246	 -34.580154	
464	 -0.884277	 0.522949	 -39.580154	
465	 0.331299	 0.048584	 -53.473282	
466	 0.072266	 -0.067139	 -30.496183	
467	 0.250977	 0.124512	 -10.374045	
468	 0.226074	 -0.045410	 1.480916	
469	 0.196777	 -0.046875	 -3.801527	
470	 0.392822	 0.115723	 -32.320610	
471	 0.489258	 -0.077148	 -63.198475	
472	 0.300293	 0.054932	 -89.671753	
473	 0.011230	 0.202148	 -67.129768	
474	 -0.355469	 0.166016	 -20.061069	
475	 -0.085938	 0.075684	 5.977099	
476	 -0.177734	 0.029053	 20.007633	
477	 -0.119629	 -0.031738	 15.167939	
478	 -0.287842	 -0.034668	 5.793893	
479	 0.059814	 0.046387	 -0.290076	
480	 0.034668	 0.011719	 0.045802	
481	 -0.578857	 0.036865	 -16.679390	
482	 -0.694092	 0.711182	 -46.946564	
483	 -0.029297	 -0.424316	 -51.091602	
484	 0.811279	 -0.747559	 -52.152672	
485	 0.119873	 0.027832	 -53.824429	
486	 0.179443	 0.084961	 -31.717558	
487	 -0.031738	 0.222656	 -14.473283	
488	 0.535400	 0.199219	 -27.076336	
489	 -0.302734	 0.151123	 -53.137405	
490	 0.323975	 -0.012695	 -59.259541	
491	 0.154297	 0.196777	 -31.824427	
492	 0.255127	 0.062012	 -13.488549	
493	 -1.009033	 -0.316162	 -28.389313	
494	 -0.000977	 -1.317383	 -23.564886	
495	 -0.057373	 0.557861	 -38.511452	
496	 0.298828	 -0.017578	 -29.381680	
497	 0.202393	 -0.000244	 -15.801527	
498	 0.119873	 0.601318	 -10.312977	
499	 -0.204102	 0.104980	 -17.435114	
500	 -0.859375	 0.648926	 -11.679389	
501	 -1.279297	 -0.204590	 -11.404580	
502	 0.056641	 -0.782715	 -5.702290	
503	 0.206299	 1.003662	 11.725191	
504	 0.284668	 0.324951	 13.358779	
505	 -1.088135	 0.148926	 19.603054	
506	 0.017334	 -0.098633	 62.083969	
507	 0.343750	 -0.035400	 81.916031	
508	 0.031250	 -0.067871	 63.595421	
509	 -0.099609	 0.031006	 47.114502	
510	 0.287842	 -0.169678	 39.000000	
511	 0.256592	 0.086182	 3.786260	
512	 0.137695	 -0.045898	 0.206107	
513	 0.071289	 0.020020	 -0.229008	
514	 0.028564	 0.003174	 0.099237	
515	 0.009033	 -0.003662	 -0.061069	
516	 0.015869	 0.001465	 -0.030534	
517	 0.017090	 -0.001221	 -0.022901	
518	 0.019287	 -0.004883	 -0.038168	
519	 0.017822	 -0.001221	 -0.022901	
520	 0.016602	 -0.000732	 -0.229008	
521	 0.014160	 0.001465	 0.000000	
522	 0.018555	 -0.006836	 0.030534	
523	 0.017334	 -0.003174	 -0.045802	
524	 0.017578	 -0.001221	 -0.122137	
525	 0.016602	 -0.001709	 -0.137405	
526	 0.066895	 0.020020	 0.091603	
527	 0.000732	 -0.005127	 -0.076336	
528	 0.022949	 0.017090	 -0.068702	
529	 0.032959	 -0.009521	 -0.015267	
530	 0.020020	 -0.008789	 0.129771	
531	 0.058838	 -0.028809	 0.625954	
532	 -0.008545	 -0.050049	 0.404580	
533	 0.011963	 -0.002197	 -0.206107	
534	 0.033203	 -0.004639	 -0.106870	
535	 0.017334	 -0.019531	 0.145038	
536	 0.022461	 0.000000	 0.114504	
537	 0.026611	 -0.006348	 -0.015267	
538	 0.000244	 -0.008545	 0.198473	
539	 0.009521	 -0.026611	 -0.129771	
540	 0.026123	 0.038818	 -0.259542	
541	 -0.004883	 0.059082	 0.076336	
542	 -0.030029	 -0.032227	 -0.366412	
543	 0.001465	 0.001953	 -0.297710	
544	 0.009277	 -0.005615	 2.778626	
545	 0.006348	 0.075928	 1.480916	
546	 0.027588	 0.000488	 0.236641	
547	 0.038086	 0.026367	 0.007634	
548	 0.018066	 0.044434	 -0.160305	
549	 0.035645	 -0.001221	 -0.007634	
550	 0.052979	 0.009766	 -0.236641	
551	 0.048584	 -0.011719	 0.114504	
552	 0.051270	 -0.032471	 -2.206107	
553	 0.038574	 -0.008789	 0.022901	
554	 0.052734	 -0.018066	 -0.526718	
555	 0.039307	 -0.003662	 1.732824	
556	 0.008545	 -0.009521	 -1.618321	
557	 0.053955	 0.014893	 -0.335878	
558	 0.011475	 0.011475	 0.152672	
559	 0.016602	 -0.008545	 -0.045802	
560	 0.009521	 -0.001709	 0.022901	
561	 0.007080	 -0.002686	 0.000000	
562	 0.013184	 -0.002686	 -0.145038	
563	 0.010986	 -0.001709	 0.068702	
564	 0.016113	 -0.006592	 -0.007634	
565	 0.012695	 -0.006348	 -0.068702	
566	 0.013916	 -0.007568	 -0.244275	
567	 0.008057	 -0.002930	 0.083969	
568	 0.011719	 -0.000732	 0.114504	
569	 0.022217	 -0.002930	 0.000000	
570	 0.011475	 -0.001221	 -0.068702	
571	 0.016602	 0.000244	 -0.030534	
572	 0.017090	 -0.001221	 -0.038168	
573	 0.016357	 -0.003174	 0.053435	
574	 0.005859	 0.000244	 -0.145038	
575	 0.007812	 -0.011963	 -0.091603	
576	 0.012451	 -0.004150	 0.091603	
577	 0.015869	 -0.007812	 -0.106870	
578	 0.013916	 -0.006348	 0.061069	
579	 0.018555	 -0.004395	 0.083969	
580	 0.016357	 -0.000244	 -0.053435	
581	 0.000488	 0.002197	 0.076336	
582	 0.020508	 -0.006104	 0.091603	
583	 0.022705	 0.006104	 -0.106870	
584	 0.016357	 -0.003418	 -0.114504	
585	 0.014648	 0.002441	 -0.152672	
586	 0.011230	 -0.001709	 -0.122137	
587	 0.012451	 -0.007324	 -0.045802	
588	 0.016602	 -0.003662	 -0.167939	
589	 0.013916	 -0.008057	 0.175573	
590	 0.005127	 -0.000977	 0.122137	
1126913089	 3381.017822	 0.000000	 0.000000	
593	 0.018555	 -0.008545	 -0.145038	
594	 0.015625	 0.003662	 -0.030534	
595	 0.017822	 0.003662	 -0.038168	
596	 0.013672	 0.003906	 0.083969	
597	 0.014648	 -0.001221	 0.091603	
598	 0.018555	 -0.006104	 0.015267	
599	 0.015137	 -0.001953	 0.015267	
600	 0.015137	 -0.002686	 -0.053435	
601	 0.015381	 -0.006836	 0.068702	
602	 0.016357	 -0.005371	 -0.083969	
603	 0.014648	 -0.003662	 0.145038	
604	 0.020264	 -0.004639	 -0.175573	
605	 0.016846	 -0.004395	 -0.038168	
606	 0.014648	 -0.003662	 -0.045802	
607	 0.016357	 -0.002686	 0.022901	
608	 0.017334	 -0.004150	 0.015267	
609	 0.014404	 0.000488	 0.099237	
610	 0.011719	 -0.003418	 -0.030534	
611	 0.011475	 0.001709	 0.000000	
612	 0.014893	 -0.000977	 0.030534	
613	 0.014648	 -0.011230	 -0.076336	
614	 0.015869	 -0.004150	 0.099237	
615	 0.011230	 -0.005127	 -0.030534	
616	 0.016357	 -0.003906	 -0.129771	
617	 0.012451	 -0.008057	 0.000000	
618	 0.011475	 -0.002930	 -0.076336	
619	 0.018555	 0.005615	 0.030534	
620	 0.016846	 -0.000488	 -0.076336	
621	 0.017822	 0.002197	 -0.160305	
622	 0.017578	 -0.002930	 0.053435	
623	 0.018799	 -0.002686	 0.175573	
624	 0.019775	 -0.000977	 -0.007634	
625	 0.013916	 -0.001465	 0.114504	
626	 0.015381	 0.002197	 0.076336	
627	 0.014404	 -0.010254	 -0.038168	
628	 0.023926	 -0.006348	 0.114504	
629	 0.016846	 -0.004639	 0.030534	
630	 0.014404	 -0.005127	 -0.122137	
631	 0.010498	 -0.005127	 -0.129771	
632	 0.016113	 -0.006592	 -0.068702	
633	 0.014893	 0.008057	 0.015267	
634	 0.012207	 0.002197	 0.175573	
635	 0.014404	 0.000732	 0.114504	
636	 0.012451	 0.001221	 0.000000	
637	 0.020752	 0.001221	 -0.053435	
638	 0.009766	 -0.007812	 -0.038168	
639	 0.019043	 -0.004639	 0.015267	
640	 0.015381	 -0.007324	 -0.030534	
641	 0.016357	 -0.006592	 -0.190840	
642	 0.016602	 -0.002441	 -0.061069	
643	 0.010254	 -0.002441	 0.015267	
644	 0.009521	 -0.001953	 -0.007634	
645	 0.016846	 -0.004150	 -0.053435	
646	 0.002930	 -0.006104	 -0.007634	
647	 0.014404	 0.002441	 0.045802	
648	 0.014404	 -0.003174	 0.076336	
649	 0.015381	 -0.003174	 0.015267	
650	 0.012451	 -0.005859	 -0.244275	
651	 0.013916	 -0.002441	 0.030534	
652	 0.017578	 -0.006592	 0.045802	
653	 0.009033	 -0.000732	 0.122137	
654	 0.013916	 0.002197	 0.022901	
655	 0.011475	 -0.005127	 -0.053435	
656	 0.011963	 -0.008789	 0.000000	
657	 0.006592	 0.002197	 0.053435	
658	 0.019287	 -0.004883	 -0.114504	
659	 0.097656	 -0.120361	 -1.625954	
660	 0.446289	 -0.025391	 -6.290076	
661	 0.001221	 0.232666	 -11.977099	
662	 0.280273	 -0.223877	 -9.396947	
663	 0.139404	 -0.171143	 -20.625954	
664	 -0.305176	 -0.832031	 -98.312981	
665	 0.631104	 0.282227	 -154.198471	
666	 0.132812	 -0.696533	 -187.740463	
667	 -0.020264	 -0.341553	 -116.145035	
668	 -0.184326	 0.028076	 -47.717556	
669	 -0.216309	 0.158936	 -4.603054	
670	 0.009277	 0.053955	 -5.885496	
671	 -0.159668	 -0.014404	 22.374046	
672	 -0.231445	 0.125244	 34.106869	
673	 -0.105713	 0.053467	 22.862595	
674	 -0.302002	 -0.132080	 8.809160	
675	 -0.037842	 0.030762	 1.885496	
676	 0.102783	 0.017822	 2.106870	
677	 -0.007812	 0.020264	 -0.381679	
678	 0.097168	 0.000488	 0.946565	
679	 0.013184	 0.001953	 -0.511450	
680	 0.011719	 0.002930	 -0.183206	
681	 0.010010	 0.006592	 -0.022901	
682	 0.011719	 0.000732	 -0.106870	
683	 0.012695	 0.003906	 -0.015267	
684	 0.017822	 0.002197	 0.061069	
685	 0.011475	 0.004883	 -0.030534	
686	 0.009766	 0.003174	 -0.083969	
687	 -0.102539	 -0.073242	 1.519084	
688	 0.342529	 0.394531	 9.839695	
689	 -0.423584	 0.034668	 6.114504	
690	 0.377197	 -0.606689	 -7.885496	
691	 0.407227	 -0.029297	 -27.450382	
692	 0.235840	 0.042969	 -18.969465	
693	 0.228516	 0.091309	 -1.595420	
694	 -0.010010	 0.023682	 1.458015	
695	 0.139160	 -0.045654	 0.549618	
696	 -0.007568	 0.175293	 6.969466	
697	 -0.288330	 0.035156	 34.725189	
698	 -0.180176	 0.368652	 39.015266	
699	 0.156250	 -0.148926	 39.687023	
700	 -0.713623	 0.566162	 33.244274	
701	 -0.471191	 0.025879	 27.167938	
702	 0.107178	 0.090088	 51.595421	
703	 0.166748	 -0.413818	 30.587786	
704	 -0.513672	 -0.082764	 41.839695	
705	 0.046631	 -0.173096	 98.885498	
706	 0.113037	 -0.160156	 70.885498	
707	 0.139893	 -0.245117	 12.099236	
708	 0.181641	 0.002441	 11.290076	
709	 0.197266	 -0.024414	 6.748092	
710	 0.138672	 0.078613	 1.977099	
711	 -0.035156	 0.038086	 -0.183206	
712	 -0.179443	 -0.029053	 -1.679389	
713	 -0.200439	 0.663330	 10.351145	
714	 -0.913330	 -0.279785	 21.122137	
715	 0.337402	 -0.047119	 33.106869	
716	 0.040039	 -0.275879	 9.610687	
717	 -0.024902	 -0.041748	 -1.229008	
718	 -0.007080	 0.023193	 1.931298	
719	 0.038086	 -0.016357	 -0.190840	
720	 0.015625	 0.004150	 0.152672	
721	 0.018311	 -0.002197	 -0.183206	
722	 0.011963	 -0.003418	 0.022901	
723	 0.017334	 0.000244	 -0.061069	
724	 0.014648	 -0.002197	 -0.198473	
725	 0.025146	 -0.001221	 -0.053435	
726	 0.030518	 0.001221	 0.053435	
727	 0.016357	 0.001465	 0.160305	
728	 0.026367	 0.001953	 -0.015267	
729	 0.013184	 -0.004883	 -0.007634	
730	 0.018799	 0.000244	 -0.091603	
731	 0.023438	 0.003418	 0.045802	
732	 0.017090	 0.004395	 -0.083969	
733	 0.021729	 -0.001221	 0.045802	
734	 0.021484	 -0.003174	 -0.137405	
735	 0.016357	 0.005859	 0.015267	
736	 0.019775	 0.002930	 0.015267	
737	 0.024414	 -0.000488	 0.083969	
738	 0.015869	 -0.000244	 -0.015267	
739	 0.019775	 0.006348	 -0.015267	
740	 0.025146	 -0.003906	 0.045802	
741	 0.019043	 0.006104	 -0.061069	
742	 0.020508	 -0.000977	 0.083969	
743	 0.022705	 0.000488	 0.015267	
744	 0.014648	 0.005859	 0.076336	
745	 -0.000732	 -0.008301	 1.534351	
746	 0.022461	 -0.005615	 -0.442748	
747	 0.049561	 0.002686	 -0.916031	
748	 -0.004639	 0.014648	 0.290076	
749	 0.036133	 0.004150	 0.297710	
750	 0.034912	 0.020508	 -0.022901	
751	 0.034180	 -0.010742	 1.412214	
752	 0.044922	 0.008301	 -0.022901	
753	 -0.000732	 0.018311	 0.206107	
754	 0.046875	 0.002197	 0.099237	
755	 -0.027344	 0.000488	 -0.007634	
756	 0.006592	 -0.000488	 -0.015267	
757	 0.018799	 0.004639	 -0.106870	
758	 0.024902	 0.005127	 -0.038168	
759	 0.017090	 0.001465	 0.045802	
760	 0.006592	 -0.002197	 -0.030534	
761	 0.021484	 -0.001221	 -0.007634	
762	 0.016602	 0.000244	 0.022901	
763	 0.020264	 0.002686	 -0.030534	
764	 0.020508	 0.006836	 0.000000	
765	 0.020020	 0.007812	 -0.122137	
766	 0.018799	 -0.002197	 0.015267	
767	 0.019531	 -0.002441	 0.007634	
768	 0.013672	 -0.001709	 0.015267	
769	 0.020752	 0.002930	 0.114504	
770	 0.014404	 -0.000488	 0.015267	
771	 0.021484	 0.000488	 0.007634	
772	 0.022217	 0.004395	 -0.061069	
773	 0.019531	 -0.002441	 -0.083969	
774	 0.016602	 0.002686	 -0.038168	
775	 0.018799	 -0.000977	 -0.030534	
776	 0.018311	 -0.000977	 0.053435	
777	 0.021240	 -0.001953	 -0.045802	
778	 0.027344	 0.001221	 0.015267	
779	 0.019531	 0.004639	 0.068702	
780	 0.023438	 -0.001953	 0.000000	
781	 0.020996	 0.007080	 0.083969	
782	 0.018311	 0.000732	 -0.015267	
783	 0.017090	 0.001953	 -0.114504	
784	 0.020752	 0.001465	 0.022901	
785	 0.013428	 0.003418	 -0.152672	
786	 0.382324	 0.173828	 1.923664	
787	 0.009521	 -0.321533	 20.641222	
788	 0.716797	 -0.273682	 61.091602	
789	 0.490967	 0.208252	 86.809158	
790	 0.185547	 0.147461	 124.541985	
791	 -1.005615	 -0.093018	 160.755722	
792	 -0.216553	 0.501709	 215.435120	
793	 -0.208008	 0.951904	 250.129776	
794	 0.104248	 0.198242	 250.129776	
795	 0.149658	 0.399658	 250.129776	
796	 0.030273	 0.825439	 250.129776	
797	 -0.136475	 0.240234	 250.129776	
798	 -0.352539	 0.075195	 140.030533	
799	 0.117432	 0.301514	 13.007633	
800	 -0.031738	 -0.044434	 0.366412	
801	 0.017090	 0.002686	 0.908397	
802	 0.013184	 0.016113	 -0.282443	
803	 0.011475	 0.018311	 -0.213740	
804	 0.021729	 0.009277	 -0.061069	
805	 0.001953	 0.007324	 0.381679	
806	 0.007568	 0.001465	 0.022901	
807	 0.008545	 0.007812	 -0.503817	
808	 -0.037354	 0.005615	 0.106870	
809	 0.003174	 0.002441	 -0.167939	
810	 0.023193	 -0.001709	 0.022901	
811	 0.014648	 0.006836	 -0.190840	
812	 0.037354	 0.036133	 -1.129771	
813	 0.044189	 0.003662	 1.053435	
814	 -0.000977	 0.012695	 -0.328244	
815	 0.015381	 0.016602	 0.068702	
816	 0.020996	 0.010254	 0.083969	
817	 0.015137	 0.006348	 -0.007634	
818	 0.024902	 0.002441	 -0.045802	
819	 0.016113	 0.027100	 0.022901	
820	 0.135498	 -0.045654	 -0.503817	
821	 0.205322	 -0.270752	 5.908397	
822	 -0.290771	 0.461426	 1.778626	
823	 0.437256	 -0.002930	 3.503817	
824	 0.110352	 -0.053711	 -0.595420	
825	 0.150391	 0.020752	 -0.954198	
826	 0.000244	 0.035889	 0.045802	
827	 0.041748	 0.005371	 0.259542	
828	 0.016602	 0.012695	 -0.030534	
829	 0.030518	 0.005615	 -0.099237	
830	 0.024414	 0.007568	 -0.007634	
831	 0.023926	 0.000732	 -0.061069	
832	 0.020996	 0.010010	 0.038168	
833	 0.035645	 0.038574	 0.977099	
834	 0.013184	 0.020020	 1.038168	
835	 0.008789	 -0.003906	 -0.106870	
836	 0.026855	 0.006104	 0.053435	
837	 0.069824	 0.019775	 0.083969	
838	 0.046387	 0.037109	 -0.732824	
839	 -0.106445	 -0.065430	 -1.595420	
840	 0.311279	 -0.057129	 15.030535	
841	 0.420898	 0.272705	 35.022900	
842	 0.230225	 -0.097412	 22.832062	
843	 0.289307	 -0.010254	 2.946565	
844	 -0.013184	 0.022949	 0.885496	
845	 0.026855	 0.006104	 0.946565	
846	 0.077637	 -0.111816	 -0.580153	
847	 -0.281006	 -0.273438	 -20.229008	
848	 0.493652	 -0.132568	 -22.954199	
849	 0.237793	 0.116943	 -9.503817	
850	 0.375977	 -0.324707	 -11.984733	
851	 0.466064	 0.000000	 -25.801527	
852	 -0.134521	 0.066162	 -22.274809	
853	 -0.517090	 0.518555	 -42.938931	
854	 -0.121582	 -0.478760	 -57.374046	
855	 0.136719	 0.146973	 -58.832062	
856	 -0.729248	 -0.331299	 7.541985	
857	 0.008789	 -0.034668	 2.114504	
858	 0.049316	 0.010254	 -0.778626	
859	 0.166748	 -0.140869	 -21.526718	
860	 -0.602783	 0.284424	 -46.916031	
861	 -0.043213	 -0.668945	 -84.557251	
862	 0.571289	 -0.299805	 -109.198471	
863	 -0.281982	 -0.231689	 -96.381676	
864	 -0.261963	 -0.218750	 -76.320610	
865	 -0.207031	 -0.061279	 -70.580154	
866	 0.064453	 -0.482422	 -63.244274	
867	 0.337646	 0.027344	 -91.251907	
868	 -0.159668	 0.232178	 -54.725189	
869	 -0.114990	 0.149902	 -3.984733	
870	 -0.042236	 -0.011963	 -3.954198	
871	 -0.278564	 0.006592	 -4.916030	
872	 -0.183350	 0.008789	 -4.099236	
1126913089	 3381.017822	 0.000000	 0.000000	
875	 -0.413818	 -0.045410	 -0.458015	
876	 -0.228271	 0.338379	 -0.595420	
877	 -0.302734	 0.165527	 -45.992367	
878	 0.210449	 0.090576	 -36.786259	
879	 0.105713	 0.025879	 -22.702290	
880	 0.387695	 0.132812	 -5.053435	
881	 -0.695312	 0.069824	 -13.854961	
882	 -0.384521	 0.384766	 -41.954197	
883	 0.100586	 -0.047119	 2.122137	
884	 0.053223	 -0.105957	 -5.465649	
885	 0.060303	 0.066162	 0.564885	
886	 -0.040527	 0.135010	 -1.022901	
887	 0.029541	 -0.293457	 -1.274809	
888	 -0.009033	 -0.360352	 -12.572519	
889	 -0.074463	 0.172852	 -19.595419	
890	 0.145508	 0.007568	 -27.534351	
891	 0.153809	 0.062744	 -3.496183	
892	 0.139648	 0.038330	 -0.465649	
893	 0.282471	 0.014404	 -0.923664	
894	 -0.011719	 0.018799	 0.114504	
895	 0.031006	 0.002197	 0.343511	
896	 0.027588	 0.001221	 -0.091603	
897	 0.012939	 -0.002441	 0.038168	
898	 0.021240	 0.000732	 -0.114504	
899	 0.019043	 0.006104	 -0.114504	
900	 0.021729	 0.003906	 -0.038168	
901	 0.015137	 0.000732	 -0.045802	
902	 0.028320	 0.008301	 -0.007634	
903	 0.016357	 0.008545	 0.000000	
904	 0.015625	 0.007080	 0.045802	
905	 0.017578	 0.003662	 -0.045802	
906	 0.020508	 0.003418	 0.106870	
907	 0.021729	 -0.000244	 -0.114504	
908	 0.019287	 -0.001465	 -0.091603	
909	 0.018311	 0.006104	 0.022901	
910	 0.017578	 0.002197	 0.000000	
911	 0.010742	 0.000488	 -0.083969	
912	 0.023682	 0.006592	 0.045802	
913	 0.013184	 0.006104	 0.076336	
914	 0.022217	 -0.002197	 0.129771	
915	 0.020996	 0.000244	 -0.068702	
917	 0.020020	 -0.002197	 0.007634	
918	 0.018799	 0.000977	 0.106870	
919	 0.016846	 0.008789	 0.145038	
920	 0.019775	 0.003174	 -0.083969	
921	 0.018555	 0.006104	 0.007634	
922	 0.020020	 0.005127	 0.045802	
923	 0.021973	 0.008057	 0.000000	
924	 0.025879	 -0.002441	 0.129771	
925	 0.021729	 0.004883	 0.000000	
926	 0.016357	 0.008301	 0.076336	
927	 0.018555	 0.003906	 -0.152672	
928	 0.017822	 0.001953	 0.022901	
929	 0.019043	 0.005127	 -0.083969	
930	 0.018311	 0.005127	 0.038168	
931	 0.020996	 0.003662	 0.076336	
932	 0.014648	 0.001465	 -0.007634	
933	 0.024658	 0.005615	 -0.022901	
934	 0.021240	 0.000000	 0.038168	
935	 0.020508	 0.006104	 -0.076336	
936	 0.024414	 0.003662	 -0.091603	
937	 0.019775	 0.010742	 -0.038168	
938	 0.024414	 -0.000732	 -0.114504	
939	 0.019043	 0.000977	 -0.091603	
940	 0.013916	 0.005615	 0.007634	
941	 0.013184	 0.001709	 0.007634	
942	 0.354248	 0.106934	 2.396947	
943	 0.397461	 -0.188232	 -1.679389	
944	 0.844238	 -0.002441	 4.709924	
945	 0.258057	 0.208740	 -9.801527	
946	 1.035400	 -0.365967	 -12.198473	
947	 -0.793213	 -0.028320	 -10.480916	
948	 -0.440918	 -0.242188	 -60.412212	
949	 0.219238	 -0.823486	 -137.351151	
950	 0.063477	 -0.584961	 -194.786255	
951	 -0.119629	 -0.541748	 -246.198471	
952	 0.211670	 -0.542480	 -196.244278	
953	 -0.229492	 -0.209229	 -132.954193	
954	 -0.338379	 -0.276367	 -110.259544	
955	 -0.277100	 -0.363770	 -79.824425	
956	 -0.461914	 0.524902	 4.709924	
957	 1.999939	 0.677979	 5.816794	
958	 -0.096680	 -0.063721	 -0.557252	
959	 -0.006592	 -0.010254	 -0.038168	
960	 0.047119	 -0.004395	 -0.167939	
961	 0.050537	 -0.018555	 -0.129771	
962	 0.034180	 -0.010498	 0.015267	
963	 0.018555	 -0.005127	 0.045802	
964	 0.260254	 0.051514	 -0.312977	
965	 0.693604	 0.016113	 3.419847	
966	 -1.570068	 -0.275635	 1.923664	
967	 -0.169678	 -0.354980	 -10.854961	
968	 -0.315674	 0.037109	 -0.984733	
969	 0.362061	 -0.042236	 -11.068703	
970	 0.034912	 -0.099121	 -23.297710	
971	 0.160400	 0.287842	 -26.190840	
972	 -1.269043	 0.015869	 -53.374046	
973	 1.430176	 -0.226807	 -45.427483	
974	 -0.230469	 0.214844	 -63.770992	
975	 0.322510	 0.135498	 -50.122139	
976	 0.042725	 -0.049072	 -36.183205	
977	 0.146729	 -0.298096	 -32.862595	
978	 0.055908	 0.119873	 -40.725189	
979	 0.058838	 0.001221	 -21.206106	
980	 0.241699	 0.035645	 -10.038168	
981	 0.093506	 0.006104	 0.526718	
982	 0.056885	 0.002197	 0.267176	
983	 -0.049805	 0.029541	 0.725191	
984	 0.013428	 -0.010254	 -0.106870	
985	 0.029785	 0.008545	 -0.167939	
986	 0.026855	 0.002441	 -0.030534	
987	 0.021973	 0.001221	 -0.083969	
988	 0.014648	 -0.001709	 -0.061069	
989	 0.031006	 0.001709	 -0.068702	
990	 0.028564	 -0.004395	 0.007634	
991	 0.021729	 0.003418	 0.114504	
992	 0.029785	 -0.006104	 -0.045802	
993	 0.025146	 0.001465	 0.022901	
994	 0.025879	 0.001953	 -0.007634	
995	 0.028320	 0.001953	 -0.137405	
996	 0.031494	 0.004150	 -0.015267	
997	 0.032959	 0.002441	 -0.022901	
998	 0.026367	 0.000977	 -0.068702	
999	 0.030029	 0.000244	 -0.038168	
1000	 0.029053	 -0.006348	 0.015267	
1001	 0.020508	 -0.000732	 -0.083969	
1002	 0.024414	 0.000244	 0.129771	
1003	 0.022461	 0.001465	 0.007634	
1004	 0.021240	 0.002686	 0.068702	
1005	 0.030029	 0.001709	 -0.045802	
1006	 0.028076	 0.000732	 -0.114504	
1007	 0.016602	 -0.003418	 -0.114504	
1008	 0.019287	 0.001953	 0.022901	
1009	 0.033447	 -0.000732	 -0.076336	
1010	 0.019775	 -0.000488	 0.221374	
1011	 0.031250	 -0.002930	 0.000000	
1012	 0.020752	 -0.000977	 -0.053435	
1013	 0.026611	 0.009033	 -0.030534	
1014	 0.022461	 -0.001953	 0.137405	
1015	 0.027100	 0.000000	 0.030534	
1016	 0.025635	 0.002441	 0.091603	
1017	 0.028809	 -0.003418	 0.106870	
1018	 0.028320	 -0.003418	 0.000000	
1019	 0.023193	 -0.000488	 -0.030534	
1020	 0.026855	 0.002930	 0.083969	
1021	 0.025879	 0.000488	 -0.007634	
1022	 0.021973	 -0.001953	 0.091603	
1023	 0.026123	 0.001221	 -0.007634	
1024	 0.027832	 0.000000	 0.030534	
1025	 0.340332	 0.102295	 -1.259542	
1026	 0.004150	 -0.014893	 2.778626	
1027	 -0.143066	 0.000488	 0.122137	
1028	 0.052246	 0.005859	 -0.374046	
1029	 -0.002686	 -0.002686	 -0.335878	
1030	 0.183838	 0.097168	 1.244275	
1031	 -0.153320	 -0.042236	 1.419847	
1032	 -0.316895	 0.089355	 -1.053435	
1033	 -0.017578	 0.003662	 0.458015	
1034	 0.047607	 0.001953	 -0.244275	
1035	 0.022949	 -0.000488	 0.038168	
1036	 0.017822	 -0.001465	 -0.015267	
1037	 0.017090	 -0.002441	 0.038168	
1038	 0.021240	 -0.000732	 -0.106870	
1039	 0.020508	 0.005615	 0.221374	
1040	 0.019287	 0.000000	 -0.030534	
1041	 0.017334	 0.000000	 0.114504	
1042	 0.020996	 0.002930	 0.068702	
1043	 0.022461	 0.004150	 -0.106870	
1044	 0.022949	 0.003174	 0.091603	
1045	 0.022705	 -0.006104	 -0.114504	
1046	 0.027344	 -0.000488	 0.000000	
1047	 0.023438	 0.000000	 -0.076336	
1048	 0.015381	 0.001465	 -0.038168	
1049	 0.020020	 0.002930	 0.099237	
1050	 0.019287	 0.000488	 0.137405	
1051	 0.018799	 -0.000732	 0.007634	
1052	 0.024902	 0.001709	 -0.106870	
1053	 0.023926	 -0.000977	 0.038168	
1054	 0.011963	 0.004639	 0.007634	
1055	 0.022461	 0.003174	 -0.366412	
1056	 0.022705	 0.006104	 0.099237	
1057	 0.031494	 -0.001709	 -0.061069	
1058	 0.018066	 -0.002197	 0.160305	
1059	 0.025879	 -0.001221	 -0.015267	
1060	 0.021240	 -0.001465	 -0.045802	
1061	 0.025635	 0.000000	 -0.152672	
1062	 0.069824	 -0.006592	 -1.717557	
1063	 0.006592	 -0.016846	 -0.381679	
1064	 0.001465	 -0.007324	 -0.183206	
1065	 -0.029541	 -0.011475	 -0.152672	
1066	 0.050781	 0.011475	 -1.694656	
1067	 0.085938	 0.024170	 -0.221374	
1068	 0.023682	 -0.036133	 0.458015	
1069	 0.037109	 -0.039307	 -0.099237	
1070	 0.031250	 -0.017090	 0.061069	
1071	 0.024414	 -0.008057	 -0.106870	
1072	 0.036377	 -0.016602	 -0.099237	
1073	 0.026855	 -0.008301	 -0.183206	
1074	 0.016357	 -0.014404	 0.015267	
1075	 0.020020	 -0.016113	 0.030534	
1076	 0.022461	 -0.005615	 0.076336	
1077	 0.043457	 0.087891	 2.473282	
1078	 -0.023193	 -0.041016	 0.000000	
1079	 0.053467	 -0.002197	 0.083969	
1080	 -0.012939	 -0.024414	 0.076336	
1081	 0.022949	 -0.013672	 0.152672	
1082	 0.023926	 0.010010	 0.015267	
1083	 0.021973	 -0.004395	 -0.061069	
1084	 0.024658	 -0.003174	 -0.015267	
1085	 0.023193	 -0.008057	 0.152672	
1086	 0.022705	 -0.003418	 -0.137405	
1087	 0.019287	 0.000732	 -0.068702	
1088	 0.013672	 -0.004150	 0.053435	
1089	 0.021973	 0.001465	 0.145038	
1090	 0.024170	 -0.004150	 0.022901	
1091	 0.020508	 -0.002441	 -0.068702	
1092	 0.025635	 -0.005127	 -0.091603	
1093	 0.027100	 -0.005127	 -0.083969	
1094	 0.020508	 -0.003906	 -0.030534	
1095	 0.018799	 -0.000244	 0.015267	
1096	 0.022705	 -0.000244	 0.083969	
1097	 0.019775	 -0.005371	 -0.244275	
1098	 0.022217	 0.000977	 -0.030534	
1099	 0.020752	 -0.003906	 -0.122137	
1100	 0.028076	 0.000244	 -0.061069	
1101	 0.024170	 -0.010010	 -0.045802	
1102	 0.024414	 -0.005371	 0.083969	
1103	 0.017090	 -0.006836	 0.007634	
1104	 0.022461	 -0.006592	 0.038168	
1105	 0.025146	 -0.007080	 0.061069	
1106	 0.023438	 -0.008301	 -0.053435	
1107	 0.029297	 -0.006592	 -0.106870	
1108	 0.024414	 0.000732	 -0.083969	
1109	 0.018311	 -0.000488	 -0.274809	
1110	 0.023682	 0.001465	 -0.015267	
1111	 0.024414	 -0.004150	 -0.076336	
1112	 0.022705	 -0.003906	 -0.030534	
1113	 0.021240	 -0.004150	 -0.007634	
1114	 0.006592	 -0.031738	 0.236641	
1115	 -0.032227	 -0.031006	 -1.526718	
1116	 0.006836	 -0.015137	 0.145038	
1117	 0.033936	 -0.015869	 0.488550	
1118	 0.019287	 -0.001709	 0.091603	
1119	 -0.121094	 -0.185303	 0.251908	
1120	 0.073730	 -0.036377	 -0.816794	
1121	 -0.011963	 0.012207	 -0.862595	
1122	 0.022217	 0.006104	 0.587786	
1123	 0.036865	 0.037842	 0.175573	
1124	 0.004639	 -0.017578	 0.236641	
1125	 -0.040283	 -0.023682	 0.213740	
1126	 0.031006	 0.018066	 0.160305	
1127	 0.064453	 0.004395	 -1.175573	
1128	 0.059570	 0.126221	 0.427481	
1129	 -0.024658	 -0.105225	 -4.755725	
1130	 0.067627	 0.023438	 0.297710	
1131	 0.006836	 0.020752	 -0.129771	
1132	 0.106201	 0.027588	 0.572519	
1133	 0.009521	 0.053467	 -0.091603	
1134	 0.025146	 0.005615	 0.534351	
1135	 -0.274414	 0.136719	 -0.114504	
1136	 0.089355	 -0.100098	 -4.862596	
1137	 0.046875	 -0.261230	 -4.847328	
1138	 0.052979	 0.252686	 20.167938	
1139	 -0.005371	 -0.067383	 -7.458015	
1140	 0.019775	 0.030029	 4.183206	
1141	 0.100830	 0.066162	 -3.267176	
1142	 0.104736	 -0.000977	 3.343511	
1143	 0.066406	 0.075684	 41.931297	
1144	 0.045654	 0.033203	 -6.297710	
1145	 -0.014404	 -0.175049	 0.083969	
1146	 0.061279	 0.001465	 3.938931	
1147	 0.165527	 -0.209961	 -4.213740	
1148	 0.162598	 -0.222900	 -1.770992	
1149	 0.191650	 -0.301270	 42.412212	
1150	 0.066406	 -0.184570	 29.519083	
1151	 0.127930	 -0.315918	 21.458015	
1152	 0.199951	 -0.228271	 2.167939	
1153	 0.227783	 -0.345215	 43.496181	
1154	 0.200684	 -0.321533	 14.610687	
1155	 0.184814	 -0.141113	 25.549618	
1156	 0.068848	 -0.197754	 23.053434	
1157	 0.129883	 -0.385254	 -27.984734	
1158	 0.474121	 -0.601318	 32.022900	
1159	 0.096436	 -0.267334	 0.007634	
1160	 0.103760	 -0.340820	 31.450382	
1161	 0.185791	 -0.231445	 21.022902	
1162	 0.123047	 -0.293457	 15.076336	
1163	 0.141113	 -0.218750	 16.145039	
1164	 0.173340	 -0.175293	 10.664123	
1165	 0.194092	 -0.126953	 13.122137	
1166	 0.184082	 -0.183350	 11.580153	
1167	 0.154785	 -0.087891	 -5.038168	
1168	 0.178711	 0.026855	 3.236641	
1169	 0.286133	 -0.053711	 46.000000	
1170	 0.231934	 0.098633	 24.984734	
1171	 0.286377	 0.105225	 4.145038	
1172	 0.213379	 0.365967	 34.022900	
1173	 0.254639	 0.022461	 37.167938	
1174	 0.154541	 0.031982	 -9.984733	
1175	 0.145264	 0.191895	 -2.244275	
1176	 -0.010498	 0.039551	 8.648855	
1177	 -0.020752	 -0.249268	 -79.488548	
1178	 0.062256	 0.465576	 -87.946564	
1179	 1.999939	 0.769531	 87.496185	
1180	 -0.307861	 0.102783	 -6.931298	
1181	 -0.369629	 -0.836426	 32.083969	
1182	 0.128174	 -0.316162	 14.671756	
1183	 0.048096	 -0.099609	 27.603054	
1184	 -0.025391	 0.041748	 -15.526717	
1185	 0.024414	 -0.080811	 -0.343511	
1186	 0.002686	 -0.098145	 0.259542	
1187	 0.001709	 -0.079590	 -0.007634	
1188	 0.012207	 -0.069336	 0.053435	
1189	 0.006348	 -0.060791	 0.030534	
1190	 0.011475	 -0.069824	 0.007634	
1191	 0.007080	 -0.081055	 -0.053435	
1192	 0.000977	 -0.076660	 0.007634	
1193	 0.009766	 -0.073242	 0.038168	
1194	 0.000488	 -0.074707	 0.038168	
1195	 0.012207	 -0.105225	 -0.038168	
1196	 0.003662	 -0.064941	 -0.007634	
1197	 -0.001465	 -0.072510	 -0.099237	
1198	 -0.011230	 -0.057861	 0.221374	
1199	 -0.006592	 -0.075195	 -0.015267	
1200	 0.017822	 -0.081543	 -0.328244	
1201	 -0.006348	 -0.057617	 -0.145038	
1202	 0.006348	 -0.061279	 -0.198473	
1203	 -0.006348	 -0.092285	 0.801527	
1204	 -0.002930	 -0.093750	 -0.183206	
1205	 0.007568	 -0.068115	 0.122137	
1206	 0.005859	 -0.074463	 -0.129771	
1207	 0.000488	 -0.072266	 -0.068702	
1208	 -0.000488	 -0.078369	 0.015267	
1209	 -0.008789	 -0.079346	 0.396947	
1210	 0.040283	 -0.073486	 0.038168	
1211	 -0.013916	 -0.083740	 0.076336	
1212	 0.003662	 -0.068604	 0.167939	
1213	 0.019775	 -0.067383	 0.038168	
1214	 0.009766	 -0.043457	 0.076336	
1215	 0.019043	 -0.052734	 -4.068702	
1216	 -0.002197	 -0.127197	 -0.206107	
1217	 0.007812	 -0.085205	 -0.190840	
1218	 -0.007812	 -0.085938	 0.061069	
1219	 0.022705	 -0.180420	 -0.549618	
1220	 0.056152	 -0.029053	 -0.053435	
1221	 -0.023438	 -0.184326	 -2.389313	
1222	 0.010986	 -0.022705	 1.908397	
1223	 0.011230	 -0.110107	 0.595420	
1224	 -0.077637	 -0.136230	 -0.213740	
1225	 -0.007324	 -0.085449	 -0.442748	
1226	 0.294434	 -0.168701	 0.061069	
1227	 -0.018799	 -0.182129	 -16.274809	
1228	 -0.036865	 -0.215088	 -47.572517	
1229	 0.229004	 -0.333008	 -53.473282	
1230	 -0.042725	 0.190674	 -16.206106	
1231	 -0.005859	 -0.143799	 9.374045	
1232	 0.003662	 -0.143311	 -5.419847	
1233	 -0.015625	 -0.136719	 -13.259542	
1234	 0.172607	 0.051025	 0.610687	
1235	 -0.031006	 -0.165283	 0.877863	
1236	 -0.065674	 -0.062988	 -7.916030	
1237	 0.292236	 0.581055	 41.946564	
1238	 -0.060303	 -0.262451	 -13.396947	
1239	 -0.047852	 -0.176514	 -0.007634	
1240	 0.047363	 -0.066895	 -0.160305	
1241	 -0.005127	 -0.047363	 0.091603	
1242	 -0.001953	 -0.051270	 -0.099237	
1243	 -0.037109	 -0.100342	 0.076336	
1244	 0.011963	 -0.000977	 -0.229008	
1245	 -0.014893	 -0.001465	 10.984733	
1246	 -0.041016	 0.050293	 0.404580	
1247	 -0.039307	 -0.116455	 -8.885496	
1248	 -0.016357	 0.047363	 16.809160	
1249	 -0.110596	 0.010498	 44.610687	
1250	 0.015137	 -0.050049	 9.916031	
1251	 0.025146	 -0.082764	 20.687023	
1252	 -0.040283	 -0.046143	 23.564886	
1253	 0.001953	 -0.078857	 8.839695	
1254	 -0.001953	 -0.040283	 2.938931	
1255	 0.000488	 -0.050293	 5.183206	
1256	 -0.109375	 -0.140869	 3.061069	
1257	 -0.031494	 -0.046631	 4.213740	
1258	 -0.027344	 -0.065430	 40.022900	
1259	 -0.028564	 -0.119385	 17.419847	
1260	 0.001953	 -0.141602	 6.381680	
1261	 0.010742	 -0.120605	 -0.267176	
1262	 0.029297	 -0.010986	 8.541985	
1263	 0.045654	 -0.093018	 36.923664	
1264	 -0.013916	 -0.163086	 35.503819	
1265	 -0.083984	 -0.088379	 9.931297	
1266	 0.005859	 -0.070801	 6.885496	
1267	 0.040039	 -0.134766	 32.396946	
1268	 -0.068359	 -0.245117	 15.152672	
1269	 0.010498	 -0.161377	 4.526718	
1270	 -0.011475	 -0.154053	 15.992367	
1271	 0.068115	 -0.040039	 -0.152672	
1272	 0.005371	 -0.040771	 -0.099237	
1273	 -0.022949	 -0.027588	 0.152672	
1274	 0.013428	 -0.043457	 -0.007634	
1275	 0.018799	 -0.036621	 0.000000	
1276	 -0.014648	 -0.053955	 1.045802	
1277	 0.054688	 0.038818	 -2.839695	
1278	 0.004395	 -0.064697	 -25.160305	
1279	 -0.018311	 -0.002930	 0.099237	
1280	 0.010742	 0.037109	 0.412214	
1281	 -0.003906	 -0.061768	 0.099237	
1282	 -0.085693	 -0.042725	 -3.129771	
