169148	 5780	 -0.022705	 0.007324	 -0.175573	
169166	 5781	 -0.025391	 -0.002197	 -0.145038	
169185	 5782	 -0.002441	 0.006104	 -0.068702	
169203	 5783	 -0.138184	 -0.027588	 0.450382	
169223	 5784	 -0.208496	 -0.009277	 -0.061069	
169241	 5785	 -0.147461	 0.066650	 0.145038	
169260	 5786	 0.091553	 -0.001709	 0.816794	
169278	 5787	 -0.137939	 0.023682	 -0.045802	
169297	 5788	 -0.002686	 -0.090820	 -0.480916	
169316	 5789	 -0.047852	 0.026855	 -2.083969	
169334	 5790	 0.170654	 -0.093018	 0.961832	
169354	 5791	 -0.057129	 -0.015381	 0.412214	
169372	 5792	 -0.239258	 0.050293	 0.274809	
169391	 5793	 -0.064453	 -0.023926	 1.358779	
169410	 5794	 -0.093018	 -0.052490	 0.557252	
169428	 5795	 -0.028809	 -0.027344	 -0.206107	
169447	 5796	 0.012451	 0.176514	 2.206107	
169465	 5797	 -0.071777	 -0.126221	 -1.251908	
169485	 5798	 -0.041504	 0.106445	 1.473282	
169503	 5799	 -0.016846	 -0.057373	 0.946565	
169522	 5800	 -0.081299	 -0.057373	 0.366412	
169540	 5801	 0.012939	 0.080078	 1.061069	
169560	 5802	 -0.006836	 -0.142822	 -0.114504	
169578	 5803	 -0.030762	 0.109863	 1.106870	
169596	 5804	 0.040283	 -0.069580	 0.458015	
169616	 5805	 0.104248	 -0.048096	 0.305344	
169634	 5806	 -0.263672	 -0.089600	 1.519084	
169653	 5807	 0.277588	 0.208252	 2.488550	
169671	 5808	 0.062256	 -0.129639	 2.885496	
169691	 5809	 0.022705	 0.147461	 1.145038	
169709	 5810	 -0.094971	 -0.045898	 0.404580	
169728	 5811	 0.258789	 0.148682	 3.770992	
169747	 5812	 -0.237549	 -0.035645	 0.595420	
169765	 5813	 0.011719	 0.074463	 3.053435	
169784	 5814	 -0.296875	 -0.371338	 -2.114504	
169803	 5815	 0.072266	 0.077881	 0.770992	
169822	 5816	 -0.257812	 -0.003906	 1.641221	
169840	 5817	 0.247803	 -0.034424	 4.030534	
169859	 5818	 0.047363	 0.114258	 -0.893130	
169878	 5819	 0.072021	 0.017334	 0.137405	
169896	 5820	 -0.143066	 -0.123047	 -0.900763	
169915	 5821	 -0.002686	 -0.182617	 -0.587786	
169933	 5822	 0.065918	 0.260498	 0.267176	
169953	 5823	 -0.153076	 -0.155273	 -2.290076	
169971	 5824	 0.142334	 0.173828	 -0.694656	
169990	 5825	 -0.159912	 0.014648	 1.679389	
170009	 5826	 0.315186	 0.104248	 2.977099	
170028	 5827	 0.166504	 0.246338	 10.709924	
170046	 5828	 -0.065430	 0.120361	 13.572519	
170065	 5829	 0.430664	 0.294434	 18.969465	
170084	 5830	 0.269287	 -0.202881	 12.984733	
170102	 5831	 -0.117188	 0.266357	 22.374046	
170121	 5832	 -0.533691	 0.022705	 19.824427	
170140	 5833	 -0.055176	 -0.135742	 22.244274	
170159	 5834	 0.195801	 0.043457	 21.717558	
170177	 5835	 0.052734	 -0.079590	 22.206106	
170196	 5836	 -0.037598	 -0.243164	 16.603054	
170215	 5837	 0.236816	 -0.495117	 10.458015	
170233	 5838	 0.304443	 0.176758	 6.145038	
170252	 5839	 -0.001465	 -0.151611	 2.305344	
170271	 5840	 -0.261230	 -0.347412	 -1.297710	
170290	 5841	 -0.038818	 -0.063965	 5.312977	
170308	 5842	 0.027588	 0.262207	 1.175573	
170328	 5843	 -0.087891	 -0.232666	 3.564885	
170346	 5844	 -0.042969	 0.099121	 3.480916	
170364	 5845	 -0.275635	 -0.021240	 0.816794	
170384	 5846	 0.251709	 0.200439	 0.671756	
170402	 5847	 -0.515381	 -0.082764	 2.412214	
170421	 5848	 0.280029	 0.084961	 5.343512	
170439	 5849	 0.222656	 0.052734	 10.152672	
170459	 5850	 -0.161377	 0.032959	 7.473282	
170477	 5851	 0.045410	 -0.151123	 6.664122	
170496	 5852	 0.098145	 -0.141357	 11.656488	
170515	 5853	 -0.250244	 0.134277	 8.160305	
170533	 5854	 -0.283691	 -0.151123	 10.908397	
170552	 5855	 0.515869	 0.078125	 11.748092	
170570	 5856	 -0.059814	 0.112305	 9.038168	
170590	 5857	 0.140869	 0.115479	 7.946565	
170608	 5858	 0.052246	 0.051025	 8.442748	
170627	 5859	 0.014893	 -0.128174	 6.267176	
170646	 5860	 -0.268555	 -0.198242	 6.236641	
170664	 5861	 -0.078857	 -0.129639	 9.274809	
170683	 5862	 0.106934	 -0.059326	 8.870229	
170702	 5863	 -0.054199	 -0.142822	 10.732824	
170721	 5864	 -0.270020	 0.079102	 7.442748	
170739	 5865	 0.144287	 0.041260	 8.977099	
170758	 5866	 0.183594	 0.013916	 6.160306	
170777	 5867	 0.223877	 -0.278076	 11.244275	
170796	 5868	 0.255615	 0.327637	 6.778626	
170814	 5869	 0.219482	 0.143799	 8.862596	
170832	 5870	 -0.453369	 -0.365234	 9.244275	
170852	 5871	 0.145508	 0.108398	 7.374046	
170870	 5872	 0.557129	 0.230469	 9.282443	
170889	 5873	 0.414062	 0.100586	 13.725191	
170908	 5874	 -0.283203	 -0.265137	 11.160305	
170927	 5875	 0.019775	 0.208252	 11.312977	
170945	 5876	 -0.342773	 -0.054199	 12.526717	
170963	 5877	 -0.308350	 0.171387	 14.793893	
170983	 5878	 -0.044434	 -0.062256	 15.709924	
171001	 5879	 0.430664	 0.274414	 13.526717	
171020	 5880	 0.374268	 0.035889	 17.290077	
171038	 5881	 -0.119629	 0.213623	 15.152672	
171058	 5882	 0.243652	 -0.156494	 12.595420	
171076	 5883	 -0.154053	 0.226807	 14.213740	
171095	 5884	 0.051025	 -0.169922	 12.725191	
171114	 5885	 -0.014160	 0.328613	 13.396947	
171132	 5886	 -0.633057	 -0.076416	 15.587787	
171151	 5887	 -0.057861	 0.106445	 13.419847	
171169	 5888	 0.341797	 -0.434326	 11.625955	
171189	 5889	 0.008789	 0.342529	 17.343512	
171207	 5890	 0.184326	 0.209473	 16.473282	
171226	 5891	 0.361328	 -0.107178	 14.717557	
171244	 5892	 0.286621	 0.086426	 15.725191	
171264	 5893	 -0.310303	 -0.141357	 15.083969	
171282	 5894	 0.417725	 0.100830	 15.633588	
171300	 5895	 0.094971	 -0.040771	 16.694656	
171319	 5896	 -0.444824	 -0.093262	 13.900764	
171338	 5897	 -0.075684	 0.099609	 16.526718	
171357	 5898	 -0.223633	 0.008789	 14.267176	
171375	 5899	 0.403076	 0.105225	 20.129770	
171395	 5900	 0.156006	 0.053467	 15.396947	
171413	 5901	 -0.658936	 -0.234131	 14.312977	
171431	 5902	 -0.229492	 0.066406	 18.847328	
171451	 5903	 0.048340	 -0.166016	 18.091602	
171469	 5904	 0.324707	 -0.300781	 17.847328	
171488	 5905	 -0.102295	 0.027832	 15.320611	
171506	 5906	 0.020752	 0.060059	 17.145039	
171526	 5907	 -0.167969	 0.032715	 8.992367	
171544	 5908	 -0.368652	 -0.178223	 1.061069	
171563	 5909	 -0.126709	 0.164551	 4.419847	
171582	 5910	 0.338135	 -0.023926	 2.083969	
171600	 5911	 0.089355	 -0.163574	 3.824427	
171619	 5912	 0.137695	 0.262207	 4.244275	
171637	 5913	 0.011475	 0.024170	 0.473282	
171657	 5914	 0.042969	 -0.242432	 -2.763359	
171675	 5915	 0.242188	 -0.018311	 1.007634	
171694	 5916	 -0.194824	 0.122070	 0.175573	
171712	 5917	 -0.106201	 -0.043213	 -1.412214	
171731	 5918	 -0.030518	 -0.236328	 -1.366412	
171750	 5919	 0.053467	 0.015869	 -4.282443	
171768	 5920	 0.043945	 0.250244	 -3.068702	
171788	 5921	 -0.237305	 -0.015381	 -3.534351	
171806	 5922	 -0.218506	 -0.122803	 -2.954198	
171825	 5923	 -0.249023	 0.107178	 -3.572519	
171843	 5924	 0.111084	 0.171387	 -2.358779	
171863	 5925	 -0.083984	 -0.179443	 -0.870229	
171881	 5926	 -0.082031	 0.221436	 -4.167939	
171899	 5927	 -0.158447	 -0.057617	 -5.244275	
171919	 5928	 0.011230	 0.116943	 -5.526718	
171937	 5929	 0.281494	 0.084717	 -3.671756	
171956	 5930	 0.351807	 -0.053711	 -6.022901	
171974	 5931	 -0.242432	 0.166748	 -2.335878	
171994	 5932	 0.024414	 0.511230	 -3.488550	
172012	 5933	 0.254395	 -0.184814	 -2.870229	
172030	 5934	 0.438232	 0.095947	 -3.938931	
172050	 5935	 -0.040527	 0.118408	 -3.916031	
172068	 5936	 0.082520	 -0.054688	 -3.870229	
172087	 5937	 -0.071777	 0.241455	 -2.396947	
172105	 5938	 -0.198730	 0.020996	 -6.916030	
172125	 5939	 -0.358398	 0.063721	 -5.931298	
172143	 5940	 -0.170654	 0.044922	 -1.793893	
172162	 5941	 0.293701	 -0.043457	 -5.129771	
172181	 5942	 0.578369	 -0.289307	 -4.435114	
172199	 5943	 0.166504	 0.419922	 -6.496183	
172218	 5944	 0.271240	 -0.520264	 -2.824427	
172237	 5945	 0.249756	 0.073730	 -3.267176	
172256	 5946	 -0.061768	 -0.104004	 -1.259542	
172274	 5947	 -0.416748	 -0.180176	 -5.206107	
172294	 5948	 0.268555	 0.297119	 -3.687023	
172312	 5949	 0.167725	 0.090088	 -0.870229	
172331	 5950	 0.172607	 0.030762	 -1.427481	
172349	 5951	 0.153809	 0.166260	 -4.587786	
172368	 5952	 -0.047852	 0.260498	 -0.297710	
172387	 5953	 0.249512	 -0.130615	 -4.725191	
172405	 5954	 0.224609	 -0.041748	 -4.801527	
172425	 5955	 0.065186	 -0.081299	 -4.221374	
172443	 5956	 0.061035	 0.146484	 -0.694656	
174877	 6086	 0.007812	 -0.011475	 0.000000	
174896	 6087	 0.004883	 0.004883	 -0.160305	
174914	 6088	 0.007324	 -0.023193	 -0.122137	
174934	 6089	 0.001221	 0.005615	 0.015267	
174952	 6090	 0.008789	 -0.006836	 -0.061069	
174970	 6091	 0.004395	 -0.014648	 0.000000	
174989	 6092	 0.007080	 -0.000977	 -0.106870	
175008	 6093	 0.001953	 -0.010010	 0.000000	
175027	 6094	 0.010254	 0.000244	 0.038168	
175045	 6095	 0.006592	 -0.005127	 0.068702	
175064	 6096	 0.004395	 -0.008789	 -0.106870	
175083	 6097	 0.003418	 -0.006104	 -0.045802	
175101	 6098	 0.003662	 -0.006592	 -0.145038	
175120	 6099	 0.001953	 -0.004639	 0.007634	
175139	 6100	 0.000488	 -0.005371	 0.076336	
175158	 6101	 0.004150	 -0.004639	 -0.053435	
175176	 6102	 0.008545	 -0.005615	 -0.038168	
175196	 6103	 0.007568	 0.001953	 -0.221374	
175214	 6104	 0.004395	 -0.001953	 -0.022901	
175233	 6105	 0.009033	 -0.007080	 -0.068702	
175251	 6106	 0.008545	 0.000000	 0.038168	
175270	 6107	 0.005615	 -0.006836	 0.076336	
175289	 6108	 0.005127	 -0.004883	 -0.068702	
175307	 6109	 0.001709	 -0.005615	 -0.015267	
175326	 6110	 0.003418	 -0.010742	 -0.167939	
175345	 6111	 0.008545	 -0.005127	 0.030534	
175364	 6112	 0.010986	 -0.004883	 0.061069	
175382	 6113	 0.008545	 0.002930	 -0.137405	
175401	 6114	 0.009033	 -0.006104	 -0.061069	
175420	 6115	 0.009521	 -0.003906	 -0.083969	
175438	 6116	 0.000488	 -0.005615	 -0.022901	
175457	 6117	 0.003906	 -0.003906	 -0.007634	
175476	 6118	 0.003174	 -0.002686	 0.007634	
175495	 6119	 0.002686	 -0.015625	 0.076336	
175513	 6120	 0.006592	 0.004639	 -0.038168	
175533	 6121	 0.003906	 -0.013428	 -0.007634	
175551	 6122	 -0.002441	 -0.003662	 -0.045802	
175569	 6123	 0.002441	 -0.005859	 -0.038168	
175589	 6124	 0.006592	 -0.005615	 0.038168	
175607	 6125	 0.007812	 0.001465	 0.061069	
175626	 6126	 0.006104	 -0.001709	 0.053435	
175644	 6127	 0.000488	 -0.004639	 0.099237	
175664	 6128	 0.002441	 -0.011475	 -0.038168	
175682	 6129	 0.000488	 -0.002197	 -0.076336	
175700	 6130	 0.008057	 -0.005615	 0.083969	
175719	 6131	 0.010254	 -0.009521	 0.145038	
175738	 6132	 0.003418	 -0.006592	 0.007634	
175757	 6133	 0.002930	 -0.003174	 -0.183206	
175775	 6134	 0.002930	 -0.003418	 -0.183206	
175795	 6135	 0.010010	 -0.003418	 -0.038168	
175813	 6136	 0.005127	 0.000244	 -0.076336	
175832	 6137	 0.004150	 -0.010498	 -0.160305	
175851	 6138	 0.007568	 -0.009521	 -0.015267	
175869	 6139	 0.004883	 -0.008301	 -0.022901	
175888	 6140	 0.010742	 -0.001953	 0.137405	
175906	 6141	 0.006836	 0.003906	 -0.106870	
175926	 6142	 0.002686	 -0.018799	 0.015267	
175944	 6143	 -0.000977	 0.006104	 -0.045802	
175963	 6144	 0.005371	 -0.011230	 -0.076336	
175982	 6145	 0.008301	 -0.009766	 -0.022901	
176001	 6146	 0.005371	 0.006348	 -0.007634	
176019	 6147	 0.004639	 -0.010498	 -0.083969	
176038	 6148	 0.007080	 -0.005127	 -0.007634	
176057	 6149	 0.004150	 -0.002930	 -0.038168	
176075	 6150	 0.002930	 -0.008545	 0.122137	
176094	 6151	 -0.006104	 0.000488	 0.007634	
176113	 6152	 0.001709	 -0.008789	 -0.030534	
176132	 6153	 0.008057	 -0.003174	 -0.015267	
176150	 6154	 0.005859	 -0.010986	 0.068702	
176168	 6155	 -0.000488	 -0.007324	 0.007634	
176188	 6156	 0.011230	 -0.006592	 0.076336	
176206	 6157	 0.006348	 -0.002441	 -0.045802	
176225	 6158	 0.007812	 -0.006348	 0.167939	
176244	 6159	 0.000000	 -0.007568	 -0.129771	
176263	 6160	 0.006104	 -0.006104	 -0.045802	
176281	 6161	 0.005859	 -0.009277	 -0.152672	
176301	 6162	 0.002686	 0.001221	 0.076336	
176319	 6163	 0.004639	 -0.006348	 0.068702	
176337	 6164	 0.004639	 -0.007812	 0.000000	
176356	 6165	 0.001953	 -0.004150	 -0.015267	
176375	 6166	 0.003174	 -0.009766	 -0.015267	
176412	 6168	 0.004883	 -0.003418	 -0.022901	
176432	 6169	 0.006836	 -0.002930	 0.022901	
176450	 6170	 0.003662	 0.000000	 0.091603	
176468	 6171	 0.004395	 0.000732	 -0.068702	
176487	 6172	 0.007812	 -0.005127	 0.038168	
176506	 6173	 0.003174	 -0.002686	 -0.160305	
176525	 6174	 0.003174	 -0.007568	 -0.091603	
176543	 6175	 0.005371	 0.000244	 0.068702	
176563	 6176	 0.002197	 -0.010254	 -0.160305	
176581	 6177	 0.003418	 -0.007812	 0.015267	
176600	 6178	 0.008057	 -0.006836	 -0.007634	
176618	 6179	 0.003906	 -0.003662	 -0.099237	
176637	 6180	 0.000000	 -0.007568	 0.106870	
176656	 6181	 0.001221	 -0.001465	 0.053435	
176674	 6182	 0.010254	 -0.003906	 -0.022901	
176694	 6183	 0.007568	 -0.004883	 -0.183206	
176712	 6184	 0.004639	 -0.005859	 -0.076336	
176731	 6185	 0.003174	 -0.007568	 0.022901	
176749	 6186	 0.005859	 -0.001953	 -0.030534	
176769	 6187	 0.007324	 -0.003906	 -0.030534	
176787	 6188	 0.006836	 -0.011963	 0.030534	
176805	 6189	 0.011719	 -0.005615	 -0.076336	
176824	 6190	 0.002686	 -0.000977	 0.083969	
176842	 6191	 0.003174	 -0.002930	 0.137405	
176862	 6192	 0.004395	 -0.006348	 0.083969	
176880	 6193	 0.005859	 -0.000977	 -0.068702	
176899	 6194	 0.005127	 -0.008545	 -0.030534	
176918	 6195	 0.004395	 -0.007080	 -0.022901	
176936	 6196	 0.005127	 -0.000732	 -0.114504	
176955	 6197	 0.003906	 -0.000732	 -0.091603	
176973	 6198	 0.004883	 -0.006348	 0.000000	
176993	 6199	 0.004150	 0.000000	 0.015267	
177011	 6200	 0.002441	 -0.008057	 0.038168	
177030	 6201	 0.008301	 -0.007080	 -0.160305	
177049	 6202	 0.008789	 0.000488	 -0.007634	
177068	 6203	 0.007812	 -0.015137	 0.160305	
177086	 6204	 -0.003662	 -0.003418	 -0.137405	
177104	 6205	 0.002441	 -0.002197	 -0.145038	
177124	 6206	 0.006348	 -0.003662	 -0.160305	
177142	 6207	 0.002686	 -0.001953	 -0.137405	
177161	 6208	 0.001953	 -0.007812	 -0.030534	
177180	 6209	 0.005127	 -0.003174	 0.000000	
177199	 6210	 0.001221	 -0.006836	 0.068702	
177217	 6211	 0.001953	 -0.005859	 0.152672	
177235	 6212	 0.000732	 -0.005127	 0.091603	
177255	 6213	 0.004395	 -0.006348	 -0.022901	
177273	 6214	 0.008057	 0.001221	 0.068702	
177292	 6215	 0.001953	 0.000732	 -0.091603	
177310	 6216	 0.003662	 -0.008789	 -0.152672	
177330	 6217	 0.007080	 -0.001221	 0.022901	
177348	 6218	 0.006592	 -0.011719	 0.106870	
177367	 6219	 0.010254	 0.006592	 -0.167939	
177386	 6220	 0.009521	 -0.011475	 0.030534	
177404	 6221	 0.004883	 0.002686	 -0.076336	
177423	 6222	 0.003662	 -0.005859	 -0.007634	
177442	 6223	 0.006348	 -0.005859	 0.015267	
177461	 6224	 0.003906	 0.000977	 0.099237	
177479	 6225	 0.005127	 -0.003906	 0.000000	
177498	 6226	 0.001221	 -0.002441	 0.061069	
177517	 6227	 0.004883	 -0.010986	 -0.091603	
177536	 6228	 0.006348	 -0.007568	 -0.007634	
177554	 6229	 0.002686	 -0.006836	 -0.167939	
177573	 6230	 -0.001221	 -0.000977	 -0.053435	
177592	 6231	 0.006104	 -0.003906	 0.076336	
177610	 6232	 0.003174	 -0.006836	 -0.129771	
177629	 6233	 0.004883	 -0.002441	 0.015267	
177648	 6234	 0.009277	 -0.008057	 0.030534	
177667	 6235	 -0.001221	 -0.005859	 -0.190840	
177685	 6236	 0.004395	 -0.007080	 0.015267	
177703	 6237	 0.002197	 -0.006592	 -0.145038	
177723	 6238	 0.005127	 -0.006836	 0.068702	
177741	 6239	 0.003174	 -0.004639	 -0.015267	
177760	 6240	 0.007812	 -0.006836	 0.045802	
177779	 6241	 0.003174	 -0.008789	 -0.068702	
177798	 6242	 0.002441	 -0.008057	 -0.106870	
177816	 6243	 0.002197	 -0.004395	 -0.022901	
177835	 6244	 0.005859	 -0.006592	 -0.015267	
177853	 6245	 0.001953	 -0.004395	 -0.068702	
177872	 6246	 0.002441	 -0.004883	 0.030534	
177891	 6247	 0.007812	 -0.007568	 0.022901	
177909	 6248	 0.005371	 -0.004883	 0.106870	
177929	 6249	 0.003906	 0.000244	 -0.083969	
177947	 6250	 0.004639	 -0.000732	 0.129771	
177966	 6251	 0.006592	 -0.011230	 0.022901	
177984	 6252	 0.009277	 -0.007080	 0.015267	
178003	 6253	 0.000000	 -0.006592	 0.007634	
178022	 6254	 0.006592	 -0.005615	 -0.061069	
178040	 6255	 0.002686	 -0.007812	 0.145038	
178059	 6256	 0.003418	 -0.002686	 -0.091603	
178078	 6257	 0.005127	 -0.002441	 -0.129771	
179183	 6316	 0.004395	 -0.002441	 0.076336	
179202	 6317	 0.006592	 -0.004639	 0.091603	
179221	 6318	 0.009277	 -0.006348	 -0.190840	
179239	 6319	 0.006348	 -0.005371	 -0.038168	
179258	 6320	 -0.001221	 -0.006592	 0.000000	
179277	 6321	 0.003662	 -0.006592	 -0.061069	
179296	 6322	 0.000000	 -0.006104	 0.106870	
179314	 6323	 0.004883	 -0.001221	 -0.030534	
179333	 6324	 0.001709	 -0.007080	 -0.099237	
179371	 6326	 0.005371	 -0.005371	 -0.114504	
179389	 6327	 0.002197	 -0.003662	 0.061069	
179408	 6328	 0.003418	 -0.002686	 -0.045802	
179427	 6329	 -0.001709	 -0.004150	 -0.106870	
179445	 6330	 0.006592	 -0.001953	 0.114504	
179465	 6331	 -0.002197	 -0.004150	 -0.061069	
179483	 6332	 0.001953	 -0.008545	 0.167939	
179502	 6333	 0.004395	 -0.000977	 0.007634	
179520	 6334	 -0.001953	 -0.007812	 -0.160305	
179539	 6335	 0.000977	 -0.005371	 0.038168	
179558	 6336	 0.004639	 -0.008057	 -0.061069	
179576	 6337	 0.002197	 -0.005859	 0.068702	
179596	 6338	 0.004883	 -0.008545	 -0.183206	
179614	 6339	 0.004639	 0.000244	 0.053435	
179633	 6340	 0.008301	 -0.004639	 -0.061069	
179651	 6341	 0.007812	 -0.000488	 -0.061069	
179671	 6342	 0.003662	 -0.005615	 -0.030534	
179689	 6343	 0.014160	 -0.004150	 0.106870	
179707	 6344	 0.012695	 -0.006592	 0.007634	
179726	 6345	 0.002686	 -0.007324	 0.030534	
180101	 6365	 0.003906	 -0.006348	 -0.007634	
180120	 6366	 0.000488	 -0.001465	 -0.167939	
180139	 6367	 0.009033	 -0.003418	 -0.007634	
180157	 6368	 0.000732	 0.001465	 0.160305	
180175	 6369	 0.006348	 -0.002197	 0.053435	
180195	 6370	 0.003662	 -0.008789	 -0.099237	
180213	 6371	 0.000000	 -0.003174	 -0.030534	
180232	 6372	 0.005859	 -0.008057	 0.038168	
180251	 6373	 0.004883	 -0.003418	 -0.076336	
180270	 6374	 0.006836	 -0.010742	 -0.015267	
180419	 6382	 -0.001221	 -0.002441	 0.015267	
180438	 6383	 0.006104	 -0.006104	 -0.030534	
180457	 6384	 0.007080	 -0.005615	 -0.152672	
180475	 6385	 0.001465	 -0.007080	 -0.038168	
180494	 6386	 0.005371	 -0.003418	 -0.145038	
180513	 6387	 0.007812	 -0.005127	 0.015267	
180532	 6388	 0.006592	 -0.008301	 0.015267	
180550	 6389	 0.010254	 -0.006104	 0.076336	
180569	 6390	 0.005859	 -0.009521	 -0.007634	
180588	 6391	 0.005615	 0.000244	 0.114504	
180606	 6392	 0.007324	 -0.005371	 0.000000	
180625	 6393	 0.006348	 -0.005859	 0.114504	
180643	 6394	 0.006592	 -0.006104	 0.000000	
180663	 6395	 0.010498	 -0.005615	 -0.015267	
180681	 6396	 0.007812	 -0.001465	 0.000000	
180700	 6397	 0.005127	 -0.005859	 -0.068702	
180718	 6398	 0.005371	 -0.010986	 -0.030534	
180738	 6399	 0.011230	 -0.006348	 -0.045802	
180756	 6400	 0.010254	 -0.009766	 -0.076336	
180774	 6401	 0.003662	 -0.006104	 -0.068702	
180794	 6402	 0.005615	 -0.006348	 -0.038168	
180812	 6403	 0.010742	 -0.006104	 0.053435	
180831	 6404	 0.003174	 -0.006104	 -0.091603	
180849	 6405	 0.002930	 -0.009521	 0.190840	
180869	 6406	 0.002686	 -0.006836	 -0.015267	
180887	 6407	 0.006592	 -0.003906	 -0.229008	
180905	 6408	 -0.000244	 -0.002930	 -0.053435	
180925	 6409	 0.001709	 -0.007324	 0.007634	
180943	 6410	 0.001465	 -0.000977	 0.007634	
180962	 6411	 0.005127	 -0.003174	 -0.061069	
180981	 6412	 0.010498	 -0.005615	 -0.007634	
181000	 6413	 0.002197	 -0.006836	 -0.007634	
181018	 6414	 -0.001465	 -0.001709	 -0.022901	
181037	 6415	 0.005127	 -0.003174	 -0.061069	
181056	 6416	 -0.001221	 -0.006348	 -0.022901	
181074	 6417	 0.006592	 -0.005127	 0.007634	
181093	 6418	 0.002686	 -0.004639	 -0.083969	
181111	 6419	 0.004639	 -0.006104	 0.007634	
181131	 6420	 0.006592	 -0.005127	 0.038168	
181149	 6421	 0.001465	 -0.008301	 -0.045802	
181637	 6447	 -0.000732	 -0.001709	 -0.022901	
181655	 6448	 0.006836	 -0.007568	 0.022901	
181673	 6449	 0.000732	 -0.003662	 -0.015267	
181693	 6450	 0.008057	 -0.010010	 -0.007634	
181711	 6451	 0.000488	 -0.006836	 -0.114504	
181730	 6452	 0.008057	 -0.004883	 -0.030534	
181748	 6453	 0.005859	 -0.006104	 0.091603	
181768	 6454	 -0.001709	 -0.006592	 0.083969	
181786	 6455	 0.004639	 0.001465	 0.045802	
181805	 6456	 0.005615	 -0.005371	 -0.053435	
181824	 6457	 0.002686	 -0.006836	 -0.137405	
181842	 6458	 0.006104	 -0.000244	 -0.083969	
181861	 6459	 0.004639	 -0.008301	 -0.122137	
181880	 6460	 0.001465	 -0.009766	 0.076336	
181899	 6461	 0.004395	 -0.004395	 -0.022901	
181917	 6462	 0.009766	 -0.007568	 -0.007634	
181936	 6463	 0.006592	 -0.004395	 -0.114504	
181955	 6464	 0.003906	 -0.005127	 0.022901	
181974	 6465	 0.009033	 -0.004639	 -0.076336	
181992	 6466	 0.011475	 -0.008301	 0.083969	
182010	 6467	 0.000488	 -0.006592	 -0.190840	
182030	 6468	 0.005127	 -0.003662	 -0.083969	
182048	 6469	 0.003906	 -0.006348	 0.106870	
182067	 6470	 0.005127	 -0.003174	 -0.099237	
182086	 6471	 0.003662	 -0.009033	 -0.068702	
182105	 6472	 0.007812	 -0.003418	 0.000000	
182123	 6473	 -0.001465	 -0.002686	 -0.091603	
182141	 6474	 0.006592	 -0.004150	 -0.083969	
182161	 6475	 0.004150	 -0.006104	 -0.038168	
182179	 6476	 0.000488	 -0.004150	 -0.076336	
182198	 6477	 0.005371	 -0.001709	 0.045802	
182217	 6478	 0.001953	 -0.005615	 0.045802	
182236	 6479	 0.004883	 0.000977	 -0.007634	
182254	 6480	 0.007812	 -0.003662	 -0.152672	
182274	 6481	 0.008057	 -0.003906	 0.076336	
182292	 6482	 0.006104	 -0.001221	 0.091603	
182310	 6483	 0.002930	 -0.000732	 -0.114504	
182329	 6484	 0.007568	 -0.006348	 -0.076336	
182348	 6485	 0.007324	 0.000977	 -0.106870	
182367	 6486	 0.004395	 -0.007080	 -0.137405	
182385	 6487	 0.008789	 -0.000977	 -0.061069	
182405	 6488	 0.003906	 -0.009521	 0.061069	
182423	 6489	 0.009277	 -0.005615	 0.129771	
182441	 6490	 0.005127	 -0.005371	 0.045802	
182461	 6491	 0.006348	 -0.003418	 -0.152672	
182479	 6492	 0.003174	 -0.001953	 -0.076336	
182498	 6493	 0.000000	 -0.005859	 -0.106870	
182516	 6494	 0.001465	 -0.002441	 0.083969	
182535	 6495	 0.006348	 -0.000732	 -0.053435	
182554	 6496	 0.007812	 -0.001465	 0.045802	
182573	 6497	 0.002686	 -0.010742	 -0.083969	
182591	 6498	 0.005859	 -0.003662	 -0.045802	
182610	 6499	 0.004639	 -0.000488	 -0.183206	
182629	 6500	 0.002930	 -0.008301	 0.007634	
182647	 6501	 0.007812	 -0.006592	 0.015267	
182666	 6502	 0.003174	 -0.005127	 -0.114504	
182685	 6503	 0.002686	 -0.003174	 0.045802	
182704	 6504	 0.009277	 -0.004639	 -0.007634	
182722	 6505	 0.006592	 -0.002930	 0.160305	
182742	 6506	 0.008301	 -0.002441	 -0.053435	
182760	 6507	 0.002930	 -0.002930	 0.076336	
182778	 6508	 0.004639	 -0.004639	 -0.175573	
182797	 6509	 -0.001221	 -0.004639	 -0.145038	
182816	 6510	 0.006836	 -0.005371	 0.068702	
182835	 6511	 0.002686	 -0.006104	 -0.076336	
182853	 6512	 0.003662	 -0.006104	 -0.038168	
182873	 6513	 0.002197	 0.000244	 -0.061069	
182891	 6514	 -0.001465	 -0.000977	 -0.022901	
182909	 6515	 0.005127	 -0.004883	 -0.251908	
182928	 6516	 0.005127	 -0.007568	 0.145038	
182947	 6517	 0.000244	 -0.006104	 0.068702	
182966	 6518	 0.008057	 -0.003418	 -0.015267	
182984	 6519	 0.009033	 -0.002686	 0.099237	
183004	 6520	 0.004395	 -0.004883	 0.083969	
183022	 6521	 0.006592	 -0.005859	 0.000000	
183041	 6522	 0.009766	 0.002197	 0.152672	
183059	 6523	 0.000732	 -0.002686	 0.030534	
183078	 6524	 0.000244	 -0.002930	 -0.198473	
183097	 6525	 0.004395	 -0.004883	 0.083969	
183115	 6526	 -0.002441	 -0.008789	 -0.076336	
183134	 6527	 0.002441	 -0.010254	 -0.137405	
183153	 6528	 0.008057	 -0.001953	 -0.083969	
183172	 6529	 0.005615	 -0.005859	 0.099237	
183190	 6530	 0.003174	 -0.007812	 -0.030534	
183209	 6531	 0.008789	 -0.004395	 -0.007634	
183228	 6532	 0.008545	 -0.003418	 -0.030534	
183246	 6533	 0.009277	 -0.004150	 -0.106870	
183265	 6534	 0.005859	 -0.003418	 -0.099237	
183284	 6535	 0.003662	 -0.007568	 0.015267	
183303	 6536	 0.001465	 -0.005371	 -0.061069	
183321	 6537	 0.001221	 -0.003418	 0.000000	
183340	 6538	 0.003662	 -0.005615	 -0.145038	
183359	 6539	 0.004883	 -0.006592	 0.000000	
183377	 6540	 0.005859	 -0.006104	 0.099237	
183396	 6541	 0.006348	 -0.005615	 0.099237	
183415	 6542	 0.003662	 -0.000977	 -0.038168	
183434	 6543	 0.007080	 -0.004150	 -0.083969	
183452	 6544	 0.003418	 0.002197	 0.022901	
183471	 6545	 0.004395	 -0.003174	 -0.061069	
183490	 6546	 0.003906	 -0.007324	 -0.022901	
183508	 6547	 0.003174	 -0.004883	 -0.175573	
183527	 6548	 0.000244	 -0.005615	 -0.022901	
183546	 6549	 0.006836	 -0.006104	 -0.099237	
183565	 6550	 0.004639	 -0.006592	 0.038168	
183583	 6551	 0.000244	 -0.008057	 0.145038	
183602	 6552	 0.008301	 -0.012695	 0.122137	
183621	 6553	 0.002197	 -0.005615	 0.068702	
183640	 6554	 0.005127	 -0.003662	 -0.099237	
183658	 6555	 0.003662	 -0.003174	 -0.099237	
183677	 6556	 0.005859	 0.000000	 -0.068702	
183696	 6557	 -0.001953	 -0.005371	 -0.099237	
183714	 6558	 0.009521	 -0.011230	 -0.045802	
183734	 6559	 0.011475	 -0.006836	 -0.160305	
183752	 6560	 0.001221	 -0.006836	 -0.007634	
183771	 6561	 0.003906	 -0.005615	 0.000000	
183789	 6562	 0.005859	 -0.004150	 0.190840	
183809	 6563	 0.002441	 -0.004395	 0.000000	
183827	 6564	 0.002686	 -0.003174	 0.152672	
183845	 6565	 0.010742	 -0.007812	 0.137405	
183864	 6566	 0.001221	 -0.004395	 -0.137405	
183883	 6567	 0.005859	 -0.005371	 0.000000	
183902	 6568	 0.004639	 0.000000	 -0.122137	
183920	 6569	 0.007812	 -0.006592	 0.000000	
183939	 6570	 0.003174	 -0.003418	 -0.091603	
183958	 6571	 0.004150	 -0.000977	 -0.038168	
183976	 6572	 -0.002197	 -0.000244	 0.061069	
183995	 6573	 0.002441	 0.000244	 0.022901	
184013	 6574	 0.000000	 -0.003418	 -0.129771	
184033	 6575	 0.010742	 -0.005371	 -0.083969	
184051	 6576	 0.007568	 -0.007080	 -0.061069	
184070	 6577	 -0.000244	 -0.004883	 -0.091603	
184089	 6578	 0.004883	 -0.004883	 0.068702	
184108	 6579	 -0.004639	 -0.002197	 -0.015267	
184126	 6580	 0.004150	 -0.005371	 0.061069	
184144	 6581	 0.005859	 -0.000488	 0.091603	
184164	 6582	 0.006348	 -0.007080	 0.022901	
184182	 6583	 0.005127	 -0.003662	 0.061069	
184201	 6584	 0.006836	 -0.003906	 0.000000	
184220	 6585	 0.007080	 -0.004639	 -0.183206	
184239	 6586	 -0.000977	 -0.003174	 -0.015267	
184257	 6587	 0.005615	 -0.007568	 0.190840	
184276	 6588	 0.004883	 -0.004883	 -0.015267	
184295	 6589	 0.002930	 -0.008545	 -0.061069	
184313	 6590	 0.010742	 -0.002197	 -0.007634	
184332	 6591	 0.003906	 -0.003174	 -0.099237	
184351	 6592	 0.009277	 -0.001221	 -0.122137	
184370	 6593	 0.003662	 -0.006592	 0.038168	
184388	 6594	 0.007080	 -0.006348	 -0.007634	
184407	 6595	 0.009766	 -0.004395	 -0.038168	
184426	 6596	 0.004395	 -0.006348	 -0.053435	
184444	 6597	 0.007324	 -0.004639	 0.068702	
184463	 6598	 0.003418	 -0.003174	 -0.091603	
184482	 6599	 0.001221	 -0.007080	 -0.061069	
184501	 6600	 0.002197	 -0.000488	 -0.045802	
184519	 6601	 0.006836	 -0.003906	 0.106870	
184539	 6602	 0.006836	 -0.011230	 0.000000	
184557	 6603	 0.012939	 -0.007080	 0.022901	
184576	 6604	 0.003174	 -0.007568	 0.099237	
184594	 6605	 0.005371	 -0.005127	 -0.114504	
184612	 6606	 0.001953	 0.000977	 0.000000	
184632	 6607	 0.005371	 -0.011963	 -0.091603	
184650	 6608	 0.003174	 -0.000977	 -0.030534	
184669	 6609	 0.005371	 -0.007080	 -0.038168	
184688	 6610	 0.005859	 -0.002441	 -0.068702	
184707	 6611	 0.003906	 -0.002441	 0.076336	
184725	 6612	 0.004639	 -0.006592	 -0.091603	
184744	 6613	 0.003174	 -0.006104	 0.061069	
184763	 6614	 0.000977	 -0.009277	 0.145038	
184781	 6615	 0.009033	 -0.011963	 0.114504	
184800	 6616	 0.002930	 -0.005371	 -0.145038	
184819	 6617	 0.005371	 -0.003662	 0.045802	
184838	 6618	 0.005371	 -0.001221	 0.083969	
184856	 6619	 0.005859	 -0.008057	 -0.015267	
184875	 6620	 0.005859	 -0.003906	 -0.061069	
184894	 6621	 0.005859	 -0.004883	 -0.114504	
184912	 6622	 0.007080	 -0.003662	 -0.030534	
184931	 6623	 0.009521	 -0.006104	 -0.061069	
184950	 6624	 0.001953	 0.001465	 0.167939	
184969	 6625	 0.002930	 0.001953	 0.053435	
184987	 6626	 0.005127	 -0.002441	 0.099237	
185007	 6627	 0.005859	 -0.003418	 -0.007634	
185025	 6628	 0.008057	 -0.001709	 0.045802	
185043	 6629	 0.002930	 -0.004639	 -0.022901	
185062	 6630	 -0.000732	 -0.010010	 -0.152672	
185081	 6631	 0.007324	 -0.006836	 -0.122137	
185100	 6632	 0.005859	 -0.004639	 -0.091603	
185119	 6633	 0.004639	 -0.005859	 -0.061069	
185138	 6634	 0.008789	 -0.000732	 -0.061069	
185156	 6635	 0.004883	 -0.007080	 -0.099237	
185176	 6636	 0.002686	 -0.005127	 -0.045802	
185194	 6637	 0.010986	 -0.007324	 -0.122137	
185212	 6638	 0.004639	 -0.006836	 -0.030534	
185232	 6639	 0.001953	 -0.000244	 0.099237	
185250	 6640	 0.003662	 0.004639	 -0.236641	
185269	 6641	 0.005859	 -0.005615	 -0.068702	
185287	 6642	 0.005859	 -0.008545	 0.068702	
185307	 6643	 0.008301	 -0.004639	 -0.083969	
185325	 6644	 0.005859	 -0.007812	 0.000000	
185344	 6645	 0.007080	 -0.002686	 0.022901	
185362	 6646	 0.005127	 -0.008789	 0.045802	
185381	 6647	 0.003662	 -0.010010	 -0.099237	
185400	 6648	 0.002930	 -0.003662	 0.083969	
185418	 6649	 0.000977	 -0.005127	 -0.091603	
185438	 6650	 -0.003418	 -0.002930	 -0.007634	
185456	 6651	 -0.000244	 -0.004639	 -0.137405	
185475	 6652	 0.005127	 -0.004639	 0.076336	
185494	 6653	 0.009033	 -0.004150	 -0.015267	
185512	 6654	 0.005127	 -0.006348	 0.076336	
185531	 6655	 0.005371	 -0.005615	 0.099237	
185549	 6656	 -0.000488	 -0.003662	 0.015267	
185569	 6657	 0.010498	 -0.005615	 0.114504	
185587	 6658	 0.002930	 0.000732	 -0.198473	
185606	 6659	 0.005127	 -0.010010	 -0.068702	
185625	 6660	 0.010498	 -0.005127	 -0.099237	
185644	 6661	 0.010498	 -0.007568	 -0.099237	
185662	 6662	 0.003418	 -0.006348	 0.122137	
185681	 6663	 0.005127	 -0.008545	 0.076336	
185700	 6664	 -0.003174	 -0.002930	 -0.076336	
185718	 6665	 -0.002930	 -0.000488	 -0.030534	
185737	 6666	 0.013184	 -0.003662	 -0.007634	
185756	 6667	 0.004639	 -0.003174	 -0.030534	
185775	 6668	 0.001221	 -0.007812	 -0.175573	
185793	 6669	 0.002930	 -0.008057	 0.061069	
185812	 6670	 0.006104	 -0.005615	 0.022901	
185831	 6671	 0.003174	 -0.004883	 0.007634	
185849	 6672	 -0.002686	 -0.000732	 -0.167939	
185869	 6673	 0.014160	 -0.002441	 -0.015267	
185887	 6674	 0.000488	 -0.008545	 0.068702	
185906	 6675	 0.000244	 -0.008301	 0.091603	
185924	 6676	 0.002686	 0.000977	 -0.015267	
185944	 6677	 0.008057	 -0.009277	 0.091603	
185962	 6678	 0.002686	 -0.008545	 -0.030534	
185980	 6679	 0.004883	 -0.001465	 0.038168	
185999	 6680	 0.004150	 -0.007568	 0.015267	
186018	 6681	 0.008057	 -0.001709	 -0.076336	
186037	 6682	 0.000732	 -0.004883	 -0.053435	
186055	 6683	 0.004150	 -0.004395	 -0.122137	
186075	 6684	 0.003174	 -0.004639	 -0.183206	
186093	 6685	 0.007324	 -0.005859	 0.099237	
186112	 6686	 0.004883	 -0.008301	 -0.030534	
186130	 6687	 0.008057	 -0.001221	 -0.038168	
186149	 6688	 0.002930	 -0.005371	 -0.068702	
186168	 6689	 0.002197	 -0.003174	 -0.038168	
186186	 6690	 0.008301	 -0.004639	 -0.030534	
186206	 6691	 0.007080	 -0.008057	 0.114504	
186224	 6692	 0.003662	 -0.004150	 0.045802	
186243	 6693	 -0.002686	 -0.007568	 0.068702	
186261	 6694	 0.002686	 -0.005371	 -0.007634	
186280	 6695	 0.004883	 -0.005127	 0.091603	
186299	 6696	 0.007080	 -0.000977	 -0.091603	
186317	 6697	 -0.004395	 -0.005371	 -0.122137	
186337	 6698	 0.006592	 -0.005371	 -0.038168	
186355	 6699	 0.000732	 -0.001221	 -0.022901	
186374	 6700	 -0.000244	 -0.006836	 -0.061069	
186392	 6701	 0.007080	 -0.003174	 -0.053435	
186412	 6702	 0.007568	 0.000977	 -0.122137	
186430	 6703	 0.007812	 -0.001709	 0.053435	
186448	 6704	 0.007812	 -0.001709	 -0.206107	
186468	 6705	 0.006348	 -0.002686	 -0.145038	
186486	 6706	 0.004639	 -0.004883	 0.137405	
186505	 6707	 0.008789	 -0.006836	 0.000000	
186523	 6708	 0.004395	 -0.007324	 -0.007634	
186542	 6709	 0.006836	 -0.003418	 0.183206	
186561	 6710	 0.006836	 -0.007812	 -0.145038	
186579	 6711	 0.005371	 -0.009521	 0.000000	
186598	 6712	 0.001221	 -0.007568	 0.091603	
186617	 6713	 0.006836	 0.000732	 0.007634	
186636	 6714	 0.010010	 -0.006348	 -0.083969	
186655	 6715	 0.002930	 -0.000732	 0.068702	
186674	 6716	 0.004395	 -0.004395	 -0.038168	
186692	 6717	 0.006104	 -0.001221	 -0.038168	
186711	 6718	 0.001953	 -0.008545	 0.114504	
186730	 6719	 0.003174	 -0.007080	 -0.099237	
186748	 6720	 0.001953	 -0.001953	 0.030534	
186767	 6721	 0.006104	 -0.007080	 -0.152672	
186786	 6722	 0.002930	 -0.000977	 -0.030534	
186805	 6723	 0.007080	 -0.006348	 0.053435	
186823	 6724	 0.003418	 -0.006592	 -0.015267	
186842	 6725	 0.005127	 -0.000977	 0.198473	
186861	 6726	 0.001465	 -0.007568	 -0.045802	
186880	 6727	 -0.000732	 -0.003418	 -0.099237	
186898	 6728	 0.005127	 -0.005127	 -0.083969	
186916	 6729	 0.009766	 -0.002197	 -0.015267	
186936	 6730	 0.003906	 -0.003174	 0.091603	
186954	 6731	 0.003174	 -0.006348	 -0.091603	
186973	 6732	 0.002197	 -0.004150	 -0.122137	
186992	 6733	 0.005127	 -0.004150	 -0.015267	
187011	 6734	 0.007324	 -0.004395	 -0.053435	
187029	 6735	 0.004639	 -0.005127	 -0.099237	
187047	 6736	 0.007080	 -0.008057	 -0.229008	
187067	 6737	 0.006592	 -0.000488	 0.183206	
187085	 6738	 0.004883	 -0.004395	 0.175573	
187104	 6739	 0.006592	 -0.005371	 0.022901	
187122	 6740	 0.002441	 -0.008301	 -0.007634	
187142	 6741	 -0.000488	 -0.007812	 0.045802	
187160	 6742	 0.007324	 -0.008057	 -0.099237	
187179	 6743	 0.010010	 -0.003418	 -0.038168	
187197	 6744	 0.010254	 -0.005615	 -0.038168	
187216	 6745	 0.005127	 -0.005371	 -0.167939	
187235	 6746	 0.005615	 -0.009033	 -0.045802	
187253	 6747	 -0.000732	 -0.004395	 0.129771	
187273	 6748	 0.008545	 -0.010742	 -0.007634	
187291	 6749	 0.000244	 -0.005615	 -0.206107	
187310	 6750	 0.000000	 -0.007080	 0.000000	
187328	 6751	 0.001709	 -0.002197	 0.152672	
187347	 6752	 0.002441	 -0.004639	 0.045802	
187366	 6753	 0.002441	 -0.007568	 -0.122137	
187384	 6754	 0.007812	 -0.004639	 -0.137405	
187403	 6755	 0.006104	 -0.008057	 -0.015267	
187422	 6756	 0.008789	 -0.003662	 -0.198473	
187441	 6757	 0.006592	 -0.005859	 -0.076336	
187459	 6758	 0.007568	 -0.004639	 0.083969	
187479	 6759	 0.011230	 -0.008301	 0.053435	
187497	 6760	 0.005615	 -0.006348	 -0.160305	
187515	 6761	 0.006836	 -0.006348	 -0.091603	
187535	 6762	 0.006348	 -0.009521	 -0.061069	
187553	 6763	 0.002930	 -0.008789	 0.251908	
187572	 6764	 0.004639	 -0.000977	 -0.114504	
187590	 6765	 0.003174	 -0.006348	 0.015267	
187610	 6766	 0.010498	 -0.004639	 -0.091603	
187628	 6767	 0.002197	 -0.007080	 0.061069	
187646	 6768	 0.006592	 -0.003906	 -0.083969	
187666	 6769	 0.001709	 -0.003174	 -0.015267	
187684	 6770	 0.002686	 -0.010010	 -0.076336	
187703	 6771	 0.011230	 -0.006348	 -0.038168	
187721	 6772	 0.003174	 -0.005615	 0.000000	
187741	 6773	 0.003906	 -0.006104	 0.099237	
187759	 6774	 0.003662	 0.000244	 -0.038168	
187778	 6775	 0.003906	 -0.005127	 0.015267	
187796	 6776	 0.007812	 -0.008301	 -0.061069	
187815	 6777	 0.000244	 -0.000732	 0.167939	
187834	 6778	 0.005127	 -0.004639	 0.068702	
187852	 6779	 -0.000977	 -0.003174	 -0.053435	
187872	 6780	 0.000732	 -0.006592	 -0.015267	
187890	 6781	 0.002441	 -0.005859	 -0.122137	
187909	 6782	 0.003662	 -0.004395	 0.007634	
187928	 6783	 0.004150	 -0.002441	 0.076336	
187947	 6784	 0.005371	 -0.003662	 -0.213740	
187965	 6785	 0.001953	 -0.007080	 0.030534	
187983	 6786	 0.010498	 -0.004883	 -0.045802	
188003	 6787	 0.004150	 0.000732	 -0.083969	
188021	 6788	 0.003906	 -0.004883	 -0.083969	
188040	 6789	 0.007080	 -0.000732	 0.137405	
188058	 6790	 0.000488	 -0.005127	 -0.091603	
188078	 6791	 0.004639	 -0.003418	 0.015267	
188209	 6798	 0.004883	 -0.010498	 -0.229008	
188227	 6799	 0.006836	 -0.010742	 -0.045802	
188246	 6800	 0.004883	 -0.009033	 -0.030534	
188264	 6801	 0.014648	 -0.004395	 0.000000	
188283	 6802	 0.008545	 -0.005127	 0.045802	
188302	 6803	 0.002930	 0.000000	 -0.145038	
188320	 6804	 0.002441	 -0.007080	 0.068702	
188339	 6805	 0.001465	 -0.001465	 0.038168	
188358	 6806	 0.001221	 -0.008789	 -0.114504	
188377	 6807	 0.008545	 -0.005371	 0.000000	
188395	 6808	 0.002930	 -0.005127	 -0.038168	
188414	 6809	 0.004395	 -0.006104	 0.030534	
188433	 6810	 0.004883	 -0.006836	 0.106870	
188451	 6811	 0.007812	 -0.002441	 -0.038168	
188471	 6812	 0.006836	 -0.012939	 -0.015267	
188489	 6813	 0.002441	 -0.006104	 -0.229008	
188508	 6814	 0.004639	 -0.005127	 -0.022901	
188526	 6815	 0.003174	 -0.004395	 0.030534	
188546	 6816	 0.001221	 -0.004639	 0.030534	
188564	 6817	 0.004395	 -0.007080	 0.083969	
188582	 6818	 0.009033	 -0.002686	 -0.167939	
188602	 6819	 0.008301	 -0.009521	 0.068702	
188620	 6820	 0.006348	 -0.009521	 -0.183206	
188639	 6821	 0.005371	 -0.001953	 0.053435	
188657	 6822	 -0.001709	 -0.007080	 0.015267	
188677	 6823	 0.003174	 -0.006104	 0.053435	
188695	 6824	 0.004150	 -0.006592	 -0.045802	
188713	 6825	 0.004883	 -0.005371	 0.083969	
188733	 6826	 -0.001465	 -0.003174	 -0.229008	
188751	 6827	 0.003174	 -0.008301	 -0.160305	
188770	 6828	 0.005371	 -0.003906	 0.045802	
188789	 6829	 0.009521	 -0.002441	 0.007634	
188808	 6830	 0.003662	 -0.007080	 -0.061069	
188826	 6831	 0.008789	 -0.006592	 -0.099237	
188845	 6832	 -0.001221	 -0.005371	 -0.015267	
188864	 6833	 0.006592	 -0.010498	 -0.106870	
188882	 6834	 0.001953	 -0.003418	 -0.038168	
188901	 6835	 0.000244	 -0.009033	 0.038168	
188920	 6836	 0.005371	 -0.004639	 -0.091603	
188939	 6837	 0.001709	 -0.003906	 -0.114504	
188957	 6838	 0.009277	 -0.004150	 -0.038168	
188976	 6839	 0.008545	 -0.006592	 0.022901	
188995	 6840	 0.005127	 -0.001709	 -0.129771	
189014	 6841	 0.005859	 -0.001709	 -0.083969	
189032	 6842	 0.006348	 -0.006592	 -0.038168	
189051	 6843	 0.003662	 -0.008545	 0.000000	
189070	 6844	 0.002197	 -0.009277	 0.030534	
189088	 6845	 0.004395	 -0.005371	 0.068702	
189107	 6846	 0.006836	 -0.008057	 0.099237	
189126	 6847	 0.001465	 -0.006836	 0.068702	
189145	 6848	 0.005371	 -0.003906	 -0.030534	
189163	 6849	 0.003418	 -0.003906	 -0.022901	
189181	 6850	 0.002441	 -0.006104	 -0.068702	
189201	 6851	 0.003174	 -0.007080	 0.000000	
189219	 6852	 0.002197	 -0.007812	 -0.053435	
189238	 6853	 0.004395	 -0.007568	 -0.145038	
189257	 6854	 0.004150	 -0.003418	 0.045802	
189276	 6855	 0.008545	 -0.001465	 -0.099237	
189294	 6856	 0.000488	 -0.006348	 -0.045802	
189313	 6857	 0.008301	 -0.003174	 0.068702	
189332	 6858	 0.000488	 -0.005127	 -0.022901	
189350	 6859	 0.007324	 -0.007568	 -0.137405	
189369	 6860	 0.008545	 -0.002197	 0.030534	
189388	 6861	 -0.000244	 -0.003418	 0.076336	
189407	 6862	 0.007080	 -0.002197	 0.030534	
189425	 6863	 0.008057	 -0.003906	 0.061069	
189444	 6864	 0.003174	 -0.006836	 -0.030534	
189463	 6865	 0.001465	 -0.003174	 -0.015267	
189481	 6866	 0.002930	 -0.004883	 -0.015267	
189500	 6867	 -0.003174	 -0.007324	 0.137405	
189519	 6868	 0.010254	 -0.002197	 -0.160305	
189538	 6869	 0.000488	 -0.002441	 -0.007634	
189556	 6870	 0.001221	 -0.006348	 -0.061069	
189576	 6871	 0.002197	 -0.004639	 0.007634	
189594	 6872	 0.007080	 -0.008789	 -0.091603	
189613	 6873	 0.003418	 -0.000488	 0.053435	
195139	 7168	 0.077637	 0.189453	 3.351145	
195158	 7169	 -0.110352	 -0.060547	 -0.129771	
195176	 7170	 0.101318	 -0.070557	 2.442748	
195194	 7171	 -0.076172	 0.141113	 -0.320611	
195214	 7172	 -0.203613	 -0.180664	 0.412214	
195232	 7173	 0.160156	 0.230713	 0.847328	
195251	 7174	 -0.042236	 -0.014648	 0.496183	
195270	 7175	 0.074463	 -0.047363	 1.916031	
195289	 7176	 0.043213	 0.102295	 -4.946565	
195307	 7177	 0.243408	 0.148438	 -2.114504	
195326	 7178	 0.007080	 0.072021	 -4.061069	
195345	 7179	 -0.047119	 -0.340332	 3.740458	
195363	 7180	 -0.066650	 0.407715	 -2.938931	
195382	 7181	 0.032959	 0.026611	 -0.160305	
195401	 7182	 -0.071777	 -0.154297	 -0.114504	
195420	 7183	 0.034668	 -0.109619	 -3.687023	
195438	 7184	 -0.012695	 0.182129	 -7.763359	
195458	 7185	 0.191895	 -0.103271	 -0.167939	
195476	 7186	 0.107666	 0.246826	 1.358779	
195494	 7187	 0.063721	 -0.184570	 0.702290	
195513	 7188	 -0.006104	 -0.020264	 -0.748092	
195532	 7189	 0.121582	 0.101807	 -0.549618	
195551	 7190	 -0.020020	 0.179199	 -1.145038	
195569	 7191	 0.279053	 -0.064941	 -0.595420	
195589	 7192	 -0.091553	 0.021240	 -1.358779	
195607	 7193	 -0.105469	 0.000732	 0.244275	
195625	 7194	 0.058105	 -0.031982	 -2.656489	
195645	 7195	 0.164307	 -0.146729	 -0.847328	
195663	 7196	 0.071289	 -0.055664	 -3.618321	
195682	 7197	 0.109131	 0.041992	 0.580153	
195700	 7198	 -0.126709	 -0.127197	 -6.603054	
195720	 7199	 0.244385	 -0.074219	 -2.366412	
195738	 7200	 0.114990	 0.175537	 2.221374	
195757	 7201	 -0.054688	 -0.065674	 -3.519084	
195776	 7202	 -0.002686	 0.054932	 0.099237	
195794	 7203	 -0.069092	 0.018311	 -3.603053	
195813	 7204	 0.045654	 0.165527	 -3.633588	
195831	 7205	 0.004639	 -0.302246	 -5.984733	
195851	 7206	 -0.084717	 0.070068	 -3.183206	
195869	 7207	 0.121338	 0.034912	 -8.770992	
195888	 7208	 0.050293	 0.018066	 -6.335878	
195907	 7209	 -0.195801	 0.012451	 -2.236641	
195926	 7210	 -0.010986	 0.045654	 -6.900764	
195944	 7211	 0.283447	 -0.023926	 -1.954198	
195962	 7212	 0.105713	 -0.138672	 -9.358779	
195982	 7213	 -0.104492	 -0.045654	 -6.282443	
196000	 7214	 -0.019775	 -0.020020	 -3.580153	
196019	 7215	 0.079346	 -0.017578	 -5.351145	
196038	 7216	 0.164307	 -0.067871	 -8.541985	
196057	 7217	 0.099609	 -0.343506	 -8.618320	
196075	 7218	 0.113281	 0.144287	 -6.770992	
196094	 7219	 -0.138672	 -0.267578	 -8.038168	
196113	 7220	 -0.020752	 0.293945	 -13.587787	
196131	 7221	 -0.340576	 0.327393	 3.030534	
196150	 7222	 -0.211426	 -0.343018	 -10.809160	
196169	 7223	 0.053467	 0.245361	 -8.198473	
196188	 7224	 0.008545	 -0.095947	 -7.679389	
196206	 7225	 0.040527	 0.052734	 -11.137404	
196226	 7226	 0.027100	 -0.150391	 -10.251908	
196244	 7227	 -0.043213	 0.014160	 -12.282443	
196262	 7228	 0.154053	 0.150146	 -5.030534	
196282	 7229	 -0.047852	 -0.108643	 -12.282443	
196300	 7230	 0.058594	 0.139648	 -2.450382	
196319	 7231	 -0.174072	 -0.090576	 -9.175572	
196337	 7232	 -0.146484	 -0.144043	 -7.488550	
196357	 7233	 -0.011719	 -0.246338	 -14.526717	
196375	 7234	 0.111816	 -0.115234	 -7.740458	
196393	 7235	 0.175049	 0.389160	 -9.488549	
196413	 7236	 -0.330566	 -0.373047	 -9.694656	
196431	 7237	 0.080566	 0.146729	 -12.358779	
196450	 7238	 0.111084	 -0.141846	 -8.000000	
196469	 7239	 0.233398	 0.143555	 -10.145039	
196488	 7240	 0.031738	 -0.060547	 -6.977099	
196506	 7241	 -0.166748	 0.223877	 -8.282443	
196525	 7242	 0.006836	 -0.098877	 -10.335877	
196544	 7243	 -0.326172	 -0.156738	 -7.145038	
196562	 7244	 -0.296875	 -0.054443	 -11.351145	
196581	 7245	 0.107178	 0.232422	 -9.259542	
196600	 7246	 -0.025146	 -0.157227	 -10.832061	
196619	 7247	 0.160889	 -0.075439	 -20.427481	
196637	 7248	 -0.042725	 0.027344	 -14.977099	
196656	 7249	 -0.169678	 -0.157227	 -15.305344	
196675	 7250	 -0.173828	 0.262695	 -11.419847	
196694	 7251	 -0.184082	 -0.076416	 -14.549619	
196712	 7252	 0.059814	 -0.173340	 -13.412213	
196731	 7253	 0.109863	 -0.197754	 -16.274809	
196750	 7254	 0.037598	 -0.214600	 -15.694656	
196768	 7255	 -0.017334	 -0.322754	 -17.320610	
196787	 7256	 -0.020264	 -0.069336	 -19.717558	
196806	 7257	 0.139648	 -0.233887	 -16.755726	
196825	 7258	 0.219482	 0.326660	 -15.587787	
196843	 7259	 -0.388184	 -0.462891	 -22.282442	
196861	 7260	 0.106934	 0.162598	 -15.015267	
196881	 7261	 -0.098633	 -0.198242	 -19.534351	
196899	 7262	 -0.021240	 -0.003174	 -17.511450	
196918	 7263	 0.017578	 0.001709	 -19.679390	
196937	 7264	 -0.138916	 -0.442871	 -18.396946	
196956	 7265	 0.209229	 0.029785	 -18.832062	
196974	 7266	 -0.318604	 0.083740	 -26.969465	
196994	 7267	 0.014893	 0.099854	 -22.305344	
197012	 7268	 -0.341553	 -0.010742	 -25.541985	
197030	 7269	 0.216797	 -0.080322	 -24.656488	
197049	 7270	 0.063721	 -0.069580	 -19.992367	
197068	 7271	 -0.103760	 -0.752930	 -23.335878	
197087	 7272	 -0.151855	 0.151367	 -18.244274	
197105	 7273	 -0.061035	 0.003906	 -16.488550	
197125	 7274	 0.165283	 -0.198730	 -21.938931	
197143	 7275	 0.184326	 0.108154	 -20.374046	
197161	 7276	 -0.056885	 -0.177979	 -23.969465	
197181	 7277	 -0.128662	 0.062988	 -16.534351	
197199	 7278	 -0.319092	 -0.117188	 -20.862595	
197218	 7279	 -0.340820	 -0.157715	 -19.832062	
197236	 7280	 0.179688	 0.070068	 -17.648855	
197256	 7281	 -0.313477	 -0.122803	 -19.061069	
197274	 7282	 -0.046143	 -0.171387	 -23.053434	
197293	 7283	 -0.151123	 -0.143555	 -17.412214	
197311	 7284	 0.191162	 0.118164	 -22.221375	
197330	 7285	 0.285156	 -0.086914	 -19.183207	
197349	 7286	 -0.116943	 0.016113	 -23.900763	
197367	 7287	 -0.075928	 -0.293701	 -18.534351	
197387	 7288	 -0.101562	 0.048828	 -22.297710	
197405	 7289	 0.050049	 0.099609	 -24.312977	
197424	 7290	 -0.078857	 -0.309082	 -22.000000	
197442	 7291	 -0.064941	 -0.012451	 -15.694656	
197462	 7292	 -0.101074	 0.011963	 -22.549618	
197480	 7293	 0.061768	 -0.233398	 -17.687023	
197498	 7294	 0.023926	 0.100830	 -22.343512	
197518	 7295	 -0.081787	 -0.417969	 -23.893129	
197536	 7296	 -0.291748	 0.228271	 -25.793894	
197555	 7297	 -0.151611	 -0.060547	 -21.969465	
197574	 7298	 0.043457	 0.198486	 -22.534351	
197593	 7299	 0.048096	 -0.047607	 -18.473282	
197611	 7300	 0.297607	 0.164307	 -24.992367	
197629	 7301	 0.268311	 -0.045654	 -18.625954	
197649	 7302	 -0.217529	 0.038818	 -25.419847	
197667	 7303	 -0.115479	 -0.086182	 -21.824427	
197686	 7304	 0.042725	 0.042969	 -26.183207	
197705	 7305	 -0.168701	 0.087646	 -24.755726	
197724	 7306	 -0.121826	 0.151611	 -25.969465	
197742	 7307	 0.072266	 -0.150635	 -18.877863	
197761	 7308	 -0.029053	 -0.201904	 -27.832062	
197780	 7309	 0.333252	 -0.015869	 -21.015266	
197798	 7310	 0.130615	 -0.068359	 -23.496183	
197817	 7311	 0.249756	 0.114258	 -18.007633	
197836	 7312	 -0.166992	 -0.089355	 -26.419847	
197855	 7313	 0.316406	 0.198730	 -15.923664	
197873	 7314	 -0.072754	 -0.205322	 -24.587786	
197892	 7315	 0.187744	 -0.013428	 -24.633587	
197911	 7316	 0.126221	 -0.026367	 -19.083969	
197929	 7317	 -0.257324	 -0.353760	 -25.740458	
199766	 7415	 -0.141602	 -0.036377	 -35.923664	
199784	 7416	 0.087646	 -0.046387	 -31.358778	
199802	 7417	 0.054199	 -0.078857	 -29.465649	
199822	 7418	 -0.234863	 -0.034424	 -30.877863	
199840	 7419	 0.014160	 0.036377	 -29.129770	
199859	 7420	 -0.039795	 0.165527	 -31.282442	
199878	 7421	 0.022461	 -0.029297	 -28.488550	
199897	 7422	 -0.137451	 0.127441	 -25.175573	
199915	 7423	 -0.012451	 -0.062012	 -23.862595	
199934	 7424	 -0.078125	 0.187012	 -13.900764	
199953	 7425	 0.083496	 -0.262451	 -18.984734	
199971	 7426	 0.008789	 0.308594	 -5.068702	
199990	 7427	 -0.179199	 -0.033447	 -9.030535	
200009	 7428	 -0.052979	 -0.083984	 -5.534351	
200028	 7429	 -0.019043	 0.222656	 -1.770992	
200046	 7430	 0.079590	 -0.162354	 1.641221	
200066	 7431	 0.174316	 -0.182861	 -6.816794	
200084	 7432	 0.213623	 0.008301	 -4.740458	
200102	 7433	 -0.229980	 -0.005371	 0.236641	
200121	 7434	 -0.014893	 -0.095947	 -1.725191	
200140	 7435	 0.094727	 0.187744	 0.435115	
200159	 7436	 -0.187988	 -0.237061	 -2.854962	
200177	 7437	 -0.000732	 0.083496	 2.832061	
200197	 7438	 -0.077148	 0.038818	 -1.900763	
200215	 7439	 0.108643	 -0.083740	 -0.694656	
200233	 7440	 -0.033447	 0.005859	 -0.129771	
200253	 7441	 0.122803	 -0.012939	 -2.450382	
200271	 7442	 0.101318	 0.017090	 1.687023	
200290	 7443	 -0.029785	 -0.178711	 -1.541985	
200308	 7444	 -0.138672	 0.041992	 -0.190840	
200328	 7445	 0.032959	 0.070557	 -1.893130	
200346	 7446	 -0.156250	 -0.106201	 0.435115	
200365	 7447	 -0.224854	 0.060059	 -1.557252	
200384	 7448	 0.096191	 -0.065430	 -2.122137	
200402	 7449	 -0.243896	 0.149902	 -5.534351	
200421	 7450	 -0.009277	 -0.126221	 0.190840	
200440	 7451	 0.091309	 0.170410	 -1.022901	
200459	 7452	 0.037109	 -0.041260	 0.809160	
200477	 7453	 -0.114746	 -0.114990	 -2.366412	
200497	 7454	 -0.186035	 -0.110840	 0.183206	
200515	 7455	 0.255615	 0.016846	 -0.793893	
200534	 7456	 0.220703	 0.114502	 1.145038	
200552	 7457	 0.021729	 -0.099854	 -2.297710	
200571	 7458	 -0.068604	 0.108398	 3.022901	
200590	 7459	 0.027588	 0.031250	 -3.198473	
200608	 7460	 0.067139	 -0.081055	 2.809160	
200628	 7461	 0.144287	 0.142822	 -0.564885	
200646	 7462	 0.186035	 -0.230225	 -0.862595	
200665	 7463	 0.079102	 0.168945	 -0.106870	
200684	 7464	 0.044189	 -0.023193	 -0.488550	
200702	 7465	 -0.072266	 -0.132568	 -0.824427	
200721	 7466	 0.112549	 0.178711	 1.862595	
200739	 7467	 0.045898	 0.026611	 -0.656489	
200759	 7468	 0.202637	 0.144287	 3.519084	
200777	 7469	 -0.079590	 -0.065674	 -2.061069	
200796	 7470	 -0.121826	 -0.077393	 -1.938931	
200815	 7471	 -0.197998	 0.019287	 -0.412214	
200834	 7472	 -0.144775	 0.155762	 -0.412214	
200852	 7473	 -0.186768	 -0.167236	 -1.687023	
200870	 7474	 -0.128174	 0.170898	 -2.198473	
200890	 7475	 -0.171631	 0.055420	 -0.687023	
200908	 7476	 -0.161865	 -0.036621	 0.488550	
200927	 7477	 -0.148438	 0.050049	 -5.396946	
200946	 7478	 -0.098633	 -0.098877	 0.580153	
200965	 7479	 -0.106934	 -0.032227	 -2.885496	
200983	 7480	 -0.149902	 0.034912	 -0.900763	
201003	 7481	 -0.078369	 -0.065918	 -1.053435	
201021	 7482	 -0.020508	 0.011963	 -0.580153	
201039	 7483	 -0.017578	 -0.027344	 0.396947	
201058	 7484	 -0.079346	 0.030762	 -0.396947	
201077	 7485	 -0.092773	 -0.042480	 0.847328	
201096	 7486	 -0.055420	 -0.035889	 -0.656489	
201114	 7487	 -0.081543	 0.066895	 0.694656	
201134	 7488	 -0.187012	 0.039795	 -1.885496	
201152	 7489	 0.005859	 0.038086	 1.671756	
201170	 7490	 -0.133789	 -0.071045	 -1.480916	
201189	 7491	 -0.135498	 -0.012451	 -0.022901	
201208	 7492	 -0.125000	 0.065430	 0.160305	
201227	 7493	 0.001221	 -0.049805	 0.045802	
201245	 7494	 0.010742	 0.029297	 0.534351	
201265	 7495	 0.015869	 -0.026611	 -0.229008	
201283	 7496	 0.059082	 0.034180	 -0.045802	
201302	 7497	 -0.024658	 0.000732	 0.129771	
201320	 7498	 -0.050537	 0.003418	 -0.312977	
201339	 7499	 0.000244	 -0.005859	 -0.022901	
201358	 7500	 0.003174	 0.001465	 0.076336	
201376	 7501	 -0.022461	 0.001221	 0.183206	
201396	 7502	 -0.019287	 0.009521	 -0.137405	
201414	 7503	 0.000244	 -0.009277	 -0.030534	
201433	 7504	 -0.026367	 -0.006592	 -0.030534	
201452	 7505	 -0.020264	 0.012695	 -0.282443	
201470	 7506	 -0.010742	 -0.005615	 -0.175573	
201489	 7507	 -0.001465	 0.001221	 -0.015267	
201507	 7508	 -0.037598	 -0.014648	 -0.068702	
201527	 7509	 -0.015381	 0.013184	 0.122137	
201545	 7510	 -0.002686	 -0.016602	 0.053435	
201564	 7511	 -0.017090	 0.005615	 -0.229008	
201583	 7512	 -0.061523	 0.006348	 0.030534	
201602	 7513	 0.004395	 -0.009521	 0.007634	
201620	 7514	 -0.000732	 -0.014893	 0.114504	
201639	 7515	 -0.041504	 0.015137	 -0.251908	
201658	 7516	 -0.060303	 0.000732	 0.145038	
201676	 7517	 0.011230	 0.005127	 -0.030534	
201695	 7518	 0.005371	 -0.016113	 -0.068702	
201714	 7519	 -0.028809	 0.005371	 -0.206107	
201733	 7520	 -0.028809	 0.014160	 0.305344	
201751	 7521	 0.007080	 -0.000732	 0.122137	
201771	 7522	 0.006836	 -0.019287	 0.000000	
201789	 7523	 -0.020508	 0.012695	 -0.068702	
201807	 7524	 -0.009277	 0.019531	 0.038168	
201826	 7525	 -0.003906	 0.006836	 0.015267	
201845	 7526	 -0.007568	 0.005371	 0.000000	
201864	 7527	 -0.008057	 0.009033	 -0.221374	
201882	 7528	 0.004639	 -0.008789	 -0.038168	
201901	 7529	 -0.004395	 0.007324	 -0.022901	
201920	 7530	 0.011719	 0.002686	 -0.045802	
201938	 7531	 -0.013428	 0.000977	 -0.022901	
201957	 7532	 0.008545	 0.006348	 -0.183206	
201976	 7533	 0.010498	 0.002197	 0.038168	
201995	 7534	 -0.006592	 -0.001221	 -0.022901	
202013	 7535	 -0.012451	 0.009277	 0.015267	
202033	 7536	 0.007812	 -0.004883	 0.000000	
202051	 7537	 0.017334	 0.015869	 0.152672	
202070	 7538	 0.000244	 0.004639	 0.099237	
202088	 7539	 -0.001221	 0.000000	 -0.068702	
202107	 7540	 0.011230	 0.009521	 0.030534	
202126	 7541	 0.012207	 0.012451	 0.160305	
202144	 7542	 -0.002930	 0.006104	 -0.015267	
202163	 7543	 -0.002930	 0.005127	 0.221374	
202182	 7544	 -0.007812	 0.005615	 0.091603	
202201	 7545	 0.002197	 0.006592	 0.114504	
202219	 7546	 0.003906	 -0.000732	 -0.091603	
202237	 7547	 -0.002930	 0.011230	 0.152672	
202257	 7548	 -0.020996	 -0.000977	 -0.091603	
202275	 7549	 0.010254	 0.003662	 0.022901	
202294	 7550	 0.004639	 0.008789	 -0.190840	
202313	 7551	 -0.012695	 0.009277	 -0.015267	
202332	 7552	 -0.028320	 -0.004150	 -0.007634	
202350	 7553	 0.001465	 0.004639	 0.053435	
202370	 7554	 -0.005127	 0.002686	 -0.152672	
202388	 7555	 -0.011475	 0.003174	 0.122137	
202406	 7556	 -0.040527	 0.003418	 -0.083969	
202425	 7557	 -0.006348	 -0.000732	 0.137405	
202444	 7558	 0.028564	 -0.014893	 -0.007634	
202463	 7559	 -0.020508	 0.035645	 0.061069	
202481	 7560	 -0.080322	 -0.014893	 -0.106870	
202501	 7561	 -0.013916	 -0.015625	 0.175573	
202519	 7562	 0.044922	 -0.008057	 -0.251908	
202537	 7563	 0.000000	 0.027588	 0.198473	
202556	 7564	 -0.093018	 -0.013916	 -0.427481	
202575	 7565	 -0.022217	 -0.012939	 0.183206	
202594	 7566	 0.039062	 -0.012939	 -0.061069	
202612	 7567	 0.002930	 0.028320	 -0.145038	
202632	 7568	 -0.062744	 -0.001709	 0.045802	
202650	 7569	 -0.029053	 -0.020996	 0.122137	
202669	 7570	 0.033936	 -0.010254	 0.053435	
202687	 7571	 0.015137	 0.029297	 -0.137405	
202706	 7572	 -0.029785	 0.011475	 0.007634	
203755	 7628	 -0.195557	 0.010254	 -2.458015	
203774	 7629	 0.040283	 -0.132080	 2.557252	
203793	 7630	 0.009277	 0.175293	 0.396947	
203811	 7631	 -0.299072	 -0.164307	 -3.167939	
203830	 7632	 0.014160	 0.249756	 4.549618	
203849	 7633	 -0.253662	 -0.086426	 -3.152672	
203868	 7634	 -0.037842	 -0.219238	 -2.656489	
203886	 7635	 -0.338135	 0.105225	 0.351145	
203906	 7636	 -0.150635	 -0.007812	 -4.022901	
203924	 7637	 -0.209717	 0.225830	 -3.221374	
203942	 7638	 -0.377197	 -0.392578	 -4.687023	
203961	 7639	 -0.446045	 -0.102539	 -16.351145	
203980	 7640	 -0.720947	 0.142578	 -20.534351	
203999	 7641	 -0.185303	 -0.037842	 -18.122137	
204017	 7642	 -0.050537	 -0.459961	 -24.725191	
204037	 7643	 0.147461	 0.243164	 -14.763359	
204055	 7644	 -0.266846	 0.033691	 -19.183207	
204073	 7645	 -0.180664	 0.120605	 -17.610687	
204092	 7646	 -0.141846	 -0.109375	 -18.702290	
204111	 7647	 0.000977	 -0.128418	 -20.557251	
204130	 7648	 0.100586	 -0.072998	 -18.312977	
204148	 7649	 0.039062	 -0.020752	 -18.603054	
204168	 7650	 -0.009277	 -0.112549	 -17.213741	
204186	 7651	 -0.056641	 0.158691	 -18.076336	
204205	 7652	 0.113037	 -0.196289	 -15.129771	
204223	 7653	 -0.093750	 -0.035400	 -14.679389	
204242	 7654	 -0.245361	 -0.026855	 -15.167939	
204261	 7655	 -0.213623	 0.003418	 -15.152672	
204279	 7656	 -0.082275	 -0.065186	 -19.244274	
204299	 7657	 -0.187012	 -0.043701	 -16.374046	
204317	 7658	 -0.114990	 0.062744	 -15.091603	
204336	 7659	 -0.195068	 0.044434	 -15.786260	
204355	 7660	 -0.042236	 -0.049805	 -15.900764	
204374	 7661	 -0.009277	 -0.084229	 -12.610687	
204392	 7662	 -0.033203	 0.148926	 -14.282443	
204410	 7663	 -0.189697	 -0.130615	 -15.442748	
204430	 7664	 -0.188721	 0.150635	 -11.244275	
204448	 7665	 0.001709	 -0.044189	 -11.671756	
204467	 7666	 -0.208984	 0.033447	 -10.748092	
204486	 7667	 -0.007568	 0.148682	 -12.458015	
204505	 7668	 -0.145508	 0.023926	 -8.954199	
204523	 7669	 -0.008301	 -0.059570	 -7.587786	
204542	 7670	 -0.020996	 -0.035156	 -7.465649	
204561	 7671	 -0.083984	 0.031982	 -7.068702	
204579	 7672	 -0.034180	 0.000244	 -5.068702	
204599	 7673	 -0.064453	 -0.004883	 -6.427481	
204617	 7674	 -0.081543	 0.052246	 -6.251908	
204636	 7675	 -0.011719	 -0.029785	 -4.641222	
204655	 7676	 -0.014648	 0.014160	 -3.534351	
204674	 7677	 -0.058105	 0.022217	 -3.236641	
204692	 7678	 -0.041748	 -0.030762	 -3.847328	
204710	 7679	 -0.103027	 0.029541	 -2.167939	
204730	 7680	 -0.114258	 0.003174	 -1.740458	
204748	 7681	 -0.108154	 0.034668	 0.312977	
204767	 7682	 -0.023438	 -0.022705	 0.259542	
204786	 7683	 0.010986	 0.005859	 0.717557	
204805	 7684	 0.052246	 -0.041016	 0.167939	
204823	 7685	 0.019775	 0.002197	 0.122137	
204841	 7686	 -0.108398	 -0.006836	 -0.030534	
204861	 7687	 0.051025	 0.031738	 -0.763359	
204879	 7688	 0.208008	 -0.087646	 -2.106870	
204898	 7689	 -0.039307	 0.114502	 -0.160305	
204917	 7690	 -0.151367	 -0.131592	 -3.977099	
204936	 7691	 -0.007324	 0.054199	 -1.618321	
204954	 7692	 0.076416	 0.001465	 -2.618321	
204974	 7693	 0.062744	 -0.032715	 -2.916031	
204992	 7694	 -0.108643	 0.018555	 -4.450382	
205010	 7695	 0.013184	 -0.059082	 -3.687023	
205029	 7696	 0.106201	 -0.009277	 -4.885496	
205048	 7697	 -0.012695	 0.060547	 -4.099236	
205067	 7698	 -0.051025	 -0.072021	 -5.007634	
205085	 7699	 0.151855	 -0.022949	 -5.328244	
205105	 7700	 -0.078857	 0.064697	 -5.022901	
205123	 7701	 -0.003662	 -0.199707	 -6.251908	
205142	 7702	 0.204590	 0.056885	 -7.206107	
205161	 7703	 -0.029541	 -0.112305	 -6.572519	
205179	 7704	 0.069092	 -0.022949	 -9.251908	
205198	 7705	 0.034180	 -0.101318	 -8.450381	
205216	 7706	 0.099365	 0.072510	 -8.854961	
205236	 7707	 0.001465	 -0.083984	 -10.068703	
206210	 7759	 0.144287	 0.154785	 -15.076336	
206228	 7760	 0.048096	 -0.159424	 -16.648855	
206247	 7761	 -0.091309	 0.042969	 -15.885496	
206266	 7762	 0.120605	 -0.034668	 -14.709924	
206284	 7763	 0.027100	 -0.116943	 -16.786259	
206304	 7764	 0.176758	 -0.004150	 -13.122137	
206322	 7765	 -0.092773	 -0.044434	 -18.129770	
206341	 7766	 -0.079590	 -0.050537	 -16.595419	
206360	 7767	 0.035156	 0.032959	 -16.229008	
206379	 7768	 -0.119141	 -0.093750	 -14.351145	
206397	 7769	 -0.000732	 0.103271	 -18.053434	
206435	 7771	 0.102539	 0.125977	 -10.862596	
206453	 7772	 -0.116943	 -0.060791	 -16.648855	
206473	 7773	 0.058105	 0.027588	 -16.198473	
206491	 7774	 -0.104492	 0.153320	 -14.824428	
206622	 7781	 -0.136230	 0.152100	 -15.412213	
206641	 7782	 -0.149170	 -0.036133	 -12.816793	
206660	 7783	 -0.075195	 0.087158	 -11.312977	
206679	 7784	 -0.134766	 -0.096191	 -11.870229	
206697	 7785	 0.031006	 0.067627	 -11.213740	
206715	 7786	 0.002197	 -0.039062	 -8.442748	
206735	 7787	 -0.037354	 0.010254	 -14.961832	
206753	 7788	 0.134766	 0.191406	 -11.404580	
206772	 7789	 -0.021240	 -0.255371	 -11.557252	
207427	 7824	 0.005371	 -0.463379	 -36.083969	
207446	 7825	 0.279297	 -0.046387	 -28.328245	
207465	 7826	 -0.083740	 -0.049072	 -32.984734	
207483	 7827	 0.207764	 0.084229	 -26.038168	
207502	 7828	 0.163574	 -0.104492	 -25.122137	
207521	 7829	 0.409912	 0.339844	 -28.900763	
207540	 7830	 -0.330078	 -0.183838	 -26.679390	
207558	 7831	 0.069580	 0.346191	 -26.839695	
207577	 7832	 -0.029297	 -0.307861	 -31.206106	
207596	 7833	 0.041260	 0.234863	 -28.877863	
207614	 7834	 0.014893	 -0.041260	 -27.389313	
207633	 7835	 0.206055	 0.110840	 -27.755726	
207652	 7836	 -0.085205	 -0.403564	 -30.206106	
207671	 7837	 0.109131	 0.208740	 -26.931297	
207689	 7838	 0.227295	 -0.334717	 -28.389313	
207709	 7839	 0.433350	 0.285156	 -26.526718	
207727	 7840	 0.366211	 -0.290771	 -22.633587	
207746	 7841	 0.237061	 0.156250	 -30.832062	
207764	 7842	 -0.158936	 0.005615	 -28.885496	
207783	 7843	 -0.330078	 0.092529	 -30.786259	
207802	 7844	 0.109131	 0.112793	 -27.145039	
207820	 7845	 -0.000732	 -0.221680	 -27.091602	
207840	 7846	 -0.030273	 0.175293	 -29.404581	
207858	 7847	 -0.275635	 -0.137451	 -27.053434	
207877	 7848	 0.023682	 0.144043	 -24.480917	
207896	 7849	 -0.574707	 0.161865	 -19.541985	
207915	 7850	 0.049072	 -0.021973	 -24.694656	
207933	 7851	 -0.267090	 0.214111	 -19.473282	
207952	 7852	 0.056152	 0.141113	 -22.335878	
207971	 7853	 -0.179199	 -0.249756	 -19.977098	
208009	 7855	 0.117432	 -0.074707	 -19.404581	
208027	 7856	 -0.026123	 0.216797	 -19.709923	
208046	 7857	 0.160400	 -0.085938	 -21.061069	
208064	 7858	 -0.022217	 -0.155762	 -21.977098	
208083	 7859	 -0.214844	 -0.061768	 -19.809160	
208102	 7860	 -0.123779	 -0.254150	 -20.519083	
208120	 7861	 0.020264	 0.370361	 -18.343512	
208140	 7862	 -0.078613	 -0.214111	 -16.473282	
208158	 7863	 0.030273	 0.243164	 -11.267176	
208177	 7864	 0.031982	 -0.117188	 -19.091602	
208195	 7865	 0.216797	 -0.067383	 -17.435114	
208215	 7866	 -0.244873	 -0.096924	 -22.580153	
208233	 7867	 0.071289	 0.043457	 -19.137405	
208251	 7868	 -0.021973	 -0.108154	 -20.473282	
208271	 7869	 0.102539	 0.209717	 -19.198473	
208289	 7870	 -0.064209	 -0.105713	 -21.580153	
208308	 7871	 0.029053	 -0.096191	 -24.809160	
208326	 7872	 0.138916	 0.114258	 -23.129770	
208346	 7873	 -0.026367	 -0.256348	 -22.603054	
208364	 7874	 -0.185303	 0.100098	 -23.396946	
208382	 7875	 0.103760	 0.092285	 -24.190840	
208402	 7876	 0.232910	 0.101807	 -18.618320	
208420	 7877	 -0.041992	 -0.071045	 -20.824427	
208439	 7878	 0.073730	 -0.286865	 -22.839695	
208457	 7879	 0.134766	 0.230957	 -24.770992	
208477	 7880	 0.208740	 -0.117432	 -21.175573	
208495	 7881	 0.248291	 0.103760	 -22.213741	
208514	 7882	 0.253174	 -0.206543	 -19.534351	
208532	 7883	 -0.080078	 0.009033	 -24.328245	
209282	 7923	 0.166992	 0.287109	 -15.519084	
209300	 7924	 0.074707	 -0.323242	 -26.725191	
209319	 7925	 0.418701	 0.054199	 -16.396946	
209338	 7926	 -0.234863	 -0.146973	 -22.083969	
209356	 7927	 -0.017090	 0.196289	 -17.183207	
209375	 7928	 -0.012695	 -0.067871	 -13.244275	
209394	 7929	 0.042969	 0.215576	 -18.030535	
209413	 7930	 0.170166	 0.083008	 -17.045801	
209431	 7931	 -0.230225	 -0.291016	 -11.977099	
209451	 7932	 0.170898	 0.498291	 -5.015267	
209469	 7933	 -0.121338	 -0.088379	 -10.236641	
209487	 7934	 0.117188	 0.038818	 -5.473282	
209507	 7935	 0.022705	 -0.117432	 -3.969466	
209525	 7936	 0.118164	 0.054443	 -7.801527	
209544	 7937	 0.010986	 -0.130127	 -5.877862	
209562	 7938	 0.046631	 0.156982	 -7.022901	
209582	 7939	 0.060303	 -0.308350	 -0.664122	
209600	 7940	 0.174561	 0.430908	 -4.007634	
209618	 7941	 -0.097168	 -0.362061	 0.206107	
209638	 7942	 0.015869	 -0.113525	 -3.687023	
209656	 7943	 -0.185547	 0.017578	 -1.694656	
209675	 7944	 0.118896	 0.189697	 0.274809	
209693	 7945	 -0.210449	 0.009766	 -3.229008	
209713	 7946	 0.113770	 0.005615	 -8.458015	
209731	 7947	 0.039795	 0.204346	 -3.435115	
209750	 7948	 0.039062	 -0.208984	 -5.541985	
209769	 7949	 -0.314941	 0.150391	 2.473282	
209787	 7950	 -0.026611	 0.039795	 -6.305344	
209806	 7951	 -0.036621	 -0.210938	 -4.465649	
209824	 7952	 -0.067383	 -0.234131	 -3.366412	
209844	 7953	 0.217773	 0.105469	 -7.152672	
209862	 7954	 0.037354	 0.052002	 -1.030534	
209881	 7955	 0.143066	 -0.034180	 -3.854962	
209900	 7956	 0.193604	 -0.048828	 -5.351145	
209918	 7957	 0.149902	 -0.224365	 -1.473282	
209937	 7958	 0.073486	 -0.014404	 -4.473282	
209955	 7959	 -0.031006	 0.072510	 -2.541985	
209975	 7960	 -0.117432	 -0.266113	 -2.389313	
209993	 7961	 0.023926	 0.072510	 -4.099236	
210012	 7962	 0.160889	 0.064453	 0.793893	
210031	 7963	 -0.234619	 -0.123291	 -3.167939	
210050	 7964	 0.123291	 0.190186	 3.183206	
210068	 7965	 0.027344	 -0.153564	 -4.519084	
210086	 7966	 0.091797	 0.271973	 1.580153	
210106	 7967	 -0.287354	 -0.073486	 -6.351145	
210124	 7968	 0.248047	 -0.241943	 -5.557252	
210143	 7969	 0.121338	 0.211670	 -0.038168	
210162	 7970	 -0.145996	 0.150879	 -4.290076	
210181	 7971	 -0.078369	 0.012207	 -2.763359	
210199	 7972	 -0.135254	 0.006836	 -4.145038	
210219	 7973	 0.122070	 0.053223	 -0.236641	
210237	 7974	 -0.172607	 -0.093750	 0.412214	
210255	 7975	 0.203613	 0.149658	 -0.106870	
210274	 7976	 0.233398	 -0.237549	 -2.572519	
210293	 7977	 -0.228760	 0.126221	 -0.832061	
210312	 7978	 0.338135	 0.009277	 -5.938931	
210330	 7979	 -0.009033	 -0.067627	 1.343511	
210350	 7980	 -0.108887	 0.056152	 -3.229008	
210368	 7981	 0.019775	 -0.282227	 2.793893	
210386	 7982	 -0.216064	 0.192627	 -1.274809	
210405	 7983	 -0.081543	 -0.160400	 0.664122	
210443	 7985	 -0.035156	 -0.040527	 -0.221374	
210612	 7994	 -0.076172	 -0.109619	 -2.648855	
210649	 7996	 -0.025635	 -0.035156	 -1.274809	
210668	 7997	 0.025635	 0.037354	 -0.862595	
210686	 7998	 0.082031	 -0.137939	 -0.465649	
210705	 7999	 0.057617	 0.087891	 -2.900763	
210723	 8000	 -0.019043	 -0.160645	 -2.458015	
210743	 8001	 -0.020020	 0.009766	 -0.236641	
210761	 8002	 0.063232	 -0.004150	 0.595420	
210780	 8003	 -0.007080	 -0.107666	 1.610687	
210799	 8004	 -0.033447	 0.071777	 -0.473282	
210818	 8005	 -0.110352	 0.002686	 1.450382	
210836	 8006	 0.022217	 -0.046631	 -1.091603	
210854	 8007	 -0.011963	 0.038818	 -2.435115	
