518168	 23880	 -0.004150	 -0.004639	 0.007634	
518188	 23881	 -0.009766	 -0.005127	 0.015267	
518208	 23882	 -0.010986	 -0.004639	 0.068702	
518228	 23883	 -0.005127	 -0.005127	 -0.038168	
518248	 23884	 -0.002686	 -0.007324	 0.061069	
518268	 23885	 -0.008301	 -0.012695	 0.045802	
518288	 23886	 -0.007324	 0.002441	 0.099237	
518308	 23887	 -0.005615	 -0.007080	 0.045802	
518328	 23888	 -0.008789	 -0.006104	 0.091603	
518348	 23889	 -0.013672	 -0.006348	 -0.053435	
518368	 23890	 -0.006348	 -0.002930	 0.106870	
518388	 23891	 -0.011475	 -0.005615	 0.030534	
518408	 23892	 -0.013428	 -0.002930	 -0.083969	
518428	 23893	 -0.015625	 -0.007812	 -0.167939	
518448	 23894	 -0.013428	 0.001221	 -0.038168	
518468	 23895	 -0.012207	 -0.005371	 -0.007634	
518488	 23896	 -0.003418	 -0.016357	 -0.083969	
518508	 23897	 -0.004883	 -0.004150	 -0.160305	
518528	 23898	 -0.013428	 -0.002686	 0.022901	
518548	 23899	 -0.012695	 -0.004639	 -0.022901	
518568	 23900	 -0.009277	 -0.000732	 -0.114504	
518588	 23901	 -0.005371	 -0.008789	 0.091603	
518608	 23902	 -0.013184	 -0.007324	 -0.129771	
518628	 23903	 -0.011963	 -0.000488	 0.061069	
518648	 23904	 -0.010498	 -0.002441	 0.022901	
518668	 23905	 -0.013916	 -0.002441	 0.015267	
518688	 23906	 -0.009033	 -0.000732	 -0.068702	
518708	 23907	 -0.006348	 -0.007812	 0.099237	
518728	 23908	 -0.010742	 -0.010498	 -0.183206	
518748	 23909	 -0.012451	 -0.006592	 -0.007634	
518768	 23910	 -0.009277	 -0.004150	 -0.045802	
518788	 23911	 -0.010498	 -0.005371	 -0.053435	
518808	 23912	 -0.001465	 -0.001709	 -0.030534	
518828	 23913	 -0.006104	 -0.001953	 -0.206107	
518848	 23914	 -0.006104	 -0.005371	 -0.076336	
518868	 23915	 -0.005371	 -0.005615	 -0.022901	
518888	 23916	 -0.007812	 -0.007812	 -0.114504	
518908	 23917	 -0.003906	 -0.004639	 0.083969	
518928	 23918	 -0.013184	 -0.002197	 -0.030534	
518948	 23919	 -0.005615	 -0.005371	 -0.045802	
518968	 23920	 -0.003418	 -0.001953	 0.061069	
518988	 23921	 -0.006348	 -0.007324	 0.068702	
519008	 23922	 -0.005859	 -0.007080	 -0.076336	
519028	 23923	 -0.014404	 -0.007812	 -0.045802	
519048	 23924	 -0.013916	 -0.000244	 0.068702	
519068	 23925	 -0.004883	 -0.008057	 -0.129771	
519088	 23926	 -0.008789	 -0.006104	 0.045802	
519108	 23927	 -0.009766	 -0.004150	 -0.068702	
519128	 23928	 -0.007812	 -0.010498	 0.129771	
519148	 23929	 -0.009521	 -0.008789	 0.099237	
519169	 23930	 -0.010010	 -0.002930	 0.022901	
519189	 23931	 -0.009277	 -0.004395	 0.114504	
519209	 23932	 -0.010986	 -0.010010	 -0.007634	
519229	 23933	 -0.015137	 -0.003174	 0.000000	
519249	 23934	 -0.013184	 -0.003906	 -0.022901	
519269	 23935	 -0.011475	 -0.006104	 -0.167939	
519289	 23936	 -0.010986	 -0.001221	 -0.007634	
519309	 23937	 -0.008545	 -0.004395	 -0.091603	
519329	 23938	 -0.012207	 -0.005615	 -0.145038	
519349	 23939	 -0.009766	 -0.005859	 -0.091603	
519369	 23940	 -0.014648	 -0.003418	 -0.190840	
519389	 23941	 -0.014404	 -0.000488	 0.114504	
519409	 23942	 -0.009766	 -0.000977	 -0.015267	
519429	 23943	 -0.008057	 -0.005859	 -0.137405	
519449	 23944	 -0.012207	 -0.003418	 -0.137405	
519469	 23945	 -0.009766	 -0.003174	 -0.007634	
519489	 23946	 -0.004883	 0.000000	 0.099237	
519510	 23947	 -0.010254	 -0.010254	 0.061069	
519530	 23948	 -0.017822	 -0.003906	 -0.145038	
519550	 23949	 -0.007812	 -0.009521	 -0.083969	
519570	 23950	 -0.004883	 -0.009766	 0.053435	
519590	 23951	 -0.013916	 -0.005127	 -0.030534	
519610	 23952	 -0.003418	 -0.008057	 -0.045802	
519630	 23953	 -0.012939	 -0.000977	 0.045802	
519650	 23954	 -0.013428	 -0.001709	 -0.137405	
519670	 23955	 -0.003906	 -0.005371	 -0.061069	
519690	 23956	 -0.013672	 -0.005615	 0.076336	
519710	 23957	 -0.013184	 -0.008301	 -0.114504	
519730	 23958	 -0.012451	 -0.007812	 -0.030534	
519750	 23959	 -0.020752	 0.000977	 -0.007634	
519770	 23960	 -0.010254	 -0.006592	 -0.213740	
519790	 23961	 -0.006348	 -0.004883	 0.007634	
519810	 23962	 -0.011475	 0.002441	 -0.114504	
519830	 23963	 -0.007324	 -0.005127	 0.076336	
519851	 23964	 -0.008789	 -0.006104	 0.221374	
519871	 23965	 -0.014893	 -0.000977	 -0.076336	
519891	 23966	 -0.010498	 -0.004395	 0.000000	
519911	 23967	 -0.004395	 -0.004395	 0.114504	
519931	 23968	 -0.016846	 -0.006592	 -0.152672	
519951	 23969	 -0.005859	 -0.007324	 -0.106870	
519971	 23970	 -0.010742	 -0.012207	 0.022901	
519991	 23971	 -0.010010	 -0.007080	 0.053435	
520011	 23972	 -0.006104	 -0.006836	 -0.106870	
520031	 23973	 -0.009277	 -0.003662	 -0.007634	
520051	 23974	 -0.011963	 -0.004639	 0.076336	
520071	 23975	 -0.006104	 -0.001221	 0.038168	
520091	 23976	 -0.015625	 -0.002441	 0.152672	
520111	 23977	 -0.011963	 0.000977	 -0.152672	
520131	 23978	 -0.010498	 -0.006836	 0.000000	
520151	 23979	 -0.012451	 0.000244	 0.076336	
520171	 23980	 -0.018066	 -0.008789	 -0.206107	
520192	 23981	 0.005371	 -0.008057	 -0.007634	
520212	 23982	 -0.011963	 -0.003662	 -0.137405	
520232	 23983	 -0.013428	 -0.010498	 -0.061069	
520252	 23984	 -0.001465	 -0.003418	 -0.007634	
520272	 23985	 -0.008789	 -0.010010	 -0.030534	
520292	 23986	 -0.016113	 -0.006104	 0.068702	
520312	 23987	 -0.003174	 -0.004395	 -0.076336	
520332	 23988	 -0.011719	 -0.008301	 0.083969	
520352	 23989	 -0.014404	 -0.010254	 -0.007634	
520372	 23990	 -0.010010	 0.000244	 -0.053435	
520392	 23991	 -0.009766	 0.002686	 0.106870	
520412	 23992	 -0.008545	 -0.003174	 -0.175573	
520432	 23993	 -0.004395	 -0.004639	 -0.091603	
520452	 23994	 -0.006836	 -0.007568	 -0.076336	
520472	 23995	 -0.010498	 -0.002441	 0.000000	
520492	 23996	 -0.000977	 -0.006104	 0.045802	
520512	 23997	 -0.012939	 -0.000488	 -0.068702	
520532	 23998	 -0.010498	 -0.000977	 -0.106870	
520552	 23999	 -0.006348	 -0.010010	 0.160305	
520572	 24000	 -0.013672	 -0.003906	 -0.068702	
520592	 24001	 -0.014648	 -0.001709	 -0.038168	
520612	 24002	 -0.005371	 -0.002930	 0.045802	
520632	 24003	 -0.008301	 -0.001221	 0.083969	
520652	 24004	 -0.010742	 -0.000732	 0.129771	
520672	 24005	 -0.011963	 -0.003174	 -0.068702	
520692	 24006	 -0.005615	 -0.007324	 -0.190840	
520712	 24007	 -0.001709	 0.002930	 -0.061069	
520732	 24008	 -0.008789	 -0.010254	 0.015267	
520752	 24009	 -0.013672	 -0.000244	 -0.282443	
520772	 24010	 -0.006104	 -0.001953	 0.175573	
520792	 24011	 -0.013916	 -0.003662	 0.045802	
520812	 24012	 -0.012451	 0.000000	 -0.007634	
520833	 24013	 -0.003174	 0.000000	 -0.145038	
520853	 24014	 -0.015137	 -0.012207	 -0.137405	
520873	 24015	 -0.009277	 -0.002686	 -0.229008	
520893	 24016	 -0.005371	 -0.006348	 -0.145038	
520913	 24017	 -0.011475	 -0.003418	 0.145038	
520933	 24018	 -0.010986	 0.000244	 -0.145038	
520953	 24019	 -0.009033	 -0.002686	 0.083969	
520973	 24020	 -0.016846	 -0.004395	 -0.015267	
520993	 24021	 -0.010010	 -0.001221	 -0.038168	
521013	 24022	 -0.006348	 0.001465	 -0.068702	
521033	 24023	 -0.015381	 -0.004883	 0.068702	
521053	 24024	 -0.002930	 -0.006348	 -0.251908	
521073	 24025	 -0.004883	 -0.007080	 -0.091603	
521093	 24026	 -0.007080	 0.001465	 -0.122137	
521113	 24027	 -0.008301	 -0.005371	 -0.091603	
521133	 24028	 -0.007080	 -0.006348	 -0.129771	
521153	 24029	 -0.005371	 -0.006348	 0.045802	
521174	 24030	 -0.004639	 -0.004883	 -0.122137	
521194	 24031	 -0.009277	 -0.007080	 0.022901	
521214	 24032	 -0.003174	 -0.006104	 -0.038168	
521234	 24033	 -0.012939	 -0.006348	 -0.221374	
521254	 24034	 -0.025635	 0.005371	 -0.244275	
521274	 24035	 -0.018311	 0.005615	 0.083969	
521294	 24036	 -0.008545	 -0.022705	 -0.083969	
521314	 24037	 -0.026123	 0.020020	 0.114504	
521334	 24038	 0.006104	 -0.037842	 -0.083969	
521354	 24039	 -0.004883	 0.014160	 0.022901	
521374	 24040	 -0.022217	 -0.011963	 0.053435	
521394	 24041	 -0.002197	 -0.018066	 -0.190840	
521414	 24042	 -0.009521	 -0.000488	 0.045802	
521434	 24043	 -0.015869	 -0.003662	 -0.038168	
521454	 24044	 -0.004150	 -0.018066	 0.175573	
521474	 24045	 -0.006104	 -0.001465	 -0.229008	
521494	 24046	 -0.010986	 0.006348	 0.083969	
521515	 24047	 -0.011475	 -0.021729	 0.129771	
521535	 24048	 -0.008301	 0.011719	 0.076336	
521555	 24049	 -0.012695	 -0.014160	 -0.015267	
521575	 24050	 -0.006836	 -0.003662	 -0.030534	
521595	 24051	 -0.008545	 -0.008789	 -0.038168	
521615	 24052	 -0.011963	 0.000000	 -0.015267	
521635	 24053	 -0.005371	 -0.006836	 0.030534	
521655	 24054	 -0.008301	 0.003662	 0.045802	
521675	 24055	 -0.008789	 -0.009033	 -0.015267	
521695	 24056	 -0.003662	 -0.007080	 0.022901	
521715	 24057	 -0.010498	 -0.003418	 -0.038168	
521735	 24058	 -0.015381	 -0.009521	 -0.038168	
521755	 24059	 -0.012695	 -0.006836	 -0.175573	
521775	 24060	 -0.009521	 -0.007568	 0.030534	
521795	 24061	 -0.004883	 -0.003662	 -0.167939	
521815	 24062	 -0.007812	 -0.007568	 -0.038168	
521835	 24063	 -0.010742	 -0.002197	 -0.259542	
521856	 24064	 -0.007812	 -0.011719	 0.068702	
521876	 24065	 -0.009033	 0.002197	 -0.137405	
521896	 24066	 -0.010986	 -0.010498	 -0.068702	
521916	 24067	 -0.015625	 -0.004639	 -0.175573	
521936	 24068	 -0.012451	 0.000000	 -0.076336	
521956	 24069	 -0.008789	 -0.003906	 0.076336	
521976	 24070	 -0.007568	 -0.008545	 0.114504	
521996	 24071	 0.005127	 -0.003906	 -0.213740	
522016	 24072	 0.000000	 0.002686	 -0.282443	
522036	 24073	 -0.016846	 -0.030762	 -0.198473	
522056	 24074	 -0.010010	 0.006104	 -0.213740	
522076	 24075	 -0.011719	 0.001953	 -0.038168	
522096	 24076	 -0.007080	 -0.013184	 -0.259542	
522116	 24077	 -0.013916	 0.003418	 -0.122137	
522136	 24078	 -0.021729	 0.017822	 -0.106870	
522156	 24079	 -0.008301	 -0.028076	 -0.114504	
522176	 24080	 -0.010498	 0.012207	 0.030534	
522196	 24081	 -0.016846	 -0.006592	 0.152672	
522216	 24082	 0.000977	 -0.011963	 -0.206107	
522236	 24083	 -0.015869	 0.011230	 0.099237	
522256	 24084	 -0.010986	 -0.008789	 0.091603	
522276	 24085	 -0.009033	 -0.008057	 0.045802	
522296	 24086	 -0.009766	 0.000000	 -0.007634	
522316	 24087	 -0.014648	 -0.000977	 0.015267	
522336	 24088	 -0.014893	 -0.016357	 -0.190840	
522356	 24089	 -0.006836	 0.004883	 -0.076336	
522376	 24090	 -0.011230	 -0.010742	 -0.076336	
522396	 24091	 -0.013184	 -0.005615	 -0.229008	
522416	 24092	 -0.010254	 -0.001709	 -0.091603	
522436	 24093	 -0.011475	 -0.010742	 0.007634	
522456	 24094	 -0.010742	 -0.007080	 0.038168	
522476	 24095	 -0.018555	 -0.001221	 -0.007634	
522497	 24096	 -0.017578	 -0.013428	 -0.068702	
522517	 24097	 -0.016846	 -0.001221	 -0.091603	
522537	 24098	 -0.009766	 -0.005859	 0.007634	
522557	 24099	 -0.013428	 -0.007080	 -0.068702	
522577	 24100	 0.001465	 -0.016602	 -0.106870	
522597	 24101	 -0.033203	 0.022217	 0.259542	
522617	 24102	 -0.033691	 -0.008545	 0.068702	
522637	 24103	 -0.002686	 0.002686	 -0.190840	
522657	 24104	 -0.002686	 -0.009277	 0.122137	
522677	 24105	 -0.033447	 -0.029297	 0.076336	
522697	 24106	 -0.008301	 0.018799	 0.175573	
522717	 24107	 -0.009766	 -0.000977	 -0.076336	
522737	 24108	 -0.011475	 -0.018311	 0.038168	
522757	 24109	 -0.008301	 0.001465	 -0.030534	
522777	 24110	 -0.009766	 0.002930	 0.137405	
522797	 24111	 -0.010742	 -0.021484	 -0.061069	
522817	 24112	 -0.015381	 0.012939	 0.022901	
522838	 24113	 -0.003418	 -0.009033	 0.015267	
522858	 24114	 -0.005615	 -0.007324	 -0.045802	
522878	 24115	 -0.010498	 -0.002930	 -0.007634	
522898	 24116	 -0.007324	 -0.007324	 0.038168	
522918	 24117	 -0.017578	 -0.007568	 -0.030534	
522938	 24118	 -0.018799	 0.008057	 -0.022901	
522958	 24119	 -0.010498	 -0.004883	 0.099237	
522978	 24120	 -0.016846	 -0.007324	 -0.015267	
522998	 24121	 -0.010742	 0.004150	 0.030534	
523018	 24122	 -0.016113	 -0.014404	 -0.152672	
523038	 24123	 -0.018066	 -0.003662	 -0.076336	
523058	 24124	 -0.009033	 -0.002441	 -0.076336	
523078	 24125	 -0.006836	 -0.010254	 0.038168	
523098	 24126	 -0.009277	 -0.002930	 -0.038168	
523118	 24127	 -0.012939	 -0.001953	 0.038168	
523138	 24128	 -0.010986	 -0.005859	 -0.114504	
523158	 24129	 -0.008789	 -0.007812	 0.000000	
523179	 24130	 -0.012451	 -0.000732	 0.076336	
523199	 24131	 -0.013916	 -0.005127	 -0.045802	
523219	 24132	 -0.013916	 -0.002441	 0.053435	
523239	 24133	 -0.008057	 -0.000732	 0.007634	
523259	 24134	 -0.003174	 -0.002441	 0.007634	
523279	 24135	 -0.007568	 -0.014893	 0.061069	
523299	 24136	 -0.008545	 -0.007812	 0.000000	
523319	 24137	 -0.006104	 -0.005371	 0.030534	
523339	 24138	 -0.011475	 -0.007568	 -0.175573	
523359	 24139	 -0.008789	 -0.007080	 0.007634	
523379	 24140	 -0.011230	 0.002686	 0.038168	
523399	 24141	 -0.013672	 -0.011475	 -0.114504	
523419	 24142	 -0.013184	 0.001709	 -0.145038	
523439	 24143	 -0.006104	 -0.006348	 0.007634	
523459	 24144	 0.000732	 -0.007324	 -0.229008	
523479	 24145	 -0.003906	 -0.004395	 0.007634	
523499	 24146	 -0.004395	 -0.006592	 0.022901	
523520	 24147	 -0.010254	 -0.005859	 -0.106870	
523540	 24148	 -0.009033	 -0.001465	 -0.030534	
523560	 24149	 -0.010742	 -0.009521	 -0.145038	
523580	 24150	 -0.017334	 -0.001709	 -0.145038	
523600	 24151	 -0.012939	 0.000732	 0.137405	
523620	 24152	 -0.010986	 -0.000977	 0.053435	
523640	 24153	 -0.004395	 0.000977	 0.083969	
523660	 24154	 -0.011230	 -0.008545	 -0.083969	
523680	 24155	 -0.006348	 -0.008789	 0.007634	
523700	 24156	 -0.004150	 -0.004639	 0.244275	
523720	 24157	 -0.002930	 -0.005127	 -0.206107	
523740	 24158	 -0.010742	 -0.004395	 -0.022901	
523760	 24159	 -0.008301	 -0.002197	 -0.183206	
523780	 24160	 -0.004395	 -0.012695	 0.152672	
523800	 24161	 -0.014893	 -0.003174	 -0.129771	
523820	 24162	 -0.006592	 0.000244	 -0.083969	
523840	 24163	 -0.008301	 -0.006836	 0.045802	
523860	 24164	 -0.007324	 -0.002930	 0.000000	
523880	 24165	 -0.011230	 -0.003174	 -0.007634	
523900	 24166	 -0.011475	 -0.005859	 0.000000	
523920	 24167	 -0.009766	 -0.006348	 0.038168	
523940	 24168	 -0.004883	 -0.003906	 -0.091603	
523960	 24169	 -0.006104	 -0.012695	 -0.007634	
523980	 24170	 -0.008545	 -0.000977	 0.007634	
524000	 24171	 -0.004883	 -0.000732	 0.045802	
524020	 24172	 -0.008789	 -0.005127	 0.015267	
524040	 24173	 -0.009521	 -0.011475	 -0.206107	
524060	 24174	 -0.006836	 -0.008789	 0.038168	
524080	 24175	 -0.011475	 -0.003418	 -0.007634	
524100	 24176	 -0.008545	 -0.007080	 -0.022901	
524120	 24177	 -0.017090	 0.000000	 -0.229008	
524140	 24178	 -0.015381	 -0.008057	 -0.007634	
524161	 24179	 -0.008545	 -0.002441	 0.053435	
524181	 24180	 -0.013184	 -0.006592	 -0.030534	
524201	 24181	 -0.011963	 -0.009521	 0.083969	
524221	 24182	 -0.006104	 -0.007812	 -0.076336	
524241	 24183	 -0.015381	 -0.008057	 -0.061069	
524261	 24184	 -0.014893	 -0.010498	 -0.068702	
524281	 24185	 -0.009277	 -0.003174	 -0.152672	
524301	 24186	 -0.004395	 -0.006592	 -0.083969	
524321	 24187	 -0.010986	 -0.006592	 -0.022901	
524341	 24188	 -0.008789	 -0.006348	 0.007634	
524361	 24189	 -0.007324	 -0.004150	 -0.137405	
524381	 24190	 -0.010254	 -0.007812	 0.000000	
524401	 24191	 -0.009521	 -0.005371	 0.015267	
524421	 24192	 -0.009766	 -0.006592	 0.015267	
524441	 24193	 -0.011475	 -0.000488	 -0.022901	
524461	 24194	 -0.007812	 -0.005615	 0.061069	
524481	 24195	 -0.007324	 -0.006348	 -0.030534	
524502	 24196	 -0.010254	 -0.004883	 -0.167939	
524522	 24197	 -0.010010	 -0.004639	 0.022901	
524542	 24198	 -0.010498	 -0.005615	 -0.030534	
524562	 24199	 -0.011230	 -0.002441	 0.083969	
524582	 24200	 -0.010498	 -0.010742	 0.091603	
524602	 24201	 -0.011475	 -0.007324	 0.007634	
524622	 24202	 -0.009033	 0.002197	 0.007634	
524642	 24203	 -0.007324	 -0.003418	 0.053435	
524662	 24204	 -0.017822	 -0.005371	 -0.053435	
524682	 24205	 -0.017578	 -0.005371	 -0.068702	
524702	 24206	 -0.003662	 -0.007080	 -0.129771	
524722	 24207	 -0.010254	 -0.004639	 -0.007634	
524742	 24208	 0.000000	 -0.004150	 -0.022901	
524762	 24209	 -0.005371	 -0.007812	 -0.160305	
524782	 24210	 -0.012451	 -0.004639	 0.045802	
524802	 24211	 -0.001221	 -0.008789	 0.053435	
524822	 24212	 -0.008057	 -0.010498	 -0.045802	
524843	 24213	 -0.014160	 -0.009033	 -0.076336	
524863	 24214	 -0.009277	 -0.006348	 0.045802	
524883	 24215	 -0.009766	 0.000000	 -0.160305	
524903	 24216	 -0.019531	 -0.011230	 -0.030534	
524923	 24217	 -0.007812	 -0.005615	 -0.198473	
524943	 24218	 -0.010498	 -0.004395	 -0.022901	
524963	 24219	 -0.011230	 -0.002441	 -0.030534	
524983	 24220	 -0.010010	 -0.002197	 0.061069	
525003	 24221	 -0.010254	 -0.004395	 -0.045802	
525023	 24222	 -0.010986	 -0.010498	 -0.068702	
525043	 24223	 -0.008789	 -0.005371	 0.015267	
525063	 24224	 -0.010498	 -0.001709	 -0.167939	
525083	 24225	 -0.013916	 -0.003174	 -0.038168	
525103	 24226	 -0.013428	 -0.004639	 -0.198473	
525123	 24227	 -0.017090	 -0.004883	 -0.030534	
525143	 24228	 -0.002686	 -0.009033	 -0.045802	
525163	 24229	 -0.009766	 -0.003662	 -0.045802	
525184	 24230	 -0.012695	 -0.006104	 0.076336	
525204	 24231	 -0.010742	 -0.006836	 -0.045802	
525224	 24232	 -0.011230	 -0.003174	 -0.083969	
525244	 24233	 -0.009033	 -0.007812	 -0.015267	
525264	 24234	 -0.008301	 -0.005615	 0.068702	
525284	 24235	 -0.006836	 -0.006836	 0.053435	
525304	 24236	 -0.014160	 -0.005371	 0.061069	
525324	 24237	 -0.007080	 -0.002197	 -0.045802	
525344	 24238	 -0.010742	 -0.006104	 -0.099237	
525364	 24239	 -0.005127	 -0.004395	 -0.167939	
525384	 24240	 -0.010986	 0.000977	 -0.175573	
525404	 24241	 -0.011719	 -0.008545	 -0.076336	
525424	 24242	 -0.003906	 -0.000732	 0.030534	
525444	 24243	 -0.007324	 -0.001709	 -0.030534	
525464	 24244	 -0.003174	 -0.003662	 -0.007634	
525484	 24245	 -0.007568	 -0.003174	 -0.030534	
525504	 24246	 -0.013672	 -0.005371	 -0.152672	
525524	 24247	 -0.016602	 -0.008057	 -0.129771	
525544	 24248	 -0.005127	 -0.003174	 -0.022901	
525564	 24249	 -0.012695	 -0.006592	 0.053435	
525584	 24250	 -0.010742	 0.001465	 -0.145038	
525604	 24251	 -0.008057	 -0.005127	 -0.015267	
525624	 24252	 -0.013184	 -0.005371	 -0.061069	
525644	 24253	 -0.011475	 -0.001953	 -0.106870	
525664	 24254	 -0.004639	 0.000000	 -0.122137	
525684	 24255	 -0.009766	 -0.010742	 -0.175573	
525704	 24256	 -0.018066	 -0.008789	 -0.076336	
525724	 24257	 -0.011963	 -0.006104	 -0.053435	
525744	 24258	 -0.017822	 -0.001953	 -0.061069	
525764	 24259	 -0.013428	 0.000977	 -0.061069	
525784	 24260	 -0.010010	 -0.006348	 0.137405	
525804	 24261	 -0.006836	 -0.007812	 0.053435	
525824	 24262	 -0.013184	 -0.004883	 -0.045802	
525844	 24263	 -0.006104	 -0.001221	 -0.206107	
525864	 24264	 -0.006104	 -0.007324	 0.076336	
525884	 24265	 -0.006836	 -0.003174	 -0.114504	
525904	 24266	 -0.012207	 -0.002930	 0.099237	
525924	 24267	 -0.011475	 -0.001221	 -0.061069	
525944	 24268	 -0.010010	 -0.011230	 -0.038168	
525964	 24269	 -0.012939	 -0.007568	 0.030534	
525984	 24270	 -0.009521	 -0.000488	 -0.251908	
526003	 24271	 -0.019043	 -0.000244	 0.000000	
526023	 24272	 -0.007812	 -0.003174	 0.015267	
526043	 24273	 -0.010986	 -0.003418	 -0.045802	
526063	 24274	 -0.023682	 0.005615	 -0.091603	
526083	 24275	 -0.013916	 -0.004883	 -0.061069	
526103	 24276	 -0.001465	 -0.007812	 -0.137405	
526124	 24277	 -0.015869	 -0.000732	 -0.053435	
526144	 24278	 -0.010254	 -0.005615	 -0.007634	
526164	 24279	 -0.003174	 -0.008057	 -0.022901	
526184	 24280	 -0.018555	 0.002441	 -0.160305	
526204	 24281	 -0.018066	 -0.000977	 -0.129771	
526224	 24282	 -0.001465	 -0.010254	 -0.022901	
526244	 24283	 -0.010498	 -0.006348	 -0.061069	
526264	 24284	 -0.006592	 0.000244	 0.015267	
526284	 24285	 -0.016846	 -0.006836	 0.183206	
526304	 24286	 -0.008301	 0.000244	 0.129771	
526324	 24287	 -0.010742	 -0.002686	 -0.122137	
526344	 24288	 -0.008789	 -0.008301	 -0.251908	
526364	 24289	 -0.010986	 -0.004639	 0.038168	
526384	 24290	 -0.008301	 -0.002441	 -0.137405	
526404	 24291	 -0.002197	 -0.010498	 -0.152672	
526424	 24292	 -0.013428	 -0.005615	 -0.007634	
526444	 24293	 -0.004639	 -0.007324	 -0.061069	
526465	 24294	 -0.002930	 -0.002441	 -0.229008	
526485	 24295	 -0.020752	 0.002930	 -0.190840	
526505	 24296	 -0.010254	 -0.009521	 0.076336	
526525	 24297	 -0.009033	 -0.008789	 -0.022901	
526545	 24298	 -0.008301	 0.002441	 -0.114504	
526565	 24299	 -0.007080	 -0.009521	 0.038168	
526585	 24300	 -0.012939	 -0.007568	 -0.083969	
526605	 24301	 -0.015137	 -0.000732	 0.099237	
526625	 24302	 -0.010254	 -0.005859	 -0.068702	
526645	 24303	 -0.006348	 -0.007568	 0.000000	
526665	 24304	 -0.013428	 -0.001465	 -0.022901	
526685	 24305	 -0.012695	 0.001221	 -0.122137	
526705	 24306	 -0.009766	 -0.005859	 -0.099237	
526725	 24307	 -0.005127	 -0.001709	 -0.083969	
526745	 24308	 -0.015137	 -0.000977	 0.076336	
526765	 24309	 -0.007812	 -0.005127	 0.061069	
526785	 24310	 -0.009521	 -0.005371	 0.045802	
526806	 24311	 -0.011963	 -0.006104	 0.045802	
526826	 24312	 -0.001465	 -0.000977	 -0.229008	
526846	 24313	 -0.010742	 -0.003906	 -0.198473	
526866	 24314	 -0.013184	 -0.007568	 0.000000	
526886	 24315	 -0.009277	 -0.005371	 0.038168	
526906	 24316	 -0.010498	 -0.001221	 -0.091603	
526926	 24317	 -0.011719	 -0.005371	 -0.015267	
526946	 24318	 -0.014648	 -0.001953	 -0.068702	
526966	 24319	 -0.004395	 -0.008057	 -0.015267	
526986	 24320	 -0.011230	 -0.010742	 0.038168	
527006	 24321	 -0.006348	 -0.000488	 -0.137405	
527026	 24322	 -0.003906	 -0.017090	 0.022901	
527046	 24323	 -0.010986	 -0.006104	 -0.076336	
527066	 24324	 -0.005859	 -0.000488	 0.183206	
527086	 24325	 -0.006836	 -0.003906	 0.114504	
527106	 24326	 -0.009521	 -0.004395	 -0.015267	
527126	 24327	 -0.011230	 -0.001221	 0.068702	
527147	 24328	 -0.004883	 -0.006592	 0.068702	
527167	 24329	 -0.010498	 0.000000	 0.030534	
527187	 24330	 -0.011230	 -0.003906	 -0.091603	
527207	 24331	 -0.006836	 -0.008789	 0.007634	
527227	 24332	 -0.011475	 0.000244	 0.007634	
527247	 24333	 -0.009521	 -0.005127	 0.045802	
527267	 24334	 -0.004150	 -0.007080	 0.076336	
527287	 24335	 -0.006348	 -0.006348	 0.015267	
527307	 24336	 -0.011230	 -0.003418	 0.122137	
527327	 24337	 -0.010010	 -0.006348	 0.068702	
527347	 24338	 -0.013184	 0.001465	 -0.099237	
527367	 24339	 -0.008789	 -0.007080	 -0.198473	
527387	 24340	 -0.016602	 -0.004150	 -0.015267	
527407	 24341	 -0.008057	 -0.007324	 -0.030534	
527427	 24342	 -0.004639	 -0.003906	 -0.076336	
527447	 24343	 -0.015381	 -0.005127	 -0.083969	
527467	 24344	 -0.011475	 -0.008789	 0.022901	
527488	 24345	 -0.004883	 -0.006836	 -0.099237	
527508	 24346	 -0.005859	 -0.008789	 -0.106870	
527528	 24347	 -0.013916	 -0.008301	 0.022901	
527548	 24348	 0.000000	 -0.004883	 -0.045802	
527568	 24349	 -0.009277	 -0.006104	 0.099237	
527588	 24350	 -0.015869	 -0.005127	 0.091603	
527608	 24351	 0.001221	 -0.004639	 0.022901	
527628	 24352	 -0.009766	 -0.004883	 0.022901	
527648	 24353	 -0.012695	 -0.005859	 -0.137405	
527668	 24354	 -0.003662	 -0.012207	 -0.183206	
527688	 24355	 -0.008789	 -0.003662	 0.015267	
527708	 24356	 -0.015381	 -0.007324	 0.106870	
527728	 24357	 -0.016602	 -0.002686	 -0.091603	
527748	 24358	 -0.013672	 -0.000732	 -0.099237	
527768	 24359	 -0.006592	 0.001709	 -0.022901	
527788	 24360	 -0.010498	 -0.006592	 -0.167939	
527808	 24361	 -0.014893	 0.000977	 0.022901	
527828	 24362	 -0.013916	 -0.004395	 -0.045802	
527848	 24363	 -0.009521	 -0.003418	 0.068702	
527868	 24364	 -0.008057	 -0.000488	 -0.167939	
527888	 24365	 -0.013428	 -0.005371	 -0.175573	
527908	 24366	 -0.007812	 -0.007324	 -0.045802	
527928	 24367	 -0.010742	 -0.004395	 0.053435	
527948	 24368	 -0.011963	 -0.002441	 -0.160305	
527968	 24369	 -0.012451	 -0.006592	 -0.007634	
527988	 24370	 -0.015137	 -0.005371	 0.137405	
528008	 24371	 -0.005371	 -0.007324	 -0.122137	
528028	 24372	 -0.010010	 -0.002197	 0.129771	
528048	 24373	 -0.006104	 -0.003906	 -0.068702	
528068	 24374	 -0.006348	 -0.004150	 -0.045802	
528088	 24375	 -0.010742	 -0.005127	 0.045802	
528108	 24376	 -0.006592	 -0.007324	 0.175573	
528129	 24377	 -0.008545	 -0.003906	 0.045802	
528149	 24378	 -0.011230	 -0.003662	 0.022901	
528169	 24379	 -0.013672	 -0.003174	 -0.007634	
528189	 24380	 -0.012451	 -0.009033	 -0.152672	
528209	 24381	 -0.002930	 0.002441	 -0.015267	
528229	 24382	 -0.008545	 -0.004883	 0.152672	
528249	 24383	 -0.014893	 -0.004395	 0.106870	
528269	 24384	 -0.007812	 -0.010498	 -0.145038	
528289	 24385	 -0.010742	 -0.005127	 0.007634	
528309	 24386	 -0.000977	 -0.007568	 -0.106870	
528329	 24387	 -0.012695	 -0.005127	 -0.145038	
528349	 24388	 -0.011475	 -0.006104	 -0.114504	
528369	 24389	 -0.009766	 -0.005127	 0.022901	
528389	 24390	 -0.014648	 -0.001465	 -0.091603	
528409	 24391	 -0.010010	 -0.007568	 -0.007634	
528429	 24392	 -0.006104	 -0.006348	 -0.015267	
528449	 24393	 -0.009766	 -0.002686	 0.076336	
528470	 24394	 -0.012451	 -0.001953	 0.022901	
528490	 24395	 -0.009033	 -0.003662	 0.137405	
528510	 24396	 -0.013672	 -0.008057	 -0.053435	
528530	 24397	 -0.010742	 -0.002686	 0.007634	
528550	 24398	 -0.004883	 -0.008057	 -0.038168	
528570	 24399	 -0.007568	 -0.005859	 0.068702	
528590	 24400	 -0.011475	 -0.002686	 0.091603	
528610	 24401	 -0.006348	 -0.011475	 -0.068702	
528630	 24402	 -0.010254	 -0.004639	 -0.129771	
528650	 24403	 -0.002197	 -0.007568	 -0.061069	
528670	 24404	 -0.009521	 -0.007324	 -0.068702	
528690	 24405	 -0.010742	 -0.003906	 -0.183206	
528710	 24406	 -0.009033	 -0.005371	 -0.083969	
528730	 24407	 -0.006592	 -0.007324	 -0.091603	
528750	 24408	 -0.005615	 -0.007812	 -0.198473	
528770	 24409	 -0.007812	 -0.006348	 0.053435	
528790	 24410	 -0.009277	 -0.003906	 -0.007634	
528811	 24411	 -0.009766	 -0.001465	 0.114504	
528831	 24412	 -0.011719	 -0.002686	 -0.076336	
528851	 24413	 -0.009033	 -0.004150	 -0.068702	
528871	 24414	 -0.011719	 -0.002930	 -0.053435	
528891	 24415	 -0.012695	 -0.009033	 0.106870	
528911	 24416	 -0.010742	 -0.001953	 -0.083969	
528931	 24417	 -0.014648	 0.001709	 0.129771	
528951	 24418	 -0.017090	 -0.004639	 -0.007634	
528971	 24419	 -0.009277	 -0.003174	 -0.167939	
528991	 24420	 -0.008057	 -0.013184	 0.061069	
529011	 24421	 -0.012207	 -0.002686	 0.068702	
529031	 24422	 -0.012451	 -0.004883	 0.053435	
529051	 24423	 -0.010742	 -0.003418	 -0.099237	
529071	 24424	 -0.007324	 -0.005615	 -0.007634	
529091	 24425	 -0.010010	 -0.006348	 0.000000	
529111	 24426	 -0.011475	 -0.008057	 -0.167939	
529131	 24427	 -0.006348	 0.003174	 -0.206107	
529152	 24428	 -0.017578	 -0.007812	 -0.053435	
529172	 24429	 -0.006836	 -0.006104	 -0.038168	
529192	 24430	 -0.005615	 -0.007324	 0.030534	
529212	 24431	 -0.010742	 -0.011475	 -0.091603	
529232	 24432	 -0.014160	 -0.001221	 0.106870	
529252	 24433	 -0.012451	 -0.007080	 -0.099237	
529272	 24434	 -0.008789	 -0.008057	 0.000000	
529292	 24435	 -0.012451	 -0.005127	 0.106870	
529312	 24436	 -0.019531	 -0.008545	 0.038168	
529332	 24437	 -0.011475	 -0.005127	 0.015267	
529352	 24438	 -0.015381	 -0.005371	 -0.114504	
529372	 24439	 -0.013428	 -0.004883	 0.022901	
529392	 24440	 -0.013672	 -0.003662	 0.000000	
529412	 24441	 -0.009033	 -0.004883	 -0.137405	
529432	 24442	 -0.014160	 -0.004395	 -0.206107	
529452	 24443	 -0.009766	 -0.002686	 0.122137	
529472	 24444	 -0.011475	 -0.005371	 -0.099237	
529492	 24445	 -0.006836	 -0.006348	 0.007634	
529512	 24446	 -0.004883	 -0.008301	 -0.076336	
529532	 24447	 -0.007812	 -0.002197	 -0.045802	
529552	 24448	 -0.013672	 -0.005859	 -0.305344	
529572	 24449	 -0.008301	 -0.000488	 0.106870	
529592	 24450	 -0.011230	 -0.007080	 -0.015267	
529612	 24451	 -0.007080	 -0.006592	 0.068702	
529632	 24452	 -0.013428	 -0.006592	 -0.145038	
529652	 24453	 -0.003906	 -0.002197	 -0.030534	
529672	 24454	 -0.006348	 -0.005615	 -0.129771	
529692	 24455	 -0.013672	 -0.000977	 0.122137	
529712	 24456	 -0.009766	 -0.006348	 0.000000	
529732	 24457	 -0.002930	 -0.001709	 -0.099237	
529752	 24458	 -0.007080	 -0.001221	 0.045802	
529772	 24459	 -0.004150	 -0.004395	 -0.015267	
529792	 24460	 -0.012695	 -0.001709	 -0.030534	
529812	 24461	 -0.012695	 -0.003174	 -0.167939	
529832	 24462	 -0.010742	 -0.005371	 -0.038168	
529852	 24463	 -0.010254	 -0.007080	 0.038168	
529872	 24464	 -0.013672	 0.003662	 -0.137405	
529892	 24465	 -0.009766	 -0.005859	 0.015267	
529912	 24466	 -0.002930	 -0.001465	 0.061069	
529932	 24467	 -0.006592	 -0.003906	 0.045802	
529951	 24468	 -0.009033	 -0.003906	 -0.106870	
529971	 24469	 -0.007812	 -0.003418	 -0.038168	
529991	 24470	 -0.007812	 0.000732	 -0.061069	
530011	 24471	 -0.008057	 -0.005859	 -0.099237	
530031	 24472	 -0.016113	 0.001709	 -0.091603	
530051	 24473	 -0.010010	 -0.003418	 -0.045802	
530071	 24474	 -0.011963	 -0.000977	 0.022901	
530092	 24475	 -0.010742	 -0.005859	 -0.061069	
530112	 24476	 -0.010742	 -0.004395	 -0.015267	
530132	 24477	 -0.013184	 -0.006104	 0.045802	
530152	 24478	 -0.012451	 -0.009033	 0.068702	
530172	 24479	 -0.013916	 -0.009766	 -0.152672	
530192	 24480	 -0.008301	 -0.003906	 0.160305	
530212	 24481	 -0.011230	 -0.003418	 -0.160305	
530232	 24482	 -0.009766	 -0.007080	 -0.068702	
530252	 24483	 -0.012207	 -0.004150	 -0.061069	
530272	 24484	 -0.009277	 -0.001953	 0.007634	
530292	 24485	 -0.009277	 -0.005127	 0.007634	
530312	 24486	 -0.011475	 -0.005371	 -0.160305	
530332	 24487	 -0.008301	 -0.008789	 -0.106870	
530352	 24488	 -0.011475	 -0.002441	 -0.137405	
530372	 24489	 -0.014404	 -0.003906	 -0.229008	
530392	 24490	 -0.008789	 -0.007812	 0.091603	
530412	 24491	 -0.009277	 -0.008057	 0.038168	
530433	 24492	 -0.014404	 -0.012939	 -0.145038	
530453	 24493	 -0.013916	 -0.001709	 0.091603	
530473	 24494	 -0.013184	 -0.004639	 0.007634	
587339	 27332	 -0.000977	 -0.011963	 -0.007634	
587359	 27333	 -0.002930	 -0.007568	 -0.145038	
587379	 27334	 0.000000	 -0.006592	 0.015267	
587399	 27335	 -0.006104	 -0.015869	 -0.160305	
587419	 27336	 -0.004150	 -0.010010	 0.076336	
587439	 27337	 -0.005371	 -0.009277	 0.106870	
587459	 27338	 -0.002197	 -0.013184	 -0.091603	
587479	 27339	 -0.006104	 -0.012695	 -0.083969	
587499	 27340	 0.001465	 -0.009033	 0.114504	
587520	 27341	 -0.004883	 -0.017578	 0.007634	
587540	 27342	 -0.002686	 -0.008301	 -0.152672	
587560	 27343	 -0.007080	 -0.011475	 0.129771	
587580	 27344	 0.002686	 -0.008545	 0.137405	
587600	 27345	 0.000488	 -0.007324	 0.114504	
587620	 27346	 -0.000732	 -0.008545	 0.076336	
587640	 27347	 0.005371	 -0.008301	 0.198473	
587660	 27348	 -0.009521	 -0.006348	 0.091603	
587680	 27349	 -0.005371	 -0.013672	 0.106870	
587700	 27350	 -0.000732	 -0.013428	 0.045802	
587720	 27351	 -0.004639	 -0.013672	 -0.030534	
587740	 27352	 0.001709	 -0.006348	 -0.236641	
587760	 27353	 0.001709	 -0.010254	 -0.099237	
587780	 27354	 -0.001465	 -0.013672	 0.053435	
587800	 27355	 -0.004883	 -0.014893	 0.007634	
587820	 27356	 -0.001953	 -0.007812	 0.022901	
587840	 27357	 -0.006592	 -0.013672	 -0.152672	
587860	 27358	 -0.006836	 -0.016357	 0.099237	
587880	 27359	 -0.003174	 -0.011963	 -0.328244	
587900	 27360	 0.001221	 -0.016357	 0.129771	
587920	 27361	 -0.006104	 -0.013916	 -0.015267	
587940	 27362	 -0.002686	 -0.011719	 0.175573	
587960	 27363	 -0.003174	 -0.014404	 -0.122137	
587980	 27364	 -0.002197	 -0.013428	 -0.137405	
588000	 27365	 0.002441	 -0.019775	 -0.007634	
588020	 27366	 -0.000244	 -0.012695	 -0.022901	
588040	 27367	 -0.002930	 -0.015625	 -0.076336	
588060	 27368	 -0.001465	 -0.009277	 -0.061069	
588080	 27369	 0.001465	 -0.010254	 0.167939	
588100	 27370	 0.001953	 -0.009521	 0.045802	
588120	 27371	 -0.004395	 -0.007080	 0.083969	
588140	 27372	 -0.008301	 -0.014404	 -0.076336	
588161	 27373	 -0.006592	 -0.015869	 -0.152672	
588181	 27374	 -0.003174	 -0.015625	 0.007634	
588201	 27375	 -0.005859	 -0.013428	 -0.030534	
588221	 27376	 -0.001465	 -0.012207	 -0.106870	
588241	 27377	 -0.002197	 -0.012695	 -0.175573	
588261	 27378	 -0.001709	 -0.005615	 0.007634	
588281	 27379	 -0.003418	 -0.010986	 -0.129771	
588301	 27380	 -0.003662	 -0.008789	 -0.038168	
588321	 27381	 -0.001709	 -0.014648	 -0.099237	
588341	 27382	 -0.004150	 -0.011230	 -0.045802	
588361	 27383	 0.001953	 -0.015137	 -0.137405	
588381	 27384	 -0.004639	 -0.009766	 -0.061069	
588401	 27385	 0.000244	 -0.014160	 0.038168	
588421	 27386	 -0.003662	 -0.011719	 0.045802	
588441	 27387	 -0.005615	 -0.013672	 -0.068702	
588461	 27388	 -0.002197	 -0.007324	 -0.152672	
588481	 27389	 -0.000244	 -0.009521	 0.030534	
588502	 27390	 -0.004883	 -0.010498	 -0.145038	
588522	 27391	 -0.002197	 -0.005127	 -0.068702	
588542	 27392	 -0.001221	 -0.013916	 -0.198473	
588562	 27393	 -0.004639	 -0.010986	 -0.137405	
588582	 27394	 0.005615	 -0.009521	 -0.076336	
588602	 27395	 -0.004395	 -0.011963	 -0.053435	
588622	 27396	 -0.000977	 -0.011475	 -0.106870	
588642	 27397	 0.002441	 -0.010742	 -0.068702	
588662	 27398	 -0.005859	 -0.009521	 0.038168	
588682	 27399	 0.001953	 -0.015869	 -0.129771	
588702	 27400	 -0.001709	 -0.008301	 -0.290076	
588722	 27401	 -0.000488	 -0.015381	 -0.244275	
588742	 27402	 0.000732	 -0.011230	 0.076336	
588762	 27403	 -0.001221	 -0.012451	 -0.091603	
588782	 27404	 -0.001709	 -0.012939	 -0.022901	
588802	 27405	 -0.005127	 -0.012207	 -0.145038	
588822	 27406	 -0.000244	 -0.016357	 -0.038168	
588843	 27407	 0.001221	 -0.013184	 -0.061069	
588863	 27408	 0.001221	 -0.017578	 -0.007634	
588883	 27409	 -0.005859	 -0.008545	 -0.305344	
588903	 27410	 0.003418	 -0.015381	 -0.045802	
588923	 27411	 0.003662	 -0.017090	 -0.282443	
588943	 27412	 0.002686	 -0.009277	 -0.015267	
588963	 27413	 -0.003418	 -0.012939	 -0.167939	
588983	 27414	 -0.006104	 -0.014893	 0.045802	
589003	 27415	 -0.003418	 -0.010010	 -0.038168	
589023	 27416	 -0.001465	 -0.013428	 -0.076336	
589043	 27417	 -0.004639	 -0.006592	 0.122137	
589063	 27418	 -0.003174	 -0.013916	 0.022901	
589083	 27419	 -0.000732	 -0.013672	 -0.030534	
589103	 27420	 -0.004883	 -0.016357	 -0.076336	
589123	 27421	 -0.004150	 -0.006836	 -0.045802	
589143	 27422	 0.000244	 -0.011719	 -0.053435	
589163	 27423	 -0.004639	 -0.012207	 -0.114504	
589184	 27424	 -0.007324	 -0.010010	 0.007634	
589204	 27425	 -0.003906	 -0.018066	 -0.083969	
589224	 27426	 -0.001465	 -0.008545	 0.076336	
589244	 27427	 -0.001953	 -0.011475	 0.000000	
589264	 27428	 0.002930	 -0.012939	 0.091603	
589284	 27429	 0.002441	 -0.012695	 0.068702	
589304	 27430	 -0.001465	 -0.009033	 -0.053435	
589324	 27431	 -0.000244	 -0.011963	 -0.007634	
589344	 27432	 -0.004883	 -0.012939	 -0.083969	
589364	 27433	 -0.004883	 -0.013672	 -0.030534	
589384	 27434	 -0.006348	 -0.003906	 0.038168	
589404	 27435	 -0.003662	 -0.009033	 -0.007634	
589424	 27436	 1.999939	 1.999939	 116.503815	
589444	 27437	 0.286133	 -0.025635	 188.755722	
589464	 27438	 0.882812	 -0.403564	 205.320618	
589484	 27439	 0.156982	 -0.055908	 195.297714	
589504	 27440	 -0.918457	 -0.265381	 181.870224	
589524	 27441	 -0.118164	 -0.229980	 157.564880	
589544	 27442	 -0.022461	 -0.450439	 122.458015	
589564	 27443	 0.212402	 -1.358398	 79.335876	
589584	 27444	 -0.177979	 -0.108154	 59.305344	
589604	 27445	 -0.246582	 -0.553711	 20.259542	
589624	 27446	 -0.173828	 -0.842529	 -3.442748	
589644	 27447	 0.073486	 0.172607	 -4.740458	
589664	 27448	 0.062744	 0.250732	 7.427481	
589684	 27449	 -0.029297	 -0.083008	 1.267176	
589703	 27450	 0.005859	 -0.107910	 -7.458015	
589723	 27451	 -0.150146	 -0.396484	 5.076336	
589743	 27452	 0.173828	 0.187256	 -1.557252	
589763	 27453	 -0.056152	 -0.067139	 -1.412214	
589783	 27454	 -0.017822	 0.100342	 -1.900763	
589803	 27455	 0.018066	 -0.206787	 0.274809	
589824	 27456	 -0.010986	 0.101562	 0.435115	
589843	 27457	 0.000732	 -0.010742	 0.152672	
589863	 27458	 0.003174	 -0.056152	 -0.679389	
589883	 27459	 -0.000488	 0.004639	 0.465649	
589903	 27460	 -0.010010	 -0.010254	 0.045802	
589923	 27461	 0.003418	 -0.002686	 -0.267176	
589943	 27462	 0.002441	 -0.041992	 0.122137	
589963	 27463	 -0.010986	 -0.003174	 -0.091603	
589983	 27464	 0.003418	 -0.013184	 0.106870	
590003	 27465	 -0.001465	 -0.034912	 -0.152672	
590023	 27466	 -0.001221	 -0.007324	 0.000000	
590043	 27467	 0.000000	 -0.011719	 -0.305344	
590063	 27468	 -0.003662	 -0.014648	 -0.091603	
590083	 27469	 -0.003418	 -0.018555	 0.145038	
590103	 27470	 0.000244	 -0.007080	 -0.122137	
590124	 27471	 -0.006104	 -0.014404	 -0.053435	
590144	 27472	 0.002441	 -0.017334	 -0.022901	
590164	 27473	 0.000244	 -0.010742	 -0.221374	
590184	 27474	 -0.003418	 -0.023682	 -0.114504	
590204	 27475	 0.000244	 -0.009521	 0.152672	
590224	 27476	 -0.001709	 -0.012207	 -0.007634	
590244	 27477	 0.000977	 -0.010742	 -0.129771	
590264	 27478	 -0.001465	 -0.020996	 0.114504	
590284	 27479	 -0.007568	 -0.011963	 -0.213740	
590304	 27480	 -0.005615	 -0.015625	 -0.038168	
590324	 27481	 0.000244	 -0.020752	 -0.007634	
590344	 27482	 -0.006104	 -0.006348	 -0.122137	
590364	 27483	 -0.003418	 -0.017578	 -0.160305	
590384	 27484	 0.004150	 -0.012451	 -0.160305	
590404	 27485	 -0.006836	 -0.014404	 -0.022901	
590424	 27486	 -0.007568	 -0.013428	 -0.206107	
590444	 27487	 -0.003906	 -0.017334	 0.038168	
590465	 27488	 0.005371	 -0.017334	 0.137405	
590485	 27489	 -0.004150	 -0.015869	 -0.045802	
590505	 27490	 -0.004395	 -0.012695	 -0.045802	
590525	 27491	 0.004395	 -0.018311	 -0.106870	
590545	 27492	 -0.001953	 -0.012939	 -0.083969	
590565	 27493	 -0.005371	 -0.012695	 0.038168	
590585	 27494	 -0.003174	 -0.015625	 -0.091603	
590605	 27495	 -0.000244	 -0.018555	 -0.022901	
590625	 27496	 -0.002441	 -0.022217	 -0.061069	
590645	 27497	 -0.004639	 -0.010986	 -0.007634	
590665	 27498	 0.001953	 -0.017334	 -0.213740	
590685	 27499	 -0.001465	 -0.013916	 -0.099237	
590705	 27500	 -0.004150	 -0.013916	 -0.068702	
590725	 27501	 -0.004395	 -0.018066	 -0.038168	
590745	 27502	 0.000488	 -0.013184	 0.000000	
590765	 27503	 -0.001953	 -0.015625	 -0.053435	
590785	 27504	 -0.001953	 -0.014160	 -0.122137	
590806	 27505	 -0.004150	 -0.016602	 -0.114504	
590826	 27506	 0.000244	 -0.008789	 0.015267	
590846	 27507	 -0.001953	 -0.013916	 -0.122137	
590866	 27508	 -0.001221	 -0.017334	 0.045802	
590886	 27509	 -0.004150	 -0.017090	 -0.083969	
590906	 27510	 -0.002930	 -0.011230	 -0.129771	
590926	 27511	 -0.001465	 -0.017334	 -0.213740	
590946	 27512	 -0.002197	 -0.012695	 -0.091603	
590966	 27513	 -0.002686	 -0.014404	 -0.152672	
590986	 27514	 0.000977	 -0.015625	 0.030534	
591006	 27515	 -0.009521	 -0.015869	 -0.068702	
591026	 27516	 -0.002930	 -0.016113	 -0.038168	
591046	 27517	 -0.001709	 -0.017090	 0.160305	
591066	 27518	 -0.004150	 -0.011719	 0.137405	
591086	 27519	 -0.002197	 -0.018555	 -0.106870	
591106	 27520	 -0.001953	 -0.014648	 0.061069	
591126	 27521	 -0.002686	 -0.013184	 0.076336	
591147	 27522	 -0.001465	 -0.017578	 0.083969	
591167	 27523	 -0.002197	 -0.018311	 -0.160305	
591187	 27524	 -0.001953	 -0.010254	 -0.038168	
591207	 27525	 -0.003662	 -0.012695	 -0.190840	
591227	 27526	 -0.002197	 -0.010498	 -0.015267	
591247	 27527	 -0.008057	 -0.012207	 0.022901	
591267	 27528	 -0.002441	 -0.017578	 -0.099237	
591287	 27529	 -0.002197	 -0.015869	 0.045802	
591307	 27530	 -0.003662	 -0.015137	 -0.274809	
591327	 27531	 -0.000977	 -0.016357	 -0.236641	
591347	 27532	 -0.000244	 -0.010742	 -0.122137	
591367	 27533	 -0.008057	 -0.010986	 -0.122137	
591387	 27534	 -0.002197	 -0.024414	 0.061069	
591407	 27535	 -0.004395	 -0.007812	 -0.175573	
591427	 27536	 -0.001465	 -0.008789	 0.007634	
591447	 27537	 -0.008545	 -0.015869	 -0.061069	
591467	 27538	 -0.005127	 -0.014404	 -0.091603	
591488	 27539	 -0.004395	 -0.015625	 -0.213740	
591508	 27540	 -0.005127	 -0.016357	 0.030534	
591528	 27541	 -0.005371	 -0.016113	 -0.022901	
591548	 27542	 0.001953	 -0.018311	 -0.007634	
591568	 27543	 -0.005127	 -0.019043	 -0.129771	
591588	 27544	 -0.010742	 -0.016846	 -0.083969	
591608	 27545	 -0.002197	 -0.017822	 0.000000	
591628	 27546	 -0.002686	 -0.017578	 -0.145038	
591648	 27547	 -0.006104	 -0.007812	 -0.061069	
591668	 27548	 -0.006348	 -0.010986	 0.091603	
591688	 27549	 -0.002441	 -0.007324	 -0.068702	
591708	 27550	 -0.002686	 -0.015137	 -0.083969	
591728	 27551	 0.000000	 -0.016113	 -0.030534	
591748	 27552	 -0.000977	 -0.011230	 0.061069	
591768	 27553	 -0.002197	 -0.011230	 0.068702	
591788	 27554	 -0.006836	 -0.017090	 -0.114504	
591808	 27555	 -0.001221	 -0.012695	 0.213740	
591828	 27556	 -0.006836	 -0.012207	 -0.114504	
591848	 27557	 -0.007080	 -0.020508	 0.061069	
591868	 27558	 -0.007324	 -0.013428	 -0.137405	
591888	 27559	 -0.003418	 -0.016846	 -0.068702	
591908	 27560	 -0.000732	 -0.011230	 0.030534	
591928	 27561	 -0.001465	 -0.011719	 0.030534	
591948	 27562	 -0.002441	 -0.018066	 -0.114504	
591968	 27563	 -0.001221	 -0.018555	 -0.045802	
591988	 27564	 -0.000732	 -0.011230	 -0.022901	
592008	 27565	 -0.005371	 -0.015869	 -0.099237	
592028	 27566	 -0.004639	 -0.013672	 -0.251908	
592048	 27567	 -0.000732	 -0.010986	 0.167939	
592068	 27568	 -0.005859	 -0.016113	 -0.190840	
592088	 27569	 -0.003174	 -0.012451	 -0.091603	
592108	 27570	 1.999939	 1.999939	 222.717560	
592129	 27571	 0.560791	 1.414062	 250.129776	
592149	 27572	 0.707764	 -0.402100	 250.129776	
592169	 27573	 -0.478027	 -0.028320	 250.129776	
592189	 27574	 -0.541992	 -0.946533	 212.885498	
592209	 27575	 -0.399170	 -0.869141	 184.328247	
592229	 27576	 -0.258057	 -0.248779	 154.687027	
592249	 27577	 -0.334229	 -1.338867	 119.755722	
592269	 27578	 -1.845703	 -1.295898	 84.969467	
592289	 27579	 -0.392822	 0.080322	 62.946564	
592309	 27580	 -0.754883	 -1.178955	 19.412214	
592329	 27581	 -0.351807	 -0.347412	 0.946565	
592349	 27582	 -0.113525	 0.006836	 -5.282443	
592369	 27583	 -0.000244	 0.132324	 2.503817	
592389	 27584	 0.024414	 0.267090	 1.824427	
592409	 27585	 0.010498	 -0.283691	 -2.740458	
592429	 27586	 0.080566	 0.067627	 -1.129771	
592449	 27587	 0.023438	 0.010742	 1.091603	
592470	 27588	 -0.039307	 -0.114746	 3.137405	
592490	 27589	 -0.004395	 0.195312	 -1.160305	
592510	 27590	 0.007080	 -0.225830	 0.435115	
592530	 27591	 -0.018311	 0.065186	 -1.595420	
592550	 27592	 -0.010254	 0.016113	 1.427481	
592570	 27593	 -0.026367	 -0.038086	 -1.015267	
592590	 27594	 0.004639	 -0.006348	 0.465649	
592610	 27595	 -0.011963	 -0.033691	 -0.450382	
592630	 27596	 -0.001953	 0.014893	 0.221374	
592650	 27597	 -0.011963	 -0.014404	 0.221374	
592670	 27598	 -0.004150	 -0.024414	 -0.106870	
592690	 27599	 0.002686	 0.005127	 0.129771	
592710	 27600	 -0.016602	 -0.035645	 -0.061069	
592730	 27601	 -0.000732	 0.001953	 -0.145038	
592750	 27602	 -0.000732	 -0.026855	 0.061069	
592770	 27603	 -0.007324	 -0.011475	 -0.152672	
592790	 27604	 -0.001953	 -0.018555	 0.061069	
592811	 27605	 0.001709	 -0.015869	 0.114504	
592831	 27606	 -0.005127	 -0.010986	 -0.015267	
592851	 27607	 -0.005127	 -0.022461	 -0.305344	
592871	 27608	 -0.010010	 -0.006836	 0.244275	
592891	 27609	 -0.005127	 -0.022217	 -0.267176	
592911	 27610	 -0.011963	 -0.010498	 -0.129771	
592931	 27611	 -0.007080	 -0.013916	 -0.068702	
592951	 27612	 -0.004639	 -0.016602	 0.091603	
592971	 27613	 -0.010254	 -0.018799	 0.015267	
592991	 27614	 -0.008301	 -0.015625	 0.061069	
593011	 27615	 -0.001953	 -0.010254	 -0.076336	
593031	 27616	 -0.009521	 -0.020996	 0.000000	
593051	 27617	 -0.004883	 -0.017334	 -0.114504	
593071	 27618	 -0.007080	 -0.017822	 0.091603	
593091	 27619	 -0.009521	 -0.009766	 -0.038168	
593111	 27620	 0.000244	 -0.020264	 -0.106870	
593131	 27621	 -0.001709	 -0.015869	 0.000000	
593152	 27622	 0.000488	 -0.011963	 -0.160305	
593172	 27623	 -0.002197	 -0.014893	 -0.106870	
593192	 27624	 -0.002197	 -0.013184	 -0.068702	
593212	 27625	 -0.007324	 -0.014160	 -0.015267	
593232	 27626	 -0.004150	 -0.009033	 0.030534	
593252	 27627	 -0.006836	 -0.019531	 0.007634	
593272	 27628	 -0.000244	 -0.013672	 -0.061069	
593292	 27629	 -0.005127	 -0.019043	 0.129771	
593312	 27630	 -0.006836	 -0.018311	 -0.015267	
593332	 27631	 -0.011719	 -0.016113	 -0.106870	
593352	 27632	 -0.011963	 -0.015625	 -0.007634	
593372	 27633	 -0.002441	 -0.014893	 0.083969	
593392	 27634	 0.002197	 -0.023682	 0.160305	
593412	 27635	 -0.008789	 0.001465	 -0.137405	
593432	 27636	 -0.001221	 -0.020752	 0.152672	
593452	 27637	 -0.008301	 -0.019531	 -0.274809	
593472	 27638	 -0.011475	 -0.002441	 0.061069	
593492	 27639	 -0.011230	 -0.021240	 -0.137405	
593512	 27640	 -0.006836	 -0.011230	 -0.015267	
593532	 27641	 -0.005127	 -0.015625	 0.152672	
593552	 27642	 0.000977	 -0.008789	 0.099237	
593572	 27643	 -0.008057	 -0.024170	 -0.091603	
593592	 27644	 -0.007080	 -0.009521	 -0.038168	
593612	 27645	 -0.001953	 -0.013184	 -0.167939	
593632	 27646	 -0.009766	 -0.020264	 0.038168	
593652	 27647	 -0.005615	 -0.013672	 -0.129771	
593672	 27648	 -0.010010	 -0.016602	 -0.053435	
593692	 27649	 -0.004883	 -0.011963	 0.000000	
593712	 27650	 -0.011475	 -0.024414	 -0.030534	
593732	 27651	 -0.006348	 -0.016357	 0.045802	
593752	 27652	 -0.006592	 -0.020508	 0.129771	
593772	 27653	 -0.006104	 -0.014893	 -0.183206	
593793	 27654	 -0.004150	 -0.018066	 -0.099237	
593813	 27655	 -0.007324	 -0.016357	 0.038168	
593833	 27656	 -0.004639	 -0.014893	 0.045802	
593853	 27657	 -0.008301	 -0.014648	 -0.061069	
593873	 27658	 -0.003174	 -0.015869	 0.053435	
593893	 27659	 -0.002686	 -0.008057	 -0.083969	
593913	 27660	 -0.008545	 -0.020020	 0.000000	
593933	 27661	 -0.001709	 -0.013672	 -0.061069	
593953	 27662	 -0.009277	 -0.010986	 -0.022901	
593973	 27663	 -0.009277	 -0.021973	 0.053435	
593993	 27664	 -0.002197	 -0.016846	 0.015267	
594013	 27665	 -0.005859	 -0.010742	 0.045802	
594033	 27666	 -0.009033	 -0.019043	 0.129771	
594053	 27667	 -0.006104	 -0.010742	 -0.099237	
594073	 27668	 -0.009766	 -0.017822	 0.053435	
594093	 27669	 -0.011963	 -0.013428	 0.007634	
594113	 27670	 -0.004883	 -0.011230	 0.145038	
594134	 27671	 -0.008057	 -0.015625	 0.000000	
594154	 27672	 -0.008789	 -0.015869	 0.022901	
594174	 27673	 -0.003418	 -0.016357	 -0.038168	
594194	 27674	 -0.006348	 -0.018311	 0.099237	
594214	 27675	 -0.006104	 -0.014160	 0.114504	
594234	 27676	 -0.003662	 -0.020752	 -0.274809	
594254	 27677	 -0.010986	 -0.015869	 -0.007634	
594274	 27678	 -0.002197	 -0.010742	 -0.106870	
594294	 27679	 -0.005127	 -0.014893	 -0.045802	
594314	 27680	 -0.004883	 -0.021484	 -0.083969	
594334	 27681	 -0.006592	 -0.015381	 0.007634	
594354	 27682	 -0.010254	 -0.018799	 0.083969	
594374	 27683	 -0.010742	 -0.011230	 -0.312977	
594394	 27684	 -0.004639	 -0.016846	 -0.083969	
594414	 27685	 -0.006836	 -0.016357	 0.145038	
594434	 27686	 0.000732	 -0.010010	 0.068702	
594454	 27687	 -0.005371	 -0.016602	 -0.122137	
594475	 27688	 -0.010498	 -0.014160	 -0.091603	
594495	 27689	 -0.007812	 -0.010986	 -0.152672	
594515	 27690	 -0.012451	 -0.017578	 -0.106870	
594535	 27691	 -0.004150	 -0.014893	 -0.053435	
594555	 27692	 0.000488	 -0.017578	 -0.137405	
594575	 27693	 -0.004639	 -0.018311	 0.129771	
594595	 27694	 -0.011475	 -0.019043	 -0.106870	
594615	 27695	 -0.012939	 -0.015625	 0.053435	
594635	 27696	 -0.009277	 -0.019287	 -0.068702	
594655	 27697	 -0.005615	 -0.015625	 -0.114504	
594675	 27698	 -0.012207	 -0.017578	 0.091603	
594695	 27699	 -0.000488	 -0.018799	 -0.114504	
594715	 27700	 -0.009766	 -0.019531	 0.007634	
594735	 27701	 -0.003906	 -0.014893	 0.038168	
594755	 27702	 -0.010742	 -0.017578	 0.099237	
594775	 27703	 -0.004150	 -0.014404	 -0.236641	
594795	 27704	 -0.005127	 -0.016602	 -0.076336	
594816	 27705	 -0.001709	 -0.018555	 -0.061069	
594836	 27706	 -0.011230	 -0.015137	 -0.091603	
594856	 27707	 -0.006104	 -0.016113	 0.053435	
594876	 27708	 -0.011475	 -0.019287	 0.007634	
594896	 27709	 -0.005859	 -0.021484	 0.099237	
594916	 27710	 -0.009277	 -0.014893	 -0.015267	
594936	 27711	 -0.005859	 -0.018066	 0.030534	
594956	 27712	 -0.004639	 -0.017090	 -0.122137	
594976	 27713	 -0.006836	 -0.016602	 -0.099237	
594996	 27714	 -0.009033	 -0.011475	 -0.068702	
595016	 27715	 -0.001465	 -0.016846	 -0.053435	
595036	 27716	 -0.005127	 -0.020020	 0.030534	
595056	 27717	 -0.003418	 -0.015381	 -0.183206	
595076	 27718	 -0.010010	 -0.015625	 -0.198473	
595096	 27719	 -0.010010	 -0.019287	 0.000000	
595116	 27720	 -0.002686	 -0.020996	 -0.076336	
595136	 27721	 -0.004395	 -0.012207	 -0.030534	
595156	 27722	 -0.004150	 -0.012939	 0.236641	
595176	 27723	 -0.006348	 -0.014160	 0.129771	
595196	 27724	 -0.004150	 -0.011963	 -0.091603	
595216	 27725	 -0.004639	 -0.015381	 0.145038	
595236	 27726	 -0.002441	 -0.019287	 -0.137405	
595256	 27727	 -0.008057	 -0.016113	 -0.282443	
595276	 27728	 -0.000977	 -0.015137	 0.022901	
595296	 27729	 -0.004150	 -0.014404	 -0.045802	
595316	 27730	 -0.007324	 -0.021240	 -0.099237	
595336	 27731	 -0.006104	 -0.018066	 0.152672	
595356	 27732	 -0.001465	 -0.021973	 -0.030534	
595376	 27733	 -0.003906	 -0.012695	 0.160305	
595396	 27734	 -0.006104	 -0.011719	 -0.122137	
595416	 27735	 -0.003418	 -0.013428	 -0.091603	
595436	 27736	 -0.004395	 -0.013428	 -0.015267	
595456	 27737	 -0.000244	 -0.014160	 -0.038168	
595476	 27738	 -0.005127	 -0.021240	 -0.122137	
595496	 27739	 -0.005127	 -0.016357	 0.015267	
595516	 27740	 -0.010742	 -0.014648	 -0.152672	
595536	 27741	 -0.010742	 -0.017578	 0.007634	
595556	 27742	 -0.005371	 -0.012695	 0.183206	
595576	 27743	 -0.003174	 -0.018311	 -0.015267	
595596	 27744	 -0.006836	 -0.011719	 -0.045802	
595616	 27745	 -0.012207	 -0.015137	 0.038168	
595636	 27746	 -0.005127	 -0.006836	 0.022901	
595656	 27747	 -0.006104	 -0.020996	 -0.122137	
595676	 27748	 0.001709	 -0.014160	 -0.175573	
595696	 27749	 -0.008057	 -0.011963	 0.045802	
595716	 27750	 -0.001465	 -0.014404	 -0.106870	
595736	 27751	 -0.005615	 -0.017578	 -0.015267	
595756	 27752	 -0.007080	 -0.014404	 0.152672	
595775	 27753	 -0.007080	 -0.018066	 0.015267	
595795	 27754	 -0.010498	 -0.016113	 -0.038168	
595815	 27755	 -0.003174	 -0.014648	 -0.068702	
595835	 27756	 1.999939	 1.999939	 133.015274	
595855	 27757	 -0.942871	 1.999939	 248.183212	
595875	 27758	 -2.000000	 -2.000000	 198.038162	
595895	 27759	 -0.245850	 -0.016113	 144.618317	
595915	 27760	 -0.107910	 0.136230	 157.824432	
595935	 27761	 -0.091309	 -1.424805	 155.618317	
595955	 27762	 -0.514404	 0.506348	 125.977097	
595975	 27763	 -0.033203	 -0.718018	 84.068703	
595995	 27764	 -0.590576	 -0.776855	 37.900764	
596015	 27765	 0.053711	 -1.926025	 10.061069	
596035	 27766	 -0.245117	 -0.152100	 -1.175573	
596055	 27767	 -0.039551	 -0.169678	 -0.175573	
596075	 27768	 0.068604	 0.355957	 3.358779	
596096	 27769	 -0.058838	 -0.198730	 0.389313	
596116	 27770	 0.013184	 -0.049561	 -3.389313	
596136	 27771	 0.017578	 0.052979	 1.862595	
596156	 27772	 0.234863	 0.291748	 -1.465649	
596176	 27773	 -0.102295	 -0.140381	 -3.694656	
596196	 27774	 0.071533	 0.062988	 -0.274809	
596216	 27775	 0.009277	 -0.128418	 0.175573	
596236	 27776	 -0.017090	 0.028320	 -0.335878	
596256	 27777	 -0.004639	 -0.028076	 0.832061	
596276	 27778	 -0.009277	 -0.022217	 -0.954198	
596296	 27779	 -0.009766	 -0.030273	 0.389313	
596316	 27780	 -0.015381	 -0.031494	 -0.213740	
596336	 27781	 -0.000977	 0.001709	 0.099237	
596356	 27782	 -0.008545	 -0.048340	 0.045802	
596376	 27783	 -0.009766	 -0.001221	 -0.083969	
596396	 27784	 -0.010254	 -0.019043	 0.007634	
596416	 27785	 -0.004395	 -0.020996	 -0.114504	
596436	 27786	 -0.012451	 -0.020996	 0.038168	
596456	 27787	 -0.003906	 -0.007812	 -0.061069	
596476	 27788	 -0.007080	 -0.025635	 -0.053435	
596496	 27789	 -0.010254	 -0.015869	 0.106870	
596516	 27790	 0.001221	 -0.013916	 0.015267	
596536	 27791	 -0.005371	 -0.024170	 -0.015267	
596556	 27792	 -0.002686	 -0.014160	 0.015267	
596576	 27793	 -0.002930	 -0.009033	 -0.083969	
596596	 27794	 -0.006104	 -0.017822	 -0.038168	
596616	 27795	 -0.006836	 -0.016357	 0.083969	
596636	 27796	 -0.011230	 -0.013428	 -0.114504	
596656	 27797	 -0.014404	 -0.013672	 -0.122137	
596676	 27798	 -0.010742	 -0.020508	 0.053435	
596696	 27799	 0.000244	 -0.016602	 0.000000	
596716	 27800	 -0.006836	 -0.018311	 -0.045802	
596736	 27801	 -0.008789	 -0.017578	 -0.152672	
596756	 27802	 -0.013184	 -0.015625	 0.152672	
596776	 27803	 -0.005615	 -0.015381	 0.022901	
596796	 27804	 -0.006104	 -0.016357	 -0.030534	
596816	 27805	 -0.009521	 -0.015137	 -0.030534	
596836	 27806	 -0.004395	 -0.024170	 0.053435	
596856	 27807	 -0.008301	 -0.016602	 0.038168	
596876	 27808	 -0.010498	 -0.017578	 -0.137405	
596896	 27809	 -0.011963	 -0.013672	 -0.038168	
596916	 27810	 -0.007812	 -0.015381	 -0.045802	
596936	 27811	 -0.008057	 -0.017334	 0.099237	
596956	 27812	 -0.002441	 -0.022461	 -0.129771	
596976	 27813	 -0.008057	 -0.015625	 0.114504	
596996	 27814	 -0.009277	 -0.015381	 0.022901	
597016	 27815	 -0.008789	 -0.016357	 -0.068702	
597036	 27816	 -0.009521	 -0.018555	 -0.030534	
597056	 27817	 -0.006836	 -0.016113	 0.076336	
597076	 27818	 -0.008545	 -0.017578	 0.114504	
597096	 27819	 -0.010254	 -0.010742	 -0.015267	
597116	 27820	 -0.006592	 -0.014893	 -0.267176	
597136	 27821	 -0.005859	 -0.018311	 0.091603	
597156	 27822	 -0.008545	 -0.030273	 0.000000	
597176	 27823	 -0.008057	 0.012207	 -0.381679	
597196	 27824	 -0.010742	 -0.037354	 0.122137	
597216	 27825	 -0.002441	 -0.019775	 -0.274809	
597236	 27826	 -0.006104	 0.008057	 0.106870	
597256	 27827	 -0.010742	 -0.039062	 0.045802	
597276	 27828	 -0.006592	 -0.004150	 0.061069	
597296	 27829	 -0.003906	 -0.018066	 0.068702	
597316	 27830	 -0.010498	 -0.018799	 -0.137405	
597336	 27831	 -0.012939	 -0.009521	 -0.061069	
597356	 27832	 -0.001953	 -0.014893	 0.007634	
597377	 27833	 -0.003418	 -0.022949	 -0.099237	
597397	 27834	 -0.005127	 -0.014648	 -0.167939	
597417	 27835	 -0.007568	 -0.019287	 -0.007634	
597436	 27836	 -0.005371	 -0.025391	 0.038168	
597456	 27837	 -0.008057	 -0.015625	 0.236641	
597476	 27838	 -0.003662	 -0.012207	 -0.045802	
597496	 27839	 -0.005371	 -0.022949	 -0.022901	
597516	 27840	 -0.012451	 -0.018555	 -0.007634	
597536	 27841	 -0.005859	 -0.019043	 -0.083969	
597556	 27842	 -0.005371	 -0.013184	 0.129771	
597576	 27843	 -0.005859	 -0.016113	 -0.053435	
597596	 27844	 -0.004883	 -0.015625	 -0.007634	
597616	 27845	 -0.010498	 -0.019775	 -0.038168	
597636	 27846	 -0.003662	 -0.015625	 0.038168	
597656	 27847	 -0.009033	 -0.017578	 0.053435	
597676	 27848	 -0.007568	 -0.014404	 -0.076336	
597696	 27849	 -0.007812	 -0.016357	 0.175573	
597716	 27850	 -0.012207	 -0.014404	 -0.022901	
597736	 27851	 -0.007812	 -0.018555	 0.007634	
597756	 27852	 -0.004395	 -0.018066	 -0.145038	
597776	 27853	 -0.010986	 -0.019531	 -0.091603	
597796	 27854	 -0.009521	 -0.020996	 0.015267	
597816	 27855	 -0.008789	 -0.017334	 -0.030534	
597836	 27856	 -0.010986	 -0.013916	 -0.099237	
597856	 27857	 -0.008789	 -0.021729	 -0.068702	
597876	 27858	 -0.005371	 -0.018555	 0.091603	
597896	 27859	 -0.002686	 -0.021240	 -0.015267	
597916	 27860	 -0.004150	 -0.015137	 -0.068702	
597936	 27861	 -0.009277	 -0.014160	 -0.045802	
597956	 27862	 -0.018799	 -0.014160	 -0.015267	
597976	 27863	 -0.003906	 -0.025879	 0.053435	
597996	 27864	 -0.011230	 -0.011963	 -0.160305	
598017	 27865	 -0.007812	 -0.014160	 0.038168	
598037	 27866	 -0.010986	 -0.017578	 0.061069	
598057	 27867	 -0.009277	 -0.016846	 -0.061069	
598077	 27868	 -0.004883	 -0.019043	 0.068702	
598097	 27869	 -0.002686	 -0.018311	 0.000000	
598117	 27870	 -0.010254	 -0.014893	 -0.068702	
598137	 27871	 -0.005371	 -0.024658	 -0.030534	
598157	 27872	 -0.006104	 -0.011963	 0.167939	
598177	 27873	 -0.012207	 -0.020020	 -0.083969	
598197	 27874	 -0.007568	 -0.019531	 -0.053435	
598217	 27875	 -0.014648	 -0.011719	 -0.007634	
598237	 27876	 -0.008789	 -0.015137	 -0.099237	
598257	 27877	 -0.005615	 -0.018066	 -0.083969	
598277	 27878	 -0.007568	 -0.014893	 -0.106870	
598297	 27879	 -0.005371	 -0.017090	 -0.045802	
598317	 27880	 -0.006348	 -0.019775	 0.129771	
598337	 27881	 -0.008057	 -0.019775	 -0.068702	
598358	 27882	 -0.007324	 -0.018066	 -0.045802	
598378	 27883	 -0.008545	 -0.018311	 -0.114504	
598398	 27884	 -0.004639	 -0.010010	 0.000000	
598418	 27885	 -0.005127	 -0.024414	 -0.351145	
598438	 27886	 -0.002686	 -0.016357	 0.183206	
598458	 27887	 -0.004150	 -0.018799	 -0.106870	
598478	 27888	 0.000488	 -0.017334	 -0.114504	
598498	 27889	 -0.012939	 -0.009521	 -0.015267	
598518	 27890	 -0.003418	 -0.017334	 -0.152672	
598538	 27891	 -0.013672	 -0.018066	 -0.030534	
598558	 27892	 -0.016357	 -0.014893	 -0.091603	
598578	 27893	 -0.000488	 -0.023926	 0.129771	
598598	 27894	 -0.006104	 -0.015625	 -0.038168	
598618	 27895	 -0.006836	 -0.015137	 -0.068702	
598638	 27896	 -0.007080	 -0.021729	 -0.045802	
598658	 27897	 -0.006592	 -0.021973	 -0.206107	
598678	 27898	 -0.009277	 -0.010986	 -0.236641	
598699	 27899	 -0.008057	 -0.018066	 -0.015267	
598719	 27900	 -0.002930	 -0.014160	 -0.022901	
598739	 27901	 -0.007080	 -0.014648	 0.030534	
598759	 27902	 -0.008545	 -0.017090	 0.015267	
598779	 27903	 -0.004150	 -0.016846	 0.091603	
598799	 27904	 -0.009277	 -0.019287	 -0.038168	
598819	 27905	 -0.014648	 -0.017090	 -0.022901	
598839	 27906	 -0.008057	 -0.017578	 -0.045802	
598859	 27907	 -0.004395	 -0.018066	 0.038168	
598879	 27908	 -0.009521	 -0.016846	 -0.091603	
598899	 27909	 -0.008789	 -0.020264	 0.000000	
598919	 27910	 -0.008057	 -0.019775	 -0.160305	
598939	 27911	 -0.006592	 -0.019775	 0.068702	
598959	 27912	 -0.007812	 -0.012451	 -0.030534	
598979	 27913	 -0.002930	 -0.015625	 0.129771	
598999	 27914	 -0.007080	 -0.018555	 -0.229008	
599019	 27915	 -0.001465	 -0.018066	 0.000000	
599040	 27916	 -0.014893	 -0.011719	 -0.030534	
599060	 27917	 -0.011719	 -0.012207	 -0.099237	
599080	 27918	 -0.007812	 -0.023193	 0.038168	
599100	 27919	 -0.009766	 -0.012939	 -0.068702	
599120	 27920	 -0.013672	 -0.016357	 0.030534	
599140	 27921	 -0.001953	 -0.018066	 -0.160305	
599160	 27922	 -0.007812	 -0.019043	 -0.091603	
599180	 27923	 -0.013672	 -0.014404	 0.091603	
599200	 27924	 0.000488	 -0.020752	 -0.053435	
599220	 27925	 -0.008545	 -0.013428	 -0.022901	
599240	 27926	 -0.010498	 -0.013428	 0.068702	
599260	 27927	 -0.003662	 -0.016846	 0.030534	
599280	 27928	 -0.007080	 -0.017822	 0.114504	
599300	 27929	 -0.008545	 -0.015381	 0.152672	
599320	 27930	 -0.008301	 -0.020020	 0.053435	
599340	 27931	 -0.001953	 -0.019287	 -0.221374	
599360	 27932	 -0.007568	 -0.016113	 -0.061069	
599380	 27933	 -0.006592	 -0.019531	 -0.175573	
599400	 27934	 -0.002686	 -0.016846	 -0.083969	
599420	 27935	 -0.009277	 -0.013184	 -0.129771	
599440	 27936	 -0.005859	 -0.016602	 -0.068702	
599460	 27937	 -0.001953	 -0.020020	 0.015267	
599480	 27938	 -0.007080	 -0.016357	 -0.045802	
599500	 27939	 -0.007080	 -0.013428	 0.007634	
599520	 27940	 -0.008545	 -0.018066	 -0.015267	
599540	 27941	 -0.009277	 -0.018066	 0.099237	
