502326	 23570	 0.038818	 -0.125732	 -23.259542	
502344	 23571	 0.233887	 0.054443	 -23.923664	
502363	 23572	 0.630127	 0.110596	 -21.656488	
502381	 23573	 1.573730	 -0.591309	 -32.793892	
502401	 23574	 1.044678	 0.009033	 -28.038168	
502419	 23575	 0.827881	 0.905029	 -25.748091	
503543	 23635	 -0.326660	 0.055176	 -44.946564	
503562	 23636	 0.217773	 0.084229	 -44.152672	
503580	 23637	 -0.070068	 -0.040771	 -37.541985	
503599	 23638	 0.149902	 0.069092	 -29.083969	
503618	 23639	 -0.250977	 0.193848	 -16.854961	
503636	 23640	 -0.080078	 -0.037842	 -12.450381	
503655	 23641	 -0.265381	 0.461182	 -4.167939	
503674	 23642	 -0.422119	 -0.149658	 -4.916030	
503693	 23643	 0.023438	 0.047607	 0.412214	
503711	 23644	 -0.292969	 -0.240723	 -3.916031	
503731	 23645	 -0.135010	 0.075684	 -7.519084	
503749	 23646	 -0.127441	 0.265381	 -6.152672	
503768	 23647	 -0.479004	 -0.213379	 -3.129771	
503786	 23648	 -0.027344	 0.057861	 -1.725191	
503805	 23649	 -0.314209	 0.046387	 -1.549618	
503824	 23650	 -0.034668	 -0.010010	 1.625954	
503842	 23651	 -0.138672	 0.014648	 -1.358779	
503862	 23652	 0.021729	 -0.046875	 0.511450	
503880	 23653	 -0.093262	 -0.005371	 0.740458	
503899	 23654	 -0.279785	 0.138672	 -0.038168	
503918	 23655	 -0.103027	 0.157227	 -1.541985	
503937	 23656	 -0.354004	 -0.181396	 -3.641221	
503955	 23657	 -0.198975	 0.193848	 5.488550	
503973	 23658	 -0.291504	 -0.054199	 -2.435115	
503993	 23659	 -0.189941	 0.041016	 -0.229008	
504011	 23660	 -0.089111	 -0.064697	 0.419847	
504030	 23661	 -0.235840	 0.177490	 -3.297710	
504049	 23662	 -0.138672	 -0.063477	 3.015267	
504068	 23663	 -0.110596	 -0.250244	 -0.473282	
504086	 23664	 -0.199951	 0.266602	 -1.274809	
504105	 23665	 -0.286377	 0.076904	 -2.061069	
504124	 23666	 -0.117920	 -0.134033	 -1.099237	
504142	 23667	 -0.043701	 0.027344	 -0.839695	
504161	 23668	 -0.231445	 0.018555	 -0.305344	
504180	 23669	 -0.183350	 0.026123	 -1.648855	
504199	 23670	 -0.203857	 0.014648	 0.519084	
504217	 23671	 -0.183838	 0.018311	 -0.015267	
504237	 23672	 -0.130127	 -0.027588	 -0.793893	
504255	 23673	 -0.265137	 0.125732	 0.343511	
504273	 23674	 -0.142578	 0.036133	 -1.213740	
504292	 23675	 -0.083008	 0.001953	 0.320611	
504311	 23676	 0.020996	 0.044922	 -0.053435	
504330	 23677	 0.021240	 -0.029297	 -0.099237	
504348	 23678	 0.004639	 0.007812	 -0.175573	
504368	 23679	 -0.041748	 -0.017090	 -0.068702	
504386	 23680	 0.002686	 0.032959	 0.183206	
504404	 23681	 0.008301	 -0.009521	 -0.083969	
504424	 23682	 0.005859	 -0.003906	 0.015267	
504442	 23683	 -0.000732	 -0.028564	 -0.045802	
504461	 23684	 -0.049072	 -0.018799	 -0.068702	
504479	 23685	 -0.034180	 -0.011230	 0.114504	
504499	 23686	 -0.031250	 0.004150	 -0.328244	
504517	 23687	 -0.028809	 -0.021240	 -0.099237	
504536	 23688	 -0.010986	 -0.000488	 0.190840	
504555	 23689	 0.001709	 0.003418	 -0.129771	
504573	 23690	 0.003174	 0.015137	 0.083969	
504592	 23691	 -0.011230	 0.001465	 -0.007634	
504611	 23692	 -0.006104	 -0.001953	 -0.167939	
504630	 23693	 0.001709	 0.000732	 -0.282443	
504648	 23694	 0.011963	 0.010742	 -0.671756	
504667	 23695	 0.001953	 -0.003174	 -0.496183	
504686	 23696	 -0.091309	 0.039062	 -0.419847	
504705	 23697	 0.218994	 -0.113281	 -0.931298	
504723	 23698	 0.666992	 -0.132812	 -3.763359	
504742	 23699	 0.254883	 -0.123779	 -1.717557	
504761	 23700	 0.138428	 -0.086182	 -3.229008	
504779	 23701	 0.167969	 0.117188	 -4.816794	
504798	 23702	 0.114990	 -0.137207	 -4.793893	
504817	 23703	 0.039307	 0.016846	 -7.702290	
504836	 23704	 -0.145996	 -0.018311	 -9.335877	
504854	 23705	 -0.126953	 0.052490	 -4.900764	
504873	 23706	 -0.350586	 0.087891	 -5.755725	
504892	 23707	 -0.313232	 -0.006348	 -5.145038	
504910	 23708	 -0.047607	 0.123291	 -4.435114	
504930	 23709	 0.472168	 -0.282715	 -1.297710	
504948	 23710	 0.515381	 -0.222168	 -13.366412	
504967	 23711	 0.833740	 -0.302734	 -12.221375	
504985	 23712	 0.171631	 -0.143799	 -12.557252	
505005	 23713	 -0.013428	 -0.068604	 -11.328244	
505023	 23714	 -0.243164	 -0.018066	 -9.824428	
505041	 23715	 -0.275879	 0.160889	 -6.335878	
505061	 23716	 0.015625	 0.061035	 -5.007634	
505079	 23717	 -0.071045	 -0.037354	 -5.160306	
505098	 23718	 -0.133545	 -0.066650	 -4.091603	
505117	 23719	 -0.117920	 0.041260	 -2.862595	
505136	 23720	 0.333740	 0.111572	 0.740458	
505154	 23721	 1.999939	 -0.738281	 -8.358779	
505172	 23722	 1.999939	 -0.381104	 -2.213740	
505192	 23723	 0.967773	 0.081543	 1.503817	
505210	 23724	 0.946777	 -0.616699	 -15.793893	
505229	 23725	 0.495117	 0.582520	 -10.709924	
505247	 23726	 -0.746826	 -0.962158	 -10.045801	
505267	 23727	 0.028076	 0.132812	 -5.160306	
505285	 23728	 0.194824	 0.281494	 -5.083970	
505304	 23729	 0.047119	 -0.201172	 -4.167939	
505323	 23730	 0.077393	 0.047363	 -5.580153	
505341	 23731	 -0.224365	 -0.227051	 -9.427481	
505360	 23732	 -0.368652	 0.374756	 5.106870	
505379	 23733	 -0.753906	 0.321289	 -12.465649	
505398	 23734	 -2.000000	 0.659180	 -16.870230	
505416	 23735	 0.857422	 -0.115723	 -19.580153	
505435	 23736	 0.049316	 -0.307861	 -16.038168	
505454	 23737	 -0.905518	 0.078125	 -5.549618	
505473	 23738	 -0.055664	 0.627441	 -9.389313	
505491	 23739	 -0.198242	 -0.058105	 -10.458015	
505510	 23740	 -0.222656	 -0.085693	 -11.931297	
505529	 23741	 -0.083008	 0.138672	 -11.450381	
505547	 23742	 0.053223	 -0.024414	 -12.152672	
505567	 23743	 0.247070	 -0.359131	 -11.702291	
505585	 23744	 -0.492188	 0.169922	 -7.290076	
505604	 23745	 -0.543701	 0.453125	 -17.282442	
505622	 23746	 -0.537109	 -0.186279	 -17.992367	
505641	 23747	 -1.080566	 0.149902	 -23.442749	
505660	 23748	 -0.214600	 0.238770	 -17.610687	
505678	 23749	 -0.331299	 -0.195312	 -19.221375	
505698	 23750	 -0.286133	 0.122803	 -16.503817	
505716	 23751	 0.152344	 -0.521484	 -20.977098	
505735	 23752	 -0.087402	 0.266113	 -24.435114	
505753	 23753	 -0.380371	 -0.294922	 -18.053434	
505773	 23754	 1.110840	 0.240723	 -13.519084	
505791	 23755	 1.703613	 -0.384033	 -26.717558	
505809	 23756	 0.350342	 -1.017334	 -31.862595	
505829	 23757	 -0.267822	 0.230469	 -38.099236	
505847	 23758	 -0.331787	 -0.227051	 -48.167938	
505866	 23759	 -0.413086	 0.076660	 -46.259541	
505885	 23760	 -0.395752	 0.152832	 -46.740459	
505904	 23761	 -0.182617	 -0.206299	 -47.076336	
505922	 23762	 -0.391357	 -0.432617	 -51.648853	
505942	 23763	 -0.271484	 -0.056885	 -49.679390	
505960	 23764	 -0.426514	 -0.189453	 -45.282444	
505978	 23765	 -0.165039	 0.084717	 -43.519085	
505997	 23766	 0.019775	 -0.019043	 -40.274811	
506016	 23767	 -0.028564	 -0.132324	 -39.282444	
506035	 23768	 -0.272705	 0.051270	 -38.793892	
506053	 23769	 -0.024170	 -0.312744	 -37.015266	
506073	 23770	 0.052734	 0.124268	 -47.038166	
506091	 23771	 -0.026123	 0.777588	 -38.000000	
506109	 23772	 -0.650635	 -0.295654	 -48.687023	
506129	 23773	 -0.525635	 0.391602	 -36.625954	
506147	 23774	 -0.426758	 0.022461	 -37.000000	
506166	 23775	 0.107910	 -0.107422	 -34.954197	
506184	 23776	 -0.089600	 -0.271240	 -34.175571	
506204	 23777	 0.128906	 0.214600	 -35.480915	
506222	 23778	 -0.021973	 -0.234375	 -27.763359	
506241	 23779	 0.114258	 -0.314453	 -29.045801	
506260	 23780	 0.272949	 0.353760	 -33.282444	
506278	 23781	 -0.386475	 0.156494	 -51.740459	
506297	 23782	 0.458252	 0.119385	 -67.290077	
506316	 23783	 1.105957	 0.767578	 -54.236641	
506335	 23784	 0.482178	 0.585449	 -65.625954	
506353	 23785	 -0.642822	 -0.745605	 -57.351147	
506372	 23786	 0.105469	 0.120605	 -47.374046	
506391	 23787	 -0.466309	 -0.190674	 -51.648853	
506409	 23788	 -0.631836	 0.183594	 -41.687023	
506428	 23789	 -0.541992	 -0.385742	 -54.343510	
506447	 23790	 -0.016113	 0.394775	 -54.145039	
506466	 23791	 -0.838135	 -0.340088	 -61.587788	
506484	 23792	 -1.530029	 -0.228760	 -57.183205	
506503	 23793	 -1.673828	 -0.086426	 -73.519081	
506522	 23794	 -0.066650	 -0.299805	 -61.175571	
506541	 23795	 -0.894775	 -0.182373	 -59.893131	
506559	 23796	 -0.021240	 -0.326172	 -57.122139	
506578	 23797	 -0.197754	 -0.462646	 -53.625954	
506597	 23798	 -0.146729	 -0.068359	 -51.343510	
506615	 23799	 -0.427002	 -0.478027	 -57.580154	
506635	 23800	 0.040283	 0.228271	 -47.916031	
506653	 23801	 0.023438	 -0.163330	 -52.267174	
506672	 23802	 0.297363	 0.024658	 -48.801525	
506690	 23803	 -0.544434	 -0.046631	 -51.923664	
506710	 23804	 -0.414795	 -0.063965	 -58.671757	
506728	 23805	 -1.195801	 -0.628906	 -73.694656	
506746	 23806	 -0.617676	 0.064209	 -70.000000	
506766	 23807	 -0.608398	 -0.484619	 -67.664124	
506784	 23808	 -0.410400	 -0.177734	 -65.519081	
506803	 23809	 -0.369141	 -0.098633	 -63.213741	
506821	 23810	 -0.616455	 -0.101318	 -62.900764	
506841	 23811	 -0.205811	 -0.116943	 -71.854965	
506859	 23812	 -0.682861	 -0.144287	 -67.503815	
506877	 23813	 0.906250	 -0.025879	 -64.618324	
506897	 23814	 0.213867	 -0.346680	 -65.076332	
506915	 23815	 0.270264	 0.018799	 -64.740456	
506934	 23816	 1.585449	 -0.612793	 -58.412212	
506953	 23817	 1.035156	 -0.142822	 -76.122139	
506972	 23818	 1.887207	 0.059814	 -74.114502	
506990	 23819	 -0.373291	 -0.153320	 -74.007637	
507009	 23820	 -0.226074	 -0.410400	 -74.221375	
507028	 23821	 -0.111084	 -0.147705	 -71.175575	
507046	 23822	 0.388184	 0.295898	 -60.908398	
507065	 23823	 -0.800781	 -0.609131	 -65.778625	
507084	 23824	 -0.044678	 0.106934	 -63.580154	
507103	 23825	 -0.391113	 -0.172852	 -71.969467	
507121	 23826	 0.790771	 -0.908936	 -74.816795	
507140	 23827	 -0.542969	 0.851562	 -72.251907	
507159	 23828	 -0.662842	 -0.773682	 -79.351143	
507177	 23829	 0.597412	 -1.395508	 -85.442749	
507196	 23830	 0.709717	 -0.504150	 -92.015266	
507215	 23831	 0.608643	 -0.836426	 -77.725189	
507234	 23832	 -0.355713	 -0.484863	 -71.458015	
507252	 23833	 0.106201	 -0.237549	 -76.419846	
507271	 23834	 -0.055176	 0.137939	 -61.358780	
507290	 23835	 -0.147217	 -0.458984	 -65.854965	
507309	 23836	 0.242432	 -0.271729	 -64.259544	
507327	 23837	 0.581543	 0.400146	 -45.801525	
507346	 23838	 -0.574707	 0.513184	 -29.801527	
507365	 23839	 0.177734	 0.036865	 -14.328244	
507383	 23840	 -0.045410	 0.188721	 -6.526718	
507403	 23841	 0.413330	 0.248779	 5.122138	
507421	 23842	 0.061523	 0.217041	 12.664123	
507440	 23843	 -0.275879	 -0.004639	 17.061069	
507459	 23844	 -0.458984	 0.265137	 14.900764	
507478	 23845	 -0.498535	 -0.086182	 12.893129	
507496	 23846	 -0.210205	 -0.088379	 6.129771	
507514	 23847	 0.132080	 0.125977	 3.679389	
507534	 23848	 -0.205078	 -0.197021	 4.633588	
507552	 23849	 -0.342529	 0.042480	 5.977099	
507571	 23850	 -0.441895	 -0.051514	 4.580153	
507590	 23851	 -0.137207	 0.060547	 8.946565	
507609	 23852	 0.043945	 0.075195	 6.053435	
507627	 23853	 -0.226807	 0.009033	 2.908397	
507645	 23854	 -0.175293	 -0.168457	 4.351145	
507665	 23855	 -0.334961	 -0.086914	 3.167939	
507683	 23856	 -0.192139	 0.785156	 13.519084	
507702	 23857	 -1.096191	 0.493408	 15.931297	
507721	 23858	 -2.000000	 0.055664	 -2.412214	
507740	 23859	 -1.616699	 -0.031982	 8.572519	
507758	 23860	 0.022461	 0.373535	 -2.000000	
507777	 23861	 -0.771973	 0.573242	 -1.137405	
507796	 23862	 -0.439453	 -0.085205	 -8.396947	
507814	 23863	 -0.286621	 -0.215576	 -7.198473	
507833	 23864	 0.104980	 0.317139	 2.557252	
507852	 23865	 0.536377	 -0.324951	 0.160305	
507871	 23866	 0.309326	 0.166260	 2.748092	
507889	 23867	 0.032227	 -0.326416	 0.267176	
507909	 23868	 0.134277	 -0.125244	 0.748092	
507927	 23869	 0.011230	 -0.291992	 -1.343511	
507945	 23870	 -0.150146	 -0.030762	 -9.045801	
507964	 23871	 -0.156006	 -0.072266	 -3.259542	
507983	 23872	 0.073486	 -0.163086	 -2.603053	
508002	 23873	 -0.232666	 -0.112061	 -2.946565	
508020	 23874	 -0.105225	 -0.033203	 -0.091603	
508040	 23875	 -0.261475	 0.035645	 -2.312977	
508058	 23876	 -0.359619	 0.283936	 -2.160305	
508077	 23877	 -0.256104	 -0.296631	 -4.816794	
508096	 23878	 -0.084229	 -0.338135	 -5.870229	
508114	 23879	 -0.143311	 0.103516	 -10.030535	
508133	 23880	 -0.388672	 -0.212158	 -11.213740	
508151	 23881	 -0.178711	 -0.079346	 -17.221375	
508171	 23882	 -0.230957	 0.055176	 -14.610687	
508189	 23883	 -0.075439	 -0.052734	 -12.175572	
508208	 23884	 -0.033203	 -0.022461	 -11.137404	
508227	 23885	 -0.058105	 0.012451	 -9.458015	
508246	 23886	 -0.044189	 0.041504	 -8.236641	
508264	 23887	 -0.145996	 -0.051758	 -10.244275	
508282	 23888	 -0.045898	 0.107178	 -7.526718	
508302	 23889	 -0.163086	 0.005615	 -5.129771	
508320	 23890	 -0.164062	 -0.007568	 -7.000000	
508339	 23891	 -0.085938	 0.127197	 -3.114504	
508358	 23892	 -0.085938	 0.013428	 -0.381679	
508377	 23893	 -0.085449	 0.071045	 -1.167939	
508395	 23894	 -0.101074	 -0.029785	 1.969466	
508414	 23895	 -0.102051	 0.014648	 -0.175573	
508433	 23896	 -0.026367	 0.003418	 0.648855	
508451	 23897	 -0.015381	 -0.000732	 0.755725	
508471	 23898	 -0.012207	 -0.016846	 0.351145	
508489	 23899	 -0.011230	 -0.016113	 -0.099237	
508508	 23900	 0.001953	 -0.001709	 -0.122137	
508526	 23901	 0.027832	 0.023193	 -0.549618	
508546	 23902	 0.026367	 -0.015381	 -0.267176	
508564	 23903	 0.235596	 -0.010010	 1.519084	
508582	 23904	 -0.500977	 0.270996	 4.732824	
508602	 23905	 -0.791748	 0.356201	 15.641221	
508620	 23906	 0.624756	 0.280762	 30.503817	
508639	 23907	 -0.248047	 -0.114746	 49.694656	
508657	 23908	 0.277344	 0.581787	 53.938931	
508677	 23909	 0.554932	 0.442139	 62.335876	
508695	 23910	 1.084717	 0.088135	 82.603050	
508713	 23911	 -0.304443	 -0.098877	 82.053436	
508733	 23912	 -0.861816	 1.363281	 98.129768	
508751	 23913	 1.203857	 -0.224609	 104.374046	
508771	 23914	 0.546143	 -0.146484	 119.839691	
508789	 23915	 0.928467	 0.617432	 140.480911	
508808	 23916	 0.981201	 -0.268799	 140.267181	
508826	 23917	 -1.046631	 1.015381	 142.961838	
508846	 23918	 -0.645020	 1.062500	 144.603058	
508864	 23919	 -1.395264	 -1.657227	 155.671753	
508882	 23920	 0.901367	 0.260254	 140.961838	
508902	 23921	 0.256592	 0.433350	 141.129776	
508920	 23922	 -0.680664	 0.432373	 119.435112	
508939	 23923	 0.010498	 0.205566	 117.190842	
508957	 23924	 0.499268	 -0.020264	 102.106873	
508977	 23925	 0.104492	 0.089355	 89.091606	
508995	 23926	 -0.745117	 -0.315918	 86.549622	
509014	 23927	 0.045166	 0.414551	 62.832062	
509033	 23928	 -0.237793	 -0.594727	 45.404579	
509051	 23929	 -0.136475	 0.026367	 28.519083	
509070	 23930	 -0.067383	 -0.373291	 18.839695	
509089	 23931	 0.003418	 -0.031982	 11.763359	
509108	 23932	 -0.381592	 -0.521729	 -5.473282	
509126	 23933	 -0.121094	 -0.050293	 -2.442748	
509145	 23934	 -0.400635	 -0.397949	 -0.091603	
509164	 23935	 -0.484863	 0.174805	 -3.175573	
509182	 23936	 -0.296387	 0.003662	 -6.664122	
509201	 23937	 -0.396729	 -0.391602	 -4.114504	
509220	 23938	 0.002930	 -0.204102	 -2.694656	
509239	 23939	 0.020508	 0.092041	 -5.526718	
509257	 23940	 -0.082275	 -0.104736	 -8.587787	
509276	 23941	 0.188965	 0.188232	 -4.061069	
509295	 23942	 -0.174072	 -0.009766	 -6.099236	
509314	 23943	 -0.256348	 0.012695	 -5.519084	
509332	 23944	 -0.322266	 0.022705	 -1.923664	
509351	 23945	 -0.302490	 0.097168	 -10.496183	
509370	 23946	 -0.255859	 -0.041260	 -2.236641	
509388	 23947	 -0.198975	 0.012695	 -1.396947	
509408	 23948	 -0.087158	 -0.132080	 -5.618320	
509426	 23949	 -0.063965	 -0.017334	 -3.389313	
509445	 23950	 -0.168213	 0.143799	 -1.351145	
509463	 23951	 -0.133057	 0.051514	 -2.068702	
509483	 23952	 -0.060303	 0.047852	 -1.969466	
509501	 23953	 -0.220703	 0.028320	 -1.320611	
509519	 23954	 -0.097412	 -0.043457	 -1.656489	
509539	 23955	 -0.122803	 0.089600	 -1.419847	
509557	 23956	 -0.173828	 -0.046387	 -0.847328	
509576	 23957	 -0.252686	 0.045898	 -2.206107	
509595	 23958	 -0.114258	 0.025391	 0.793893	
509614	 23959	 0.026367	 -0.050781	 1.198473	
509632	 23960	 0.035400	 0.019531	 0.114504	
509650	 23961	 0.051025	 0.008789	 1.534351	
509670	 23962	 0.060791	 -0.018066	 0.190840	
509688	 23963	 0.075439	 -0.027588	 -0.091603	
509707	 23964	 0.047852	 0.005371	 -0.083969	
509725	 23965	 -0.016846	 0.013184	 0.030534	
509745	 23966	 -0.004150	 0.010498	 0.053435	
509763	 23967	 0.035400	 -0.003906	 0.106870	
509782	 23968	 0.020996	 0.000244	 -0.045802	
509801	 23969	 -0.002197	 0.011475	 0.114504	
509819	 23970	 0.016113	 -0.007812	 -0.137405	
509838	 23971	 0.014160	 -0.012207	 -0.450382	
509856	 23972	 0.013916	 0.009033	 -0.053435	
509876	 23973	 0.023926	 0.016846	 -0.045802	
509894	 23974	 0.015137	 -0.002197	 -0.183206	
509913	 23975	 0.012695	 0.004395	 0.015267	
509932	 23976	 0.010986	 -0.001221	 -0.007634	
509950	 23977	 0.017578	 0.004395	 -0.022901	
509969	 23978	 0.015625	 0.006104	 0.137405	
509987	 23979	 0.013916	 0.007080	 0.061069	
510007	 23980	 0.013184	 0.009277	 0.175573	
510025	 23981	 0.010742	 0.000244	 -0.007634	
510044	 23982	 0.014404	 0.003906	 -0.022901	
510063	 23983	 0.015381	 -0.000977	 -0.152672	
510082	 23984	 0.012207	 0.000732	 -0.099237	
510100	 23985	 0.018555	 0.004150	 -0.045802	
510119	 23986	 0.015625	 -0.000244	 0.083969	
510138	 23987	 0.017090	 -0.002441	 0.053435	
510156	 23988	 0.012207	 0.008545	 0.129771	
510175	 23989	 0.010986	 0.000488	 0.045802	
510194	 23990	 0.017090	 0.003174	 0.000000	
510213	 23991	 0.011719	 0.000488	 -0.167939	
510231	 23992	 0.013672	 0.002441	 -0.236641	
510249	 23993	 0.008789	 0.006836	 0.022901	
510269	 23994	 0.016846	 -0.005127	 0.129771	
510287	 23995	 0.014160	 0.003418	 -0.083969	
510307	 23996	 0.005127	 0.003418	 -0.030534	
510325	 23997	 0.014404	 0.001953	 0.015267	
510344	 23998	 0.019287	 0.009033	 -0.122137	
510362	 23999	 0.003662	 -0.000488	 0.038168	
510382	 24000	 0.026123	 0.000732	 -0.022901	
510400	 24001	 -0.006104	 -0.000977	 -0.076336	
510418	 24002	 -0.008545	 0.041260	 0.923664	
510437	 24003	 0.049805	 0.005615	 -0.045802	
510456	 24004	 0.019287	 -0.016357	 0.099237	
510475	 24005	 0.020996	 -0.014404	 -2.458015	
510493	 24006	 0.008545	 0.030273	 -0.984733	
510513	 24007	 -0.019531	 -0.003418	 -1.099237	
510531	 24008	 -0.003906	 -0.022217	 -1.229008	
510550	 24009	 0.008545	 0.022461	 -0.778626	
510569	 24010	 0.016602	 0.010986	 -0.145038	
510587	 24011	 -0.000732	 0.017578	 0.503817	
510606	 24012	 0.007080	 -0.012939	 -0.122137	
510624	 24013	 0.016113	 -0.005127	 -1.076336	
510644	 24014	 0.020996	 -0.001221	 -0.511450	
510662	 24015	 -0.006104	 -0.010742	 -1.015267	
510681	 24016	 0.024170	 0.036377	 0.267176	
510699	 24017	 0.020020	 0.004883	 -0.030534	
510718	 24018	 -0.011475	 -0.007812	 0.083969	
510737	 24019	 0.001953	 0.000000	 -0.114504	
510755	 24020	 0.015869	 -0.012451	 -0.053435	
510775	 24021	 0.016113	 -0.007568	 -0.053435	
510793	 24022	 0.001953	 -0.002930	 0.114504	
510812	 24023	 0.007080	 0.004639	 -0.030534	
510831	 24024	 0.017334	 0.000732	 0.061069	
510850	 24025	 0.020264	 -0.005127	 -0.053435	
510868	 24026	 0.011230	 -0.000732	 -0.053435	
510886	 24027	 0.005859	 -0.002441	 0.015267	
510906	 24028	 0.024902	 -0.000977	 -0.061069	
510924	 24029	 0.009766	 -0.007324	 0.053435	
510943	 24030	 0.003906	 -0.002930	 0.190840	
510962	 24031	 0.014893	 -0.004883	 -0.190840	
510981	 24032	 0.016602	 0.001709	 0.083969	
510999	 24033	 0.028076	 0.001465	 0.145038	
511019	 24034	 0.013916	 0.000977	 0.137405	
511037	 24035	 0.006104	 -0.004395	 0.007634	
511055	 24036	 0.018066	 -0.000732	 -0.106870	
511074	 24037	 0.024170	 0.009033	 -0.160305	
511093	 24038	 0.003174	 -0.009277	 0.053435	
511112	 24039	 0.008545	 -0.002197	 -0.076336	
511130	 24040	 0.020508	 -0.000244	 -0.091603	
511150	 24041	 0.022461	 -0.004395	 -0.030534	
511168	 24042	 0.010498	 -0.000977	 0.068702	
511186	 24043	 0.011963	 -0.003906	 0.000000	
511205	 24044	 0.018311	 -0.006104	 0.038168	
511224	 24045	 0.018311	 -0.004150	 0.000000	
511243	 24046	 0.009033	 -0.002686	 0.175573	
511261	 24047	 0.010742	 0.000244	 -0.015267	
511280	 24048	 0.013916	 0.001465	 0.091603	
511299	 24049	 0.010986	 -0.005127	 -0.083969	
511318	 24050	 0.007324	 -0.002197	 -0.068702	
511336	 24051	 0.013672	 -0.001709	 -0.076336	
511355	 24052	 0.017578	 -0.001709	 -0.068702	
511374	 24053	 0.018555	 0.000000	 -0.038168	
511392	 24054	 0.008545	 0.003174	 0.137405	
511411	 24055	 0.010498	 -0.003662	 -0.015267	
511430	 24056	 0.014648	 -0.000732	 -0.076336	
511449	 24057	 0.017822	 0.002686	 -0.061069	
511467	 24058	 0.012207	 0.000000	 -0.152672	
511486	 24059	 0.013916	 0.004639	 -0.083969	
511505	 24060	 0.011963	 -0.002686	 -0.030534	
511523	 24061	 0.005859	 0.006836	 0.152672	
511542	 24062	 0.007568	 -0.000488	 0.007634	
511561	 24063	 0.011719	 -0.008057	 -0.068702	
511580	 24064	 0.005615	 -0.004639	 0.061069	
511598	 24065	 0.010254	 0.001953	 0.053435	
511618	 24066	 0.015137	 0.006104	 0.183206	
511636	 24067	 0.004639	 0.004639	 0.198473	
511654	 24068	 0.021973	 0.000488	 -0.030534	
511673	 24069	 0.018555	 0.010010	 0.022901	
511692	 24070	 0.003174	 -0.000488	 0.015267	
511711	 24071	 0.011719	 -0.001953	 0.122137	
511729	 24072	 0.015137	 0.002197	 0.045802	
511749	 24073	 0.010742	 -0.005127	 0.045802	
511767	 24074	 0.003174	 0.006104	 0.106870	
511785	 24075	 0.017822	 0.000488	 -0.015267	
511804	 24076	 0.012695	 -0.006104	 0.099237	
511823	 24077	 0.011963	 -0.003418	 0.106870	
511842	 24078	 0.006592	 0.000732	 -0.038168	
511861	 24079	 0.022461	 -0.002686	 0.030534	
511880	 24080	 0.013428	 -0.003174	 -0.106870	
511898	 24081	 0.010498	 0.000244	 -0.007634	
511917	 24082	 0.008545	 -0.007568	 -0.167939	
511936	 24083	 0.019775	 0.005615	 0.137405	
511954	 24084	 0.020996	 -0.005615	 0.045802	
511973	 24085	 0.019531	 -0.000488	 -0.022901	
511992	 24086	 0.005615	 -0.001221	 -0.167939	
512011	 24087	 0.015137	 -0.001953	 -0.076336	
512029	 24088	 0.022461	 0.002441	 0.000000	
512048	 24089	 0.009277	 -0.005615	 0.007634	
512067	 24090	 0.008789	 0.006104	 -0.083969	
512086	 24091	 0.021973	 0.002197	 0.015267	
512142	 24094	 0.014404	 -0.000244	 -0.106870	
512160	 24095	 0.016602	 -0.001953	 0.160305	
512179	 24096	 0.010010	 0.001709	 -0.038168	
512198	 24097	 0.010498	 0.000732	 -0.053435	
512217	 24098	 0.012451	 -0.000732	 -0.022901	
512235	 24099	 0.018799	 -0.000977	 -0.030534	
512254	 24100	 0.010986	 -0.003906	 -0.022901	
512273	 24101	 0.007080	 -0.006592	 0.007634	
512291	 24102	 0.012451	 -0.009277	 0.000000	
512310	 24103	 0.014648	 0.000244	 -0.091603	
512442	 24110	 0.007568	 -0.002930	 0.015267	
512460	 24111	 0.018311	 -0.002197	 0.122137	
512479	 24112	 0.017334	 0.000977	 0.000000	
512498	 24113	 0.010254	 -0.001953	 0.137405	
512517	 24114	 0.011719	 -0.001221	 -0.053435	
512535	 24115	 0.017334	 0.001221	 -0.122137	
512553	 24116	 0.011230	 0.000488	 0.038168	
512573	 24117	 0.004150	 -0.000488	 -0.083969	
512760	 24127	 0.019287	 -0.001953	 -0.167939	
512779	 24128	 0.016602	 0.002441	 0.015267	
512797	 24129	 0.008301	 -0.002441	 -0.099237	
512817	 24130	 0.012695	 0.002441	 0.022901	
512835	 24131	 0.011963	 -0.002441	 0.030534	
512854	 24132	 0.019287	 0.000488	 -0.061069	
512873	 24133	 0.002441	 -0.000732	 0.145038	
512891	 24134	 0.017822	 0.003418	 -0.038168	
512910	 24135	 0.005127	 -0.002441	 0.068702	
512928	 24136	 0.016846	 0.000000	 0.038168	
513059	 24143	 0.013184	 -0.004395	 -0.022901	
513079	 24144	 0.022461	 0.006104	 0.076336	
513097	 24145	 0.013184	 -0.003174	 -0.114504	
513116	 24146	 0.011719	 -0.003174	 0.007634	
513135	 24147	 0.020264	 0.000244	 -0.045802	
513154	 24148	 0.028076	 0.003906	 0.061069	
513172	 24149	 0.015625	 0.007324	 0.145038	
513190	 24150	 0.006836	 -0.008545	 -0.259542	
513210	 24151	 0.027832	 -0.004395	 -0.190840	
513359	 24159	 0.025635	 -0.004150	 -0.114504	
513379	 24160	 -0.005371	 -0.005615	 0.068702	
513397	 24161	 0.030029	 0.000000	 0.106870	
513416	 24162	 -0.030518	 -0.010498	 0.022901	
513434	 24163	 0.018799	 -0.008301	 -0.022901	
513454	 24164	 -0.005371	 0.003662	 0.076336	
513472	 24165	 0.013184	 -0.002197	 0.061069	
513490	 24166	 -0.030273	 -0.002441	 -0.038168	
513510	 24167	 -0.003174	 -0.019287	 0.114504	
513528	 24168	 0.006836	 0.008057	 0.114504	
513678	 24176	 -0.024658	 -0.001709	 -0.068702	
513697	 24177	 0.003174	 -0.001953	 -0.015267	
513716	 24178	 0.028809	 0.004150	 0.687023	
513734	 24179	 -0.036865	 -0.020996	 -0.175573	
513753	 24180	 -0.007080	 0.014404	 -0.015267	
513772	 24181	 0.012695	 0.008789	 0.671756	
513809	 24183	 -0.251221	 0.075684	 2.198473	
513828	 24184	 -0.384033	 0.056152	 7.099236	
513847	 24185	 -0.129395	 0.113525	 7.404580	
513978	 24192	 -0.257080	 0.031006	 43.412212	
513996	 24193	 0.059814	 -0.245850	 43.145039	
514016	 24194	 0.434814	 -0.139404	 43.587788	
514034	 24195	 0.204590	 -0.013672	 44.496181	
514053	 24196	 0.098633	 -0.163574	 29.564886	
514071	 24197	 0.168213	 0.034424	 26.694656	
514091	 24198	 0.063477	 0.114258	 26.969465	
514109	 24199	 -0.071289	 -0.117676	 26.061069	
514127	 24200	 0.098877	 -0.125244	 21.572519	
514147	 24201	 0.220703	 -0.158691	 17.618320	
514296	 24209	 0.048096	 0.032959	 -0.450382	
514315	 24210	 -0.029297	 -0.018555	 -1.381679	
514334	 24211	 -0.023193	 0.024170	 -0.732824	
514353	 24212	 -0.023193	 -0.027588	 0.396947	
514371	 24213	 0.052246	 0.019287	 -0.251908	
514390	 24214	 0.012451	 -0.010498	 -0.053435	
514409	 24215	 -0.013672	 -0.008057	 -0.145038	
514427	 24216	 0.042480	 0.015137	 0.099237	
514446	 24217	 0.052979	 -0.042236	 -0.290076	
514465	 24218	 0.026855	 -0.000977	 -0.229008	
514596	 24225	 0.015137	 -0.000977	 0.824427	
514615	 24226	 0.017334	 0.011719	 1.335878	
514633	 24227	 0.018555	 -0.010010	 0.778626	
514653	 24228	 0.031982	 -0.021484	 0.091603	
514671	 24229	 0.018799	 0.005127	 0.061069	
514690	 24230	 0.010986	 -0.002441	 0.221374	
514709	 24231	 0.019287	 0.003418	 -0.068702	
514727	 24232	 0.016113	 -0.009033	 0.160305	
514747	 24233	 0.014160	 0.014893	 0.015267	
514765	 24234	 0.018066	 -0.001953	 0.091603	
514896	 24241	 0.018799	 -0.011719	 -0.160305	
514915	 24242	 0.019531	 0.002197	 0.030534	
514933	 24243	 0.024902	 -0.001709	 -0.038168	
514953	 24244	 0.023193	 0.000977	 -0.030534	
514971	 24245	 0.018555	 -0.004150	 -0.045802	
514990	 24246	 0.011719	 0.000732	 0.045802	
515009	 24247	 0.024170	 0.002441	 0.068702	
515027	 24248	 0.021484	 -0.005615	 0.038168	
515046	 24249	 0.018311	 -0.002441	 -0.076336	
515064	 24250	 0.014648	 -0.002197	 -0.106870	
515215	 24258	 0.013672	 0.003174	 -0.038168	
515233	 24259	 0.020752	 -0.002930	 0.152672	
515252	 24260	 0.017090	 -0.004883	 0.099237	
515271	 24261	 0.016113	 -0.007568	 -0.007634	
515290	 24262	 0.019531	 -0.005615	 -0.068702	
515308	 24263	 0.012207	 -0.002197	 0.137405	
515328	 24264	 0.022461	 0.002197	 -0.007634	
515346	 24265	 0.014648	 0.005859	 -0.099237	
515364	 24266	 0.008301	 -0.004883	 0.122137	
515383	 24267	 0.016602	 0.002930	 -0.091603	
515515	 24274	 0.013916	 -0.004395	 0.045802	
515533	 24275	 0.010986	 -0.001465	 0.160305	
515552	 24276	 0.019775	 -0.002686	 0.007634	
515570	 24277	 0.015137	 -0.001465	 -0.106870	
515590	 24278	 0.015625	 0.000000	 -0.038168	
515608	 24279	 0.013916	 -0.007568	 0.022901	
515627	 24280	 0.023926	 0.000244	 -0.045802	
515646	 24281	 0.013428	 -0.001465	 0.000000	
515664	 24282	 0.013916	 -0.003418	 0.137405	
515683	 24283	 0.014404	 0.005127	 -0.007634	
515832	 24291	 0.016602	 -0.000977	 0.015267	
515852	 24292	 0.013184	 0.000488	 0.015267	
515870	 24293	 0.012207	 0.009277	 -0.206107	
515889	 24294	 0.023926	 -0.001953	 0.106870	
515908	 24295	 0.017822	 -0.003174	 0.038168	
515927	 24296	 0.018311	 -0.002686	 -0.038168	
515945	 24297	 0.021973	 0.007324	 0.038168	
515964	 24298	 0.016357	 -0.002930	 -0.030534	
515983	 24299	 0.018066	 0.001953	 -0.045802	
516001	 24300	 0.021240	 -0.004395	 -0.091603	
516132	 24307	 0.009033	 -0.001953	 0.083969	
516152	 24308	 0.009766	 0.000488	 0.015267	
516170	 24309	 0.024414	 0.001465	 -0.053435	
516189	 24310	 0.018066	 -0.001709	 0.007634	
516208	 24311	 0.012695	 0.001709	 -0.099237	
516227	 24312	 0.018066	 -0.002197	 -0.068702	
516245	 24313	 0.018555	 -0.000732	 -0.106870	
516264	 24314	 0.018555	 0.002441	 -0.076336	
516283	 24315	 0.017090	 -0.002686	 -0.061069	
516301	 24316	 0.011230	 -0.002197	 -0.152672	
516432	 24323	 0.019775	 -0.003906	 -0.076336	
522278	 24635	 -0.418457	 -0.156494	 11.244275	
522297	 24636	 -0.435547	 0.298584	 9.603053	
522315	 24637	 0.010986	 0.078613	 25.549618	
522335	 24638	 1.307129	 -0.116211	 27.374046	
522353	 24639	 1.216553	 0.250488	 23.190840	
522372	 24640	 0.626221	 0.001709	 19.335878	
522391	 24641	 0.060059	 -0.068359	 12.610687	
522409	 24642	 -0.293457	 -0.267578	 12.114504	
522428	 24643	 -0.818848	 0.068359	 10.862596	
522446	 24644	 -0.198730	 0.055176	 1.030534	
522466	 24645	 -0.064453	 -0.212402	 -1.572519	
522484	 24646	 0.017090	 0.029785	 -7.862596	
522503	 24647	 -0.218506	 -0.006104	 -12.198473	
522522	 24648	 -0.214355	 -0.170166	 -16.786259	
522541	 24649	 0.003906	 0.046875	 -16.732824	
524657	 24762	 0.006348	 -0.023682	 0.183206	
524676	 24763	 0.013916	 -0.000488	 -0.160305	
524694	 24764	 -0.016602	 -0.008057	 0.053435	
524713	 24765	 -0.005127	 -0.011719	 0.129771	
524732	 24766	 0.008545	 -0.024902	 -0.244275	
524750	 24767	 0.002686	 -0.006592	 0.221374	
524770	 24768	 -0.017090	 -0.009277	 -0.083969	
524788	 24769	 -0.006836	 -0.021240	 0.045802	
524807	 24770	 0.013184	 -0.024902	 -0.137405	
524826	 24771	 0.010010	 -0.018311	 -0.137405	
524845	 24772	 -0.013184	 -0.009033	 0.190840	
524863	 24773	 -0.002441	 -0.019287	 -0.221374	
524881	 24774	 0.017090	 -0.026367	 -0.389313	
524901	 24775	 0.007080	 -0.004639	 -0.320611	
524919	 24776	 -0.014160	 -0.012939	 -0.374046	
524938	 24777	 -0.008545	 -0.017090	 -0.160305	
524957	 24778	 0.012207	 -0.019531	 -0.251908	
524976	 24779	 0.007568	 -0.022949	 -0.381679	
524994	 24780	 -0.002686	 -0.019531	 -0.648855	
525014	 24781	 -0.010010	 -0.018311	 -0.030534	
525032	 24782	 -0.010742	 -0.008789	 -0.251908	
525050	 24783	 -0.015137	 -0.012695	 -0.045802	
525069	 24784	 -0.011475	 -0.018311	 -0.015267	
525088	 24785	 0.003418	 -0.010742	 0.007634	
525107	 24786	 -0.002441	 -0.012207	 -0.022901	
525125	 24787	 -0.006836	 -0.026123	 0.076336	
525145	 24788	 0.036621	 0.014404	 0.496183	
525163	 24789	 -0.018066	 -0.040771	 -0.038168	
525181	 24790	 0.005859	 -0.023438	 -0.488550	
525200	 24791	 -0.014404	 0.009766	 0.877863	
525219	 24792	 0.010254	 -0.021973	 -0.519084	
525238	 24793	 0.010254	 -0.028564	 0.526718	
525256	 24794	 -0.004883	 0.001465	 -0.114504	
525276	 24795	 -0.008545	 -0.024902	 -0.015267	
525294	 24796	 0.005371	 -0.014893	 0.137405	
525313	 24797	 0.004395	 -0.026123	 -0.129771	
525331	 24798	 -0.006104	 -0.013672	 -0.007634	
525350	 24799	 -0.003174	 -0.016357	 -0.045802	
525369	 24800	 0.005371	 -0.014404	 -0.030534	
525387	 24801	 0.005615	 -0.012451	 0.045802	
525406	 24802	 -0.002930	 -0.011963	 0.106870	
525425	 24803	 -0.003662	 -0.020020	 -0.167939	
525444	 24804	 -0.005371	 -0.009521	 0.076336	
525462	 24805	 0.001465	 -0.018311	 -0.190840	
525481	 24806	 -0.006104	 -0.015137	 0.030534	
525500	 24807	 -0.004150	 -0.020020	 -0.015267	
525518	 24808	 -0.004395	 -0.020996	 -0.061069	
525537	 24809	 0.003906	 -0.017578	 0.053435	
525556	 24810	 -0.006348	 -0.011963	 -0.007634	
525575	 24811	 -0.009766	 -0.017578	 -0.045802	
525593	 24812	 0.002686	 -0.016602	 0.068702	
525613	 24813	 -0.000977	 -0.012939	 0.129771	
525631	 24814	 -0.006104	 -0.013672	 0.038168	
525649	 24815	 0.004395	 -0.015625	 0.038168	
525668	 24816	 -0.003418	 -0.020508	 -0.175573	
525687	 24817	 0.000732	 -0.014648	 -0.206107	
525706	 24818	 -0.002930	 -0.015625	 0.030534	
525724	 24819	 -0.001709	 -0.011719	 0.198473	
525744	 24820	 0.000244	 -0.014648	 0.137405	
525762	 24821	 -0.002930	 -0.008789	 0.053435	
525780	 24822	 -0.002197	 -0.017822	 -0.160305	
525800	 24823	 -0.005371	 -0.015869	 -0.030534	
525818	 24824	 -0.003174	 -0.014648	 -0.015267	
525837	 24825	 0.000732	 -0.016113	 0.045802	
525856	 24826	 -0.006592	 -0.015381	 0.030534	
525875	 24827	 -0.005859	 -0.009277	 0.030534	
525893	 24828	 0.000488	 -0.017090	 0.030534	
525913	 24829	 -0.004395	 -0.007324	 0.099237	
525931	 24830	 -0.003418	 -0.020264	 -0.038168	
525949	 24831	 -0.001221	 -0.013916	 -0.007634	
525968	 24832	 -0.004395	 -0.013672	 -0.137405	
525987	 24833	 0.003174	 -0.012451	 -0.122137	
526006	 24834	 -0.004639	 -0.013428	 -0.076336	
526024	 24835	 -0.001465	 -0.017090	 0.137405	
526043	 24836	 -0.007568	 -0.011230	 -0.061069	
526062	 24837	 0.000732	 -0.014404	 0.038168	
526081	 24838	 0.005859	 -0.012695	 -0.030534	
526099	 24839	 -0.002441	 -0.018555	 0.137405	
526117	 24840	 -0.003418	 -0.007324	 -0.137405	
526137	 24841	 -0.003906	 -0.010010	 0.015267	
526155	 24842	 -0.002197	 -0.015625	 -0.045802	
526174	 24843	 0.004150	 -0.013916	 -0.068702	
526193	 24844	 0.000732	 -0.013428	 -0.061069	
526212	 24845	 -0.002441	 -0.012207	 -0.030534	
526230	 24846	 -0.005371	 -0.015381	 0.099237	
526249	 24847	 0.007080	 -0.011230	 -0.053435	
526268	 24848	 -0.002441	 -0.023926	 0.000000	
526286	 24849	 -0.002441	 -0.012207	 -0.114504	
526305	 24850	 0.000977	 -0.014648	 -0.022901	
526324	 24851	 0.002930	 -0.012695	 -0.083969	
526343	 24852	 -0.003662	 -0.010254	 0.022901	
526361	 24853	 0.002441	 -0.018311	 0.083969	
526380	 24854	 0.003906	 -0.015625	 0.022901	
526399	 24855	 -0.000244	 -0.018311	 0.114504	
526417	 24856	 -0.003418	 -0.021484	 -0.114504	
526436	 24857	 -0.006348	 -0.012207	 0.091603	
526455	 24858	 -0.010742	 -0.009766	 -0.015267	
526474	 24859	 -0.006104	 -0.014893	 0.030534	
526492	 24860	 -0.004150	 -0.011719	 -0.015267	
526511	 24861	 0.003418	 -0.013428	 -0.022901	
526530	 24862	 0.000244	 -0.013184	 0.091603	
526548	 24863	 -0.005127	 -0.011719	 0.000000	
526567	 24864	 -0.004395	 -0.021729	 -0.076336	
526586	 24865	 -0.004639	 -0.013672	 0.076336	
526605	 24866	 -0.005859	 -0.010498	 0.175573	
526623	 24867	 0.000000	 -0.011963	 -0.083969	
526642	 24868	 -0.000488	 -0.015625	 0.038168	
526661	 24869	 0.001953	 -0.017334	 0.183206	
526680	 24870	 0.003906	 -0.012451	 -0.007634	
526698	 24871	 0.007812	 -0.014893	 -0.099237	
526717	 24872	 -0.007812	 -0.016602	 -0.129771	
526736	 24873	 0.000000	 -0.021240	 -0.091603	
526754	 24874	 -0.001465	 -0.006348	 0.007634	
526774	 24875	 0.002930	 -0.008301	 0.083969	
526792	 24876	 0.000000	 -0.014648	 -0.030534	
526811	 24877	 0.000244	 -0.014160	 -0.038168	
526829	 24878	 -0.010742	 -0.014893	 -0.068702	
526849	 24879	 0.002930	 -0.016357	 -0.122137	
526867	 24880	 -0.001465	 -0.016357	 -0.137405	
526885	 24881	 -0.012207	 -0.017090	 -0.045802	
526905	 24882	 -0.000488	 -0.015381	 -0.022901	
526923	 24883	 -0.002930	 -0.004883	 0.053435	
526942	 24884	 -0.002686	 -0.020508	 0.045802	
526961	 24885	 -0.009766	 -0.016357	 -0.030534	
526980	 24886	 -0.006836	 -0.010742	 -0.083969	
526998	 24887	 -0.003418	 -0.013672	 -0.145038	
527016	 24888	 0.000488	 -0.014648	 0.122137	
527036	 24889	 -0.001709	 -0.016357	 -0.198473	
527054	 24890	 -0.006104	 -0.018311	 -0.114504	
527073	 24891	 -0.003906	 -0.012451	 0.068702	
527091	 24892	 0.004639	 -0.013428	 0.053435	
527111	 24893	 -0.007324	 -0.013672	 -0.038168	
527129	 24894	 -0.000488	 -0.018066	 -0.083969	
527148	 24895	 -0.000488	 -0.015137	 0.000000	
527166	 24896	 -0.008789	 -0.010986	 0.000000	
527185	 24897	 -0.008301	 -0.010010	 -0.038168	
527204	 24898	 -0.001709	 -0.015381	 -0.152672	
527222	 24899	 -0.004150	 -0.016846	 -0.213740	
527241	 24900	 -0.004150	 -0.015381	 0.053435	
527260	 24901	 -0.002441	 -0.012939	 0.030534	
527279	 24902	 0.004395	 -0.012695	 -0.083969	
527297	 24903	 -0.010010	 -0.012207	 0.083969	
527316	 24904	 -0.002441	 -0.017334	 0.015267	
527335	 24905	 0.000488	 -0.010254	 -0.229008	
527353	 24906	 -0.008057	 -0.019531	 -0.076336	
527373	 24907	 0.004639	 -0.017334	 0.068702	
527391	 24908	 -0.003418	 -0.018799	 -0.129771	
527410	 24909	 -0.001953	 -0.009521	 -0.038168	
527428	 24910	 -0.001465	 -0.012939	 -0.007634	
527448	 24911	 -0.002686	 -0.013916	 -0.007634	
527466	 24912	 -0.003174	 -0.014893	 -0.183206	
527484	 24913	 -0.005127	 -0.011475	 -0.129771	
527504	 24914	 0.001709	 -0.020264	 -0.106870	
527522	 24915	 -0.005859	 -0.012451	 0.022901	
527541	 24916	 0.001221	 -0.014893	 0.099237	
527559	 24917	 0.000977	 -0.009766	 0.015267	
527579	 24918	 0.005127	 -0.012207	 0.137405	
527597	 24919	 -0.003418	 -0.018066	 0.068702	
527616	 24920	 0.003174	 -0.014648	 -0.068702	
527635	 24921	 -0.000488	 -0.014404	 0.137405	
527653	 24922	 0.001953	 -0.016846	 0.030534	
527672	 24923	 0.003174	 -0.008545	 -0.091603	
527690	 24924	 -0.001465	 -0.016846	 -0.015267	
527710	 24925	 -0.003418	 -0.012939	 0.030534	
527728	 24926	 -0.002686	 -0.018311	 0.000000	
527747	 24927	 0.000977	 -0.009521	 0.045802	
527765	 24928	 -0.008545	 -0.010986	 0.030534	
527784	 24929	 -0.001465	 -0.016846	 -0.045802	
527803	 24930	 0.001221	 -0.010254	 -0.145038	
527821	 24931	 -0.007080	 -0.014648	 -0.038168	
527841	 24932	 -0.002197	 -0.009033	 0.076336	
527859	 24933	 -0.000488	 -0.011719	 -0.122137	
527878	 24934	 0.007568	 -0.011719	 0.015267	
527896	 24935	 -0.000977	 -0.012695	 0.038168	
527916	 24936	 0.000732	 -0.013184	 0.045802	
527934	 24937	 -0.002197	 -0.010742	 0.000000	
527952	 24938	 -0.011719	 -0.020508	 0.022901	
527971	 24939	 -0.001953	 -0.011963	 0.022901	
527990	 24940	 -0.005615	 -0.015869	 0.000000	
528009	 24941	 0.000000	 -0.011963	 -0.022901	
528027	 24942	 0.006592	 -0.013184	 -0.053435	
528047	 24943	 -0.003662	 -0.015625	 0.076336	
528065	 24944	 0.005127	 -0.011963	 -0.007634	
528083	 24945	 0.004150	 -0.010498	 -0.007634	
528102	 24946	 0.005859	 -0.012451	 0.053435	
528121	 24947	 0.003662	 -0.017334	 -0.053435	
528140	 24948	 -0.009766	 -0.014404	 0.038168	
528158	 24949	 0.002930	 -0.010010	 0.045802	
528178	 24950	 -0.001221	 -0.019043	 0.045802	
528196	 24951	 -0.009766	 -0.016602	 -0.038168	
528215	 24952	 0.000488	 -0.001709	 -0.091603	
528233	 24953	 0.001709	 -0.018066	 -0.038168	
528252	 24954	 0.002197	 -0.012451	 0.015267	
528271	 24955	 -0.002441	 -0.009521	 -0.045802	
528289	 24956	 -0.004395	 -0.016602	 -0.061069	
528309	 24957	 -0.002686	 -0.012207	 -0.007634	
528327	 24958	 -0.001709	 -0.013184	 -0.091603	
528346	 24959	 0.000488	 -0.014648	 -0.053435	
528365	 24960	 -0.002930	 -0.015137	 -0.068702	
528384	 24961	 0.000244	 -0.015869	 -0.045802	
528402	 24962	 0.004883	 -0.011963	 0.083969	
528420	 24963	 -0.005615	 -0.015625	 0.068702	
528440	 24964	 -0.005127	 -0.011719	 0.099237	
528458	 24965	 -0.000488	 -0.011719	 -0.022901	
528477	 24966	 -0.002930	 -0.014893	 -0.022901	
528496	 24967	 0.001221	 -0.013916	 -0.053435	
528515	 24968	 -0.002441	 -0.008057	 0.053435	
528533	 24969	 -0.001709	 -0.017822	 0.053435	
528552	 24970	 0.001709	 -0.010742	 -0.122137	
528571	 24971	 -0.000732	 -0.013672	 -0.122137	
528589	 24972	 0.000732	 -0.011230	 0.083969	
528608	 24973	 -0.004150	 -0.019287	 -0.152672	
528627	 24974	 -0.006104	 -0.015869	 -0.038168	
528646	 24975	 -0.001221	 -0.011475	 0.030534	
528664	 24976	 -0.008057	 -0.016357	 -0.106870	
528684	 24977	 0.000732	 -0.014404	 0.015267	
528702	 24978	 -0.000977	 -0.014404	 -0.106870	
528720	 24979	 0.002686	 -0.011963	 -0.015267	
528739	 24980	 -0.001953	 -0.010498	 0.076336	
528758	 24981	 -0.001953	 -0.005127	 -0.122137	
528777	 24982	 -0.003418	 -0.014160	 -0.015267	
528795	 24983	 -0.008057	 -0.024170	 0.007634	
528815	 24984	 -0.009277	 0.008057	 -0.053435	
528833	 24985	 -0.008545	 -0.033691	 -0.061069	
528851	 24986	 -0.004883	 -0.007812	 0.122137	
528870	 24987	 -0.009521	 -0.008301	 -0.106870	
528889	 24988	 -0.000732	 -0.028564	 -0.076336	
528908	 24989	 0.003174	 -0.008301	 -0.076336	
528926	 24990	 0.004150	 -0.015381	 0.183206	
528946	 24991	 0.002441	 -0.023193	 -0.053435	
528964	 24992	 0.001709	 -0.018066	 -0.030534	
528983	 24993	 -0.001221	 -0.016357	 -0.038168	
529001	 24994	 -0.010986	 -0.006592	 -0.015267	
529020	 24995	 0.003174	 -0.017822	 -0.061069	
529039	 24996	 -0.002686	 -0.014648	 0.000000	
529057	 24997	 -0.000244	 -0.014160	 0.076336	
529077	 24998	 -0.007080	 -0.018066	 0.099237	
529095	 24999	 -0.000732	 -0.016357	 -0.083969	
529114	 25000	 0.000000	 -0.018066	 0.030534	
529132	 25001	 -0.003174	 -0.009277	 0.106870	
529152	 25002	 0.000488	 -0.017822	 0.030534	
529170	 25003	 0.006348	 -0.012451	 0.045802	
529188	 25004	 0.002441	 -0.011230	 -0.083969	
529208	 25005	 0.003174	 -0.016113	 -0.106870	
529226	 25006	 -0.008057	 -0.009521	 -0.206107	
529245	 25007	 0.000488	 -0.016846	 0.022901	
529263	 25008	 0.003174	 -0.013184	 -0.083969	
529283	 25009	 0.001953	 -0.013428	 -0.022901	
529301	 25010	 -0.000244	 -0.014160	 -0.099237	
529319	 25011	 -0.004639	 -0.021240	 0.000000	
529338	 25012	 0.001465	 -0.015869	 -0.076336	
529357	 25013	 -0.004883	 -0.014404	 -0.198473	
529376	 25014	 -0.001953	 -0.014893	 -0.053435	
529394	 25015	 -0.005615	 -0.018799	 0.030534	
529414	 25016	 -0.000732	 -0.014160	 0.038168	
529432	 25017	 -0.001465	 -0.014648	 -0.152672	
529451	 25018	 0.000244	 -0.012939	 -0.091603	
529470	 25019	 -0.001953	 -0.010742	 0.015267	
529488	 25020	 0.000488	 -0.024658	 -0.015267	
529507	 25021	 -0.002197	 -0.003906	 0.022901	
529525	 25022	 0.001709	 -0.031982	 0.083969	
529545	 25023	 -0.003418	 -0.003906	 0.068702	
529563	 25024	 0.003662	 -0.010986	 -0.076336	
529582	 25025	 -0.006836	 -0.010742	 -0.106870	
529601	 25026	 -0.001465	 -0.007324	 0.106870	
529619	 25027	 -0.003418	 -0.016357	 -0.022901	
529638	 25028	 0.000000	 -0.007812	 -0.007634	
529656	 25029	 0.001709	 -0.021973	 -0.030534	
529676	 25030	 -0.001709	 -0.013184	 -0.038168	
529694	 25031	 -0.002930	 -0.012695	 0.091603	
529713	 25032	 -0.004639	 -0.016846	 0.099237	
529732	 25033	 -0.000244	 -0.007812	 -0.038168	
529751	 25034	 -0.008789	 -0.015869	 0.160305	
529769	 25035	 -0.009277	 -0.012695	 0.061069	
529788	 25036	 -0.000488	 -0.013184	 -0.030534	
529807	 25037	 -0.001221	 -0.019531	 0.106870	
529825	 25038	 -0.001709	 -0.017090	 -0.045802	
529844	 25039	 -0.000732	 -0.016846	 -0.038168	
529863	 25040	 -0.005371	 -0.015381	 -0.106870	
529882	 25041	 0.001953	 -0.014648	 -0.099237	
529900	 25042	 -0.001465	 -0.017822	 -0.068702	
529920	 25043	 0.001953	 -0.018799	 -0.106870	
529938	 25044	 0.000977	 -0.012939	 0.038168	
529956	 25045	 0.001953	 -0.011963	 -0.083969	
529976	 25046	 0.001709	 -0.019287	 0.053435	
529994	 25047	 -0.001709	 -0.020508	 -0.106870	
530013	 25048	 -0.004150	 -0.013184	 -0.129771	
530031	 25049	 0.001709	 -0.013428	 0.061069	
530051	 25050	 -0.003174	 -0.007080	 0.091603	
530069	 25051	 -0.002197	 -0.015869	 0.076336	
530087	 25052	 0.000000	 -0.013916	 0.068702	
530106	 25053	 -0.007568	 -0.020752	 -0.053435	
530125	 25054	 -0.003662	 -0.012695	 0.022901	
530144	 25055	 -0.003418	 -0.015869	 0.022901	
530162	 25056	 0.002441	 -0.010742	 -0.038168	
530182	 25057	 0.002197	 -0.012695	 0.061069	
530200	 25058	 0.000732	 -0.013428	 -0.045802	
530219	 25059	 -0.002930	 -0.014893	 -0.015267	
530238	 25060	 -0.005615	 -0.016113	 0.076336	
530256	 25061	 0.001221	 -0.015137	 0.000000	
530275	 25062	 0.000244	 -0.018066	 -0.007634	
530293	 25063	 -0.001953	 -0.010010	 -0.167939	
530313	 25064	 -0.004883	 -0.015381	 -0.015267	
530331	 25065	 0.004639	 -0.016846	 -0.022901	
530350	 25066	 -0.000977	 -0.013672	 0.076336	
530368	 25067	 0.000000	 -0.012695	 0.114504	
530387	 25068	 -0.000244	 -0.010254	 -0.007634	
530406	 25069	 -0.001953	 -0.010254	 -0.091603	
530424	 25070	 0.000244	 -0.016602	 0.129771	
530444	 25071	 0.001953	 -0.014404	 0.122137	
530462	 25072	 -0.002686	 -0.012451	 -0.030534	
530481	 25073	 -0.001221	 -0.007812	 -0.007634	
530500	 25074	 -0.001465	 -0.013184	 0.145038	
530519	 25075	 0.000000	 -0.013428	 -0.152672	
530537	 25076	 0.001709	 -0.013916	 0.045802	
530555	 25077	 0.001465	 -0.017822	 0.000000	
530575	 25078	 -0.002930	 -0.015381	 0.030534	
530593	 25079	 0.002930	 -0.014404	 -0.038168	
530612	 25080	 -0.004150	 -0.016602	 -0.061069	
530630	 25081	 0.000488	 -0.016357	 0.000000	
530650	 25082	 0.001953	 -0.011719	 0.030534	
530668	 25083	 0.001221	 -0.017090	 0.106870	
530686	 25084	 -0.003174	 -0.010986	 -0.083969	
530706	 25085	 -0.005615	 -0.012451	 0.007634	
530724	 25086	 -0.008789	 -0.016846	 0.091603	
530743	 25087	 -0.002930	 -0.012451	 -0.030534	
530761	 25088	 -0.004150	 -0.017334	 0.068702	
530781	 25089	 0.000977	 -0.014404	 0.122137	
530799	 25090	 0.003174	 -0.014893	 -0.068702	
530818	 25091	 0.002930	 -0.013184	 -0.007634	
530837	 25092	 0.002441	 -0.013916	 0.091603	
530855	 25093	 -0.000732	 -0.013184	 -0.061069	
530874	 25094	 -0.000732	 -0.013672	 -0.022901	
530893	 25095	 0.002686	 -0.013672	 -0.007634	
530912	 25096	 0.003174	 -0.009521	 0.015267	
530930	 25097	 -0.001709	 -0.013916	 -0.053435	
530949	 25098	 -0.000732	 -0.010498	 0.106870	
530968	 25099	 -0.000977	 -0.013916	 -0.053435	
530987	 25100	 -0.002197	 -0.017090	 0.000000	
531005	 25101	 -0.002686	 -0.021729	 0.030534	
531023	 25102	 -0.001953	 -0.012451	 0.045802	
531043	 25103	 0.003906	 -0.009521	 0.076336	
531061	 25104	 0.000244	 -0.010010	 -0.015267	
531080	 25105	 -0.009033	 -0.010986	 -0.022901	
531099	 25106	 -0.002930	 -0.011719	 -0.038168	
531118	 25107	 -0.001221	 -0.015137	 0.015267	
531136	 25108	 0.001221	 -0.010254	 0.045802	
531154	 25109	 -0.001465	 -0.016602	 -0.068702	
531174	 25110	 0.001709	 -0.022705	 -0.022901	
531192	 25111	 -0.004883	 -0.012939	 -0.030534	
531211	 25112	 0.000488	 -0.013672	 0.091603	
531230	 25113	 -0.008057	 -0.015381	 -0.007634	
531249	 25114	 -0.000977	 -0.010254	 0.083969	
531267	 25115	 0.001465	 -0.017578	 0.167939	
531286	 25116	 0.003174	 -0.013428	 -0.038168	
531305	 25117	 -0.001465	 -0.014160	 0.015267	
531323	 25118	 -0.000488	 -0.012451	 -0.068702	
531343	 25119	 -0.001221	 -0.014648	 -0.068702	
531361	 25120	 0.003174	 -0.013428	 -0.099237	
531380	 25121	 -0.004150	 -0.013916	 0.091603	
531474	 25126	 0.001709	 -0.017822	 -0.129771	
531492	 25127	 0.000732	 -0.016602	 -0.091603	
531511	 25128	 -0.007080	 -0.019775	 0.015267	
531530	 25129	 0.002441	 -0.010986	 0.083969	
531549	 25130	 -0.006104	 -0.014404	 -0.099237	
531567	 25131	 -0.004639	 -0.015625	 -0.061069	
531586	 25132	 -0.003418	 -0.011475	 0.152672	
531605	 25133	 -0.001709	 -0.013428	 -0.022901	
531623	 25134	 0.002441	 -0.015625	 0.160305	
531642	 25135	 -0.000488	 -0.006836	 -0.030534	
531660	 25136	 -0.001709	 -0.015625	 -0.076336	
531680	 25137	 -0.001221	 -0.009033	 0.022901	
531792	 25143	 -0.001709	 -0.011963	 -0.068702	
531811	 25144	 0.001221	 -0.015625	 0.007634	
531829	 25145	 -0.001953	 -0.013428	 -0.076336	
531848	 25146	 0.000000	 -0.016846	 -0.038168	
531867	 25147	 -0.001465	 -0.010986	 -0.015267	
531886	 25148	 -0.001709	 -0.015137	 -0.068702	
531904	 25149	 -0.001953	 -0.015869	 0.030534	
531923	 25150	 -0.004395	 -0.010010	 -0.022901	
531942	 25151	 0.002197	 -0.014404	 0.099237	
531960	 25152	 0.000000	 -0.010986	 -0.015267	
532110	 25160	 -0.000732	 -0.007080	 0.152672	
532129	 25161	 -0.005371	 -0.016602	 -0.022901	
532148	 25162	 -0.004150	 -0.014160	 -0.015267	
532166	 25163	 0.001221	 -0.020264	 0.083969	
532185	 25164	 -0.000488	 -0.015137	 0.068702	
532204	 25165	 -0.006348	 -0.014893	 -0.030534	
532222	 25166	 -0.003662	 -0.014160	 0.038168	
532241	 25167	 -0.000488	 -0.012695	 0.000000	
532259	 25168	 -0.004150	 -0.011719	 -0.015267	
532279	 25169	 0.002930	 -0.010498	 -0.221374	
532409	 25176	 -0.006348	 -0.013428	 -0.114504	
532428	 25177	 0.003174	 -0.015869	 0.030534	
532447	 25178	 0.004639	 -0.007812	 0.030534	
532465	 25179	 -0.001709	 -0.012207	 0.145038	
532485	 25180	 0.000488	 -0.014160	 0.000000	
532503	 25181	 -0.004639	 -0.009521	 -0.061069	
532521	 25182	 -0.003662	 -0.018799	 0.007634	
532540	 25183	 0.002197	 -0.013184	 0.007634	
532559	 25184	 0.003174	 -0.013428	 -0.007634	
532578	 25185	 -0.000977	 -0.015625	 0.099237	
532727	 25193	 0.001953	 -0.014893	 0.007634	
532747	 25194	 0.000488	 -0.012207	 -0.038168	
532765	 25195	 -0.002930	 -0.019043	 -0.106870	
532784	 25196	 -0.005127	 -0.010986	 -0.022901	
532803	 25197	 -0.002930	 -0.013672	 -0.061069	
532822	 25198	 -0.001465	 -0.010498	 -0.038168	
532840	 25199	 -0.000732	 -0.016846	 0.030534	
532858	 25200	 -0.001221	 -0.012207	 -0.038168	
532878	 25201	 -0.003174	 -0.012939	 0.022901	
532896	 25202	 -0.002197	 -0.010742	 0.007634	
533009	 25208	 -0.002197	 -0.018066	 -0.007634	
533027	 25209	 -0.001953	 -0.011963	 0.038168	
533047	 25210	 0.000732	 -0.020508	 -0.022901	
533065	 25211	 -0.003418	 -0.018555	 0.030534	
533084	 25212	 -0.001465	 -0.015381	 0.076336	
533102	 25213	 0.001709	 -0.013428	 0.061069	
533122	 25214	 0.000977	 -0.020020	 -0.091603	
533140	 25215	 0.002441	 -0.011230	 0.061069	
533158	 25216	 -0.002686	 -0.015137	 0.007634	
533196	 25218	 -0.005615	 -0.014160	 0.007634	
533327	 25225	 -0.001709	 -0.013184	 0.068702	
533346	 25226	 -0.003418	 -0.016357	 0.137405	
533365	 25227	 0.001709	 -0.016602	 0.129771	
533384	 25228	 -0.001953	 -0.016602	 0.053435	
533402	 25229	 -0.001709	 -0.020508	 -0.053435	
533421	 25230	 0.003906	 -0.017090	 -0.068702	
533440	 25231	 -0.001221	 -0.016357	 0.015267	
533458	 25232	 -0.001221	 -0.012939	 -0.038168	
533477	 25233	 -0.001221	 -0.008301	 -0.007634	
533496	 25234	 0.000488	 -0.016602	 0.099237	
533646	 25242	 -0.000977	 -0.019043	 0.007634	
533664	 25243	 -0.000732	 -0.016113	 -0.152672	
533683	 25244	 -0.001221	 -0.023682	 0.000000	
533702	 25245	 -0.008057	 -0.018799	 -0.030534	
533721	 25246	 -0.005127	 -0.017822	 0.038168	
533739	 25247	 -0.002930	 -0.016846	 -0.045802	
533758	 25248	 -0.003418	 -0.015381	 0.091603	
533777	 25249	 0.002197	 -0.009033	 0.000000	
533795	 25250	 -0.002441	 -0.014648	 -0.007634	
533814	 25251	 -0.004883	 -0.015381	 0.030534	
533945	 25258	 0.002686	 -0.014160	 -0.007634	
533964	 25259	 -0.000732	 -0.017822	 0.083969	
533983	 25260	 -0.002686	 -0.018311	 -0.007634	
534001	 25261	 0.002197	 -0.013916	 0.015267	
534020	 25262	 0.003906	 -0.014648	 -0.221374	
534039	 25263	 -0.000732	 -0.014160	 -0.145038	
539788	 25570	 0.699707	 -1.073975	 60.801525	
539807	 25571	 0.013672	 0.865234	 87.175575	
539826	 25572	 0.585205	 0.994629	 79.923668	
539844	 25573	 -0.167725	 -0.129639	 75.832062	
539863	 25574	 -0.042969	 0.289795	 69.954201	
539882	 25575	 0.319336	 -0.181152	 65.816795	
539900	 25576	 -0.242920	 0.270020	 63.702290	
539919	 25577	 -0.350586	 -0.193848	 57.503819	
539938	 25578	 0.424805	 0.738281	 63.549618	
539957	 25579	 -0.456543	 -0.073242	 63.335876	
539975	 25580	 -0.280762	 0.148926	 56.366413	
539995	 25581	 -0.441406	 -0.286377	 45.160305	
540013	 25582	 -0.526855	 0.421143	 42.259541	
540032	 25583	 -0.535156	 0.474609	 47.702290	
540050	 25584	 0.644531	 0.089111	 53.755726	
540069	 25585	 1.352295	 -0.979004	 62.938931	
540088	 25586	 1.778564	 -0.498535	 57.862595	
540106	 25587	 0.058594	 0.674072	 69.557251	
540126	 25588	 0.710693	 -0.608154	 64.709923	
540144	 25589	 0.348389	 0.061035	 45.244274	
540163	 25590	 0.144531	 -0.185059	 30.938931	
540182	 25591	 -0.359375	 -0.370361	 21.053434	
540200	 25592	 -1.055908	 0.096680	 31.793894	
540219	 25593	 -0.706543	 0.452148	 26.877863	
540237	 25594	 -0.276367	 0.053467	 31.900763	
540257	 25595	 -0.459717	 -0.060547	 26.038168	
540275	 25596	 -0.074219	 -0.318848	 21.114504	
540294	 25597	 1.999939	 -0.055176	 17.709923	
540313	 25598	 0.980225	 0.057617	 51.938931	
540332	 25599	 1.936768	 -0.525635	 16.832062	
540350	 25600	 0.928711	 -0.454590	 32.007633	
540368	 25601	 0.352051	 -0.676025	 25.946566	
540481	 25607	 0.521729	 0.229492	 10.694656	
540500	 25608	 1.532959	 -0.360596	 7.244275	
540519	 25609	 1.995117	 0.133545	 6.870229	
540537	 25610	 0.321289	 -0.502686	 3.236641	
540556	 25611	 -0.042480	 0.323730	 2.297710	
540575	 25612	 -0.669189	 -0.086182	 -11.122137	
540594	 25613	 0.437012	 -0.542969	 0.885496	
540612	 25614	 -0.410889	 -0.063232	 -4.343512	
540631	 25615	 0.214844	 -0.365234	 -6.488550	
540650	 25616	 -1.453613	 0.818359	 -1.740458	
540668	 25617	 -1.090088	 0.146973	 3.595420	
540687	 25618	 0.038330	 -0.280273	 -10.030535	
540706	 25619	 0.096191	 -0.010254	 -2.519084	
540725	 25620	 -0.026611	 -0.118652	 2.870229	
540743	 25621	 -0.239014	 -0.178955	 0.206107	
540762	 25622	 0.084473	 0.055176	 -0.007634	
540781	 25623	 0.061523	 0.025635	 2.977099	
540800	 25624	 0.211426	 -0.046631	 1.114504	
540818	 25625	 0.429688	 0.453125	 -0.251908	
540837	 25626	 -0.162842	 -0.254150	 -1.106870	
540856	 25627	 0.025391	 0.146484	 -1.725191	
540874	 25628	 -0.050781	 -0.028076	 -2.160305	
540894	 25629	 0.712158	 -0.244873	 -0.129771	
540912	 25630	 0.357178	 -0.565674	 -3.709924	
540931	 25631	 0.108154	 0.317139	 -5.297710	
540949	 25632	 -0.242188	 0.429932	 -9.580153	
540968	 25633	 0.084717	 0.207764	 -3.320611	
540987	 25634	 0.719482	 -0.304443	 -1.641221	
541005	 25635	 0.167725	 0.239990	 2.076336	
541025	 25636	 -0.234619	 -0.310547	 2.389313	
541043	 25637	 0.080078	 -0.119385	 -1.961832	
541062	 25638	 0.079102	 -0.122559	 -10.664123	
541080	 25639	 -0.794922	 0.081543	 -15.274809	
541100	 25640	 -0.433105	 -0.171387	 4.274809	
541118	 25641	 -0.252441	 0.323730	 9.671756	
541136	 25642	 -0.100342	 0.012451	 0.091603	
541156	 25643	 0.303223	 -0.112305	 8.404580	
541174	 25644	 0.390625	 0.242676	 2.557252	
541193	 25645	 0.950195	 -0.031494	 -1.534351	
541211	 25646	 1.378906	 0.065918	 29.694656	
