0	 0.007324	 -0.003174	 0.999756	 0.000000	 0.007634	 -0.038168	 -0.007634
1	 0.000488	 0.001953	 1.001465	 0.000000	 0.251908	 0.114504	 -0.053435
2	 0.001953	 -0.004395	 1.003174	 0.000000	 0.015267	 0.137405	 -0.007634
3	 0.001221	 0.001953	 0.998779	 0.000000	 -0.106870	 -0.022901	 0.000000
4	 0.002686	 0.001465	 0.999268	 0.000000	 0.122137	 -0.099237	 -0.038168
5	 0.005615	 -0.002930	 0.999023	 0.000000	 0.038168	 -0.099237	 -0.015267
6	 0.005859	 -0.005127	 0.997803	 0.000000	 0.099237	 -0.038168	 -0.068702
7	 0.002441	 0.001221	 0.994141	 0.000000	 0.045802	 -0.045802	 0.015267
8	 0.000977	 0.008545	 0.997559	 0.000000	 -0.053435	 -0.068702	 0.000000
9	 -0.005615	 -0.002441	 1.001953	 0.000000	 -0.038168	 -0.030534	 0.137405
10	 -0.003662	 0.002441	 1.000244	 0.000000	 0.045802	 -0.030534	 -0.030534
11	 0.004883	 0.000732	 1.003906	 0.000000	 0.137405	 -0.129771	 0.106870
12	 0.001465	 0.004150	 1.000244	 0.000000	 0.083969	 -0.053435	 0.061069
13	 0.003418	 -0.001953	 0.997559	 0.000000	 0.053435	 -0.007634	 0.053435
14	 0.001709	 -0.001221	 0.996582	 0.000000	 0.000000	 -0.045802	 0.213740
15	 -0.001465	 0.000732	 1.000488	 0.000000	 0.030534	 -0.045802	 -0.045802
16	 0.002930	 -0.004395	 0.998779	 0.000000	 0.053435	 0.091603	 0.053435
17	 -0.003906	 0.003174	 1.000977	 0.000000	 0.099237	 -0.015267	 -0.022901
18	 -0.000488	 0.006592	 1.004150	 0.000000	 -0.099237	 -0.030534	 -0.030534
19	 -0.002197	 -0.000977	 0.991211	 0.000000	 -0.038168	 0.000000	 0.167939
20	 -0.003174	 0.000244	 1.001221	 0.000000	 -0.099237	 0.099237	 0.053435
21	 0.001221	 -0.001221	 0.998779	 0.000000	 -0.099237	 -0.007634	 0.099237
22	 0.002197	 -0.001221	 1.001709	 0.000000	 0.091603	 0.099237	 -0.022901
23	 -0.003418	 -0.003174	 0.991943	 0.000000	 -0.083969	 0.053435	 0.091603
24	 -0.001953	 0.002930	 1.006592	 0.000000	 0.221374	 0.099237	 0.000000
25	 0.004639	 -0.004883	 1.003418	 0.000000	 0.190840	 0.137405	 0.022901
26	 0.003418	 0.002197	 1.002686	 0.000000	 0.000000	 0.015267	 0.145038
27	 0.005615	 -0.003906	 1.006104	 0.000000	 -0.114504	 0.007634	 0.015267
28	 0.002197	 0.000244	 0.994873	 0.000000	 -0.030534	 0.068702	 0.129771
29	 0.000000	 -0.002686	 1.003174	 0.000000	 -0.038168	 -0.175573	 -0.030534
30	 -0.001465	 -0.006592	 1.006104	 0.000000	 -0.007634	 0.007634	 0.030534
31	 0.005615	 0.003662	 0.998047	 0.000000	 -0.114504	 0.076336	 0.068702
32	 0.005371	 -0.001465	 0.995605	 0.000000	 0.106870	 0.167939	 -0.015267
33	 -0.001709	 0.000000	 0.995117	 0.000000	 -0.175573	 -0.045802	 0.022901
34	 0.001465	 -0.001465	 0.995605	 0.000000	 0.015267	 0.000000	 0.022901
35	 -0.001709	 0.000977	 1.010254	 0.000000	 -0.091603	 0.022901	 0.000000
36	 -0.002197	 -0.004150	 1.002930	 0.000000	 0.045802	 0.000000	 0.022901
37	 0.001709	 -0.002686	 1.001221	 0.000000	 -0.038168	 -0.007634	 0.038168
38	 -0.000732	 -0.001221	 0.993652	 0.000000	 -0.045802	 0.167939	 -0.145038
39	 0.000000	 -0.001709	 1.001953	 0.000000	 -0.068702	 -0.022901	 0.022901
40	 0.003418	 -0.000732	 1.006592	 0.000000	 0.030534	 -0.045802	 0.000000
41	 0.001221	 -0.002930	 1.009521	 0.000000	 0.198473	 0.068702	 0.000000
42	 -0.001221	 0.001953	 0.995605	 0.000000	 -0.106870	 -0.099237	 -0.099237
43	 0.003906	 -0.001465	 1.001953	 0.000000	 0.045802	 0.129771	 0.091603
44	 -0.001465	 0.002686	 1.000488	 0.000000	 0.030534	 0.061069	 -0.137405
45	 -0.001465	 -0.001465	 0.998779	 0.000000	 0.083969	 0.053435	 -0.015267
46	 0.008545	 0.000000	 1.006836	 0.000000	 0.000000	 0.244275	 0.061069
47	 0.001221	 0.002686	 1.001709	 0.000000	 0.076336	 -0.022901	 0.061069
48	 0.001709	 -0.000977	 1.001709	 0.000000	 0.007634	 0.053435	 0.038168
49	 0.007324	 -0.003418	 1.001221	 0.000000	 -0.083969	 0.221374	 -0.106870
50	 -0.002197	 -0.003418	 1.003662	 0.000000	 0.022901	 0.022901	 0.076336
51	 -0.001221	 0.003418	 1.003662	 0.000000	 0.129771	 0.106870	 0.053435
52	 0.000977	 -0.005859	 0.998779	 0.000000	 -0.076336	 -0.083969	 0.038168
53	 -0.000244	 -0.002441	 0.994873	 0.000000	 0.114504	 -0.015267	 0.000000
54	 -0.002930	 -0.003174	 0.998291	 0.000000	 -0.083969	 -0.045802	 0.007634
55	 -0.000732	 0.001953	 0.998047	 0.000000	 -0.160305	 0.122137	 -0.015267
56	 -0.000488	 -0.002197	 0.998291	 0.000000	 0.099237	 0.038168	 0.000000
57	 0.002930	 0.002686	 0.995850	 0.000000	 -0.030534	 0.152672	 -0.129771
58	 -0.001465	 -0.001465	 0.998291	 0.000000	 0.022901	 0.045802	 -0.091603
59	 0.002197	 -0.002441	 0.992188	 0.000000	 -0.022901	 -0.099237	 -0.114504
60	 -0.002686	 -0.004395	 1.000000	 0.000000	 0.022901	 -0.083969	 -0.030534
61	 0.001221	 0.002197	 0.997070	 0.000000	 0.076336	 0.175573	 -0.053435
62	 0.002686	 0.005127	 0.999023	 0.000000	 0.129771	 0.038168	 0.137405
63	 -0.003662	 0.001221	 1.000977	 0.000000	 -0.160305	 0.007634	 0.083969
64	 -0.002930	 -0.003662	 0.999512	 0.000000	 -0.099237	 -0.167939	 0.000000
65	 -0.001465	 0.002686	 1.000977	 0.000000	 -0.236641	 -0.007634	 0.045802
66	 -0.004395	 -0.004639	 0.998291	 0.000000	 0.045802	 0.030534	 -0.053435
67	 0.000000	 -0.000488	 0.991943	 0.000000	 -0.236641	 0.045802	 -0.015267
68	 -0.000977	 0.000977	 0.998779	 0.000000	 -0.045802	 0.076336	 -0.061069
69	 -0.002197	 -0.002930	 0.996826	 0.000000	 0.000000	 0.175573	 0.030534
70	 0.004395	 0.000732	 0.997559	 0.000000	 -0.190840	 -0.076336	 -0.045802
71	 -0.004639	 -0.002197	 1.001709	 0.000000	 0.022901	 0.045802	 -0.045802
72	 0.001709	 -0.001953	 0.996338	 0.000000	 0.030534	 0.068702	 0.022901
73	 0.005127	 0.004395	 1.005859	 0.000000	 -0.007634	 0.045802	 0.000000
74	 0.000977	 -0.002930	 1.001221	 0.000000	 0.053435	 0.045802	 0.099237
75	 0.000488	 0.006348	 0.998291	 0.000000	 0.122137	 -0.045802	 -0.076336
76	 0.001953	 0.001465	 0.991211	 0.000000	 -0.114504	 -0.045802	 0.045802
77	 0.002441	 0.000732	 1.004639	 0.000000	 0.045802	 0.022901	 0.030534
78	 -0.004883	 0.000488	 1.000000	 0.000000	 -0.083969	 0.038168	 0.000000
82	 -0.000977	 -0.000732	 0.999023	 0.000000	 -0.022901	 -0.015267	 -0.061069
83	 0.004150	 -0.002197	 0.999023	 0.000000	 0.213740	 -0.015267	 0.045802
84	 0.002686	 -0.002930	 1.000488	 0.000000	 -0.015267	 0.244275	 0.145038
85	 0.000977	 0.000732	 1.001221	 0.000000	 0.015267	 0.045802	 -0.152672
86	 -0.004639	 -0.007568	 0.997070	 0.000000	 0.259542	 -0.030534	 -0.083969
87	 -0.000732	 0.004395	 0.995361	 0.000000	 0.045802	 0.229008	 0.061069
88	 -0.003174	 0.002930	 0.995117	 0.000000	 -0.007634	 0.076336	 -0.045802
89	 0.005859	 -0.001221	 0.999512	 0.000000	 0.030534	 -0.221374	 0.099237
90	 0.005371	 0.000244	 0.997314	 0.000000	 -0.076336	 0.061069	 -0.251908
91	 -0.008789	 -0.002441	 0.997314	 0.000000	 -0.099237	 0.045802	 0.190840
92	 0.001953	 -0.002197	 1.003174	 0.000000	 -0.038168	 0.015267	 -0.045802
93	 0.001465	 -0.003174	 1.005371	 0.000000	 -0.022901	 0.122137	 -0.061069
94	 -0.002441	 0.004150	 1.000732	 0.000000	 0.175573	 0.053435	 0.091603
95	 -0.000977	 -0.000977	 1.000977	 0.000000	 -0.061069	 0.145038	 -0.007634
96	 -0.002197	 -0.001465	 1.003906	 0.000000	 -0.030534	 -0.038168	 -0.022901
97	 -0.000732	 0.001221	 1.009521	 0.000000	 -0.015267	 -0.137405	 0.022901
98	 0.000244	 -0.007568	 0.989258	 0.000000	 -0.099237	 0.282443	 -0.076336
99	 0.004639	 -0.001465	 1.001465	 0.000000	 0.045802	 0.076336	 0.053435
100	 0.000732	 -0.004639	 0.999268	 0.000000	 0.015267	 0.091603	 -0.083969
101	 -0.008301	 -0.002930	 0.998291	 0.000000	 -0.091603	 0.007634	 0.007634
102	 -0.004150	 0.000977	 0.990479	 0.000000	 0.106870	 0.022901	 0.030534
103	 -0.000488	 0.004395	 1.005859	 0.000000	 0.007634	 -0.045802	 -0.068702
104	 0.002686	 -0.008545	 0.999756	 0.000000	 -0.061069	 0.030534	 0.061069
105	 -0.006104	 -0.001221	 1.000000	 0.000000	 -0.137405	 -0.030534	 0.106870
106	 -0.000732	 0.001465	 0.998291	 0.000000	 -0.061069	 0.007634	 -0.083969
107	 -0.003418	 -0.003174	 0.999512	 0.000000	 -0.045802	 0.038168	 0.000000
108	 0.004883	 -0.003174	 0.999268	 0.000000	 -0.015267	 -0.129771	 0.015267
109	 -0.004150	 -0.003662	 1.002197	 0.000000	 0.053435	 -0.053435	 -0.022901
110	 -0.000732	 -0.002930	 0.999268	 0.000000	 0.114504	 0.007634	 -0.076336
111	 -0.003662	 0.000000	 1.002686	 0.000000	 0.076336	 -0.015267	 0.022901
112	 -0.005371	 -0.004883	 1.011230	 0.000000	 0.114504	 -0.068702	 -0.091603
113	 -0.001709	 -0.000244	 0.989014	 0.000000	 0.106870	 0.022901	 0.076336
114	 0.006592	 -0.002930	 0.994141	 0.000000	 0.122137	 0.061069	 0.083969
115	 0.005615	 0.002197	 1.001953	 0.000000	 -0.053435	 -0.114504	 0.244275
116	 -0.000244	 -0.001953	 1.003174	 0.000000	 -0.061069	 -0.022901	 -0.122137
117	 -0.000977	 0.002930	 0.998291	 0.000000	 0.076336	 -0.022901	 0.007634
118	 -0.000244	 -0.005127	 0.991699	 0.000000	 -0.137405	 0.137405	 -0.068702
119	 0.000244	 -0.004639	 0.990723	 0.000000	 -0.030534	 -0.045802	 -0.045802
120	 0.000000	 -0.000732	 0.995605	 0.000000	 -0.122137	 -0.145038	 -0.030534
121	 0.000000	 0.000000	 0.999756	 0.000000	 0.038168	 0.015267	 -0.083969
122	 0.003174	 0.001465	 1.005371	 0.000000	 -0.007634	 0.015267	 -0.038168
123	 -0.000732	 0.002686	 0.998047	 0.000000	 0.045802	 0.167939	 0.061069
124	 -0.002441	 0.000488	 0.997803	 0.000000	 0.061069	 -0.099237	 0.076336
125	 0.003174	 0.002686	 0.996094	 0.000000	 -0.099237	 -0.053435	 0.045802
126	 0.000488	 -0.003662	 0.994873	 0.000000	 -0.083969	 -0.015267	 -0.007634
127	 0.000732	 -0.004639	 0.995605	 0.000000	 -0.106870	 0.083969	 -0.045802
128	 -0.002930	 0.004150	 0.996338	 0.000000	 0.083969	 -0.022901	 0.160305
129	 0.005371	 0.000488	 0.996582	 0.000000	 0.038168	 -0.007634	 0.183206
130	 0.002197	 -0.000488	 1.004150	 0.000000	 -0.229008	 0.083969	 -0.076336
131	 0.002441	 -0.000488	 0.999756	 0.000000	 0.114504	 -0.106870	 -0.022901
132	 -0.001221	 0.000244	 1.002197	 0.000000	 0.007634	 -0.022901	 0.061069
133	 0.002441	 -0.001221	 0.992920	 0.000000	 0.175573	 -0.038168	 0.076336
134	 -0.000977	 0.006104	 0.997559	 0.000000	 0.167939	 0.091603	 -0.106870
135	 0.002686	 0.000977	 1.000488	 0.000000	 -0.114504	 -0.045802	 0.122137
136	 0.004395	 0.001465	 1.007812	 0.000000	 -0.076336	 -0.122137	 0.091603
137	 0.000000	 -0.000244	 0.995850	 0.000000	 0.053435	 0.007634	 -0.015267
138	 0.003174	 0.001221	 0.990967	 0.000000	 -0.053435	 0.099237	 -0.145038
139	 0.002197	 -0.000732	 1.002686	 0.000000	 0.206107	 0.137405	 0.015267
140	 -0.002197	 -0.000244	 1.002930	 0.000000	 -0.122137	 0.068702	 -0.045802
141	 -0.004639	 -0.001953	 1.000732	 0.000000	 0.099237	 -0.083969	 0.061069
142	 0.003662	 -0.002441	 0.994141	 0.000000	 0.091603	 0.122137	 -0.114504
143	 0.000977	 0.004883	 0.995361	 0.000000	 0.030534	 -0.045802	 -0.045802
144	 0.000488	 0.001709	 1.003906	 0.000000	 -0.083969	 0.145038	 -0.053435
145	 0.006104	 0.002441	 0.997803	 0.000000	 0.053435	 0.007634	 0.000000
146	 -0.000244	 -0.002686	 0.997803	 0.000000	 0.244275	 0.022901	 -0.114504
147	 -0.000732	 -0.003418	 0.995850	 0.000000	 0.183206	 -0.007634	 0.099237
148	 0.002930	 -0.004150	 1.004395	 0.000000	 -0.068702	 0.068702	 -0.030534
149	 0.004639	 -0.001709	 0.998291	 0.000000	 0.015267	 0.061069	 -0.015267
150	 0.000977	 -0.001953	 0.999756	 0.000000	 0.045802	 0.022901	 0.145038
151	 0.002686	 -0.002441	 1.000244	 0.000000	 -0.167939	 0.030534	 -0.152672
152	 0.004883	 -0.002686	 1.002930	 0.000000	 -0.106870	 -0.007634	 0.145038
153	 -0.003174	 0.003906	 1.005371	 0.000000	 0.053435	 -0.053435	 0.083969
154	 0.007568	 -0.006104	 1.003662	 0.000000	 0.053435	 0.022901	 -0.083969
155	 0.008057	 -0.004883	 1.002441	 0.000000	 0.091603	 0.022901	 0.114504
156	 0.000244	 -0.004395	 1.003906	 0.000000	 0.022901	 0.061069	 -0.076336
157	 0.003662	 -0.006836	 1.000732	 0.000000	 -0.022901	 -0.099237	 -0.030534
158	 -0.002686	 0.000732	 0.992920	 0.000000	 -0.061069	 -0.091603	 -0.091603
159	 -0.000488	 0.000244	 1.000977	 0.000000	 -0.145038	 0.015267	 -0.091603
160	 0.004639	 0.003174	 0.999756	 0.000000	 -0.061069	 0.053435	 0.099237
161	 0.039062	 0.002441	 0.939941	 0.000000	 -0.763359	 -0.389313	 2.259542
162	 -0.029053	 0.027344	 0.997070	 0.000000	 3.244275	 0.083969	 3.801527
163	 -0.001221	 0.008545	 0.997803	 0.000000	 -3.893130	 0.099237	 -0.366412
164	 0.029785	 0.026611	 0.967285	 0.000000	 -2.572519	 -0.740458	 -0.099237
165	 0.044678	 -0.199951	 0.899902	 0.000000	 3.015267	 -1.961832	 1.282443
166	 0.064209	 -0.068604	 1.024902	 0.000000	 -0.526718	 -3.480916	 -4.152672
167	 -0.019531	 0.013184	 1.013428	 0.000000	 2.809160	 -1.282443	 0.167939
168	 0.011719	 -0.004395	 0.995361	 0.000000	 0.770992	 0.030534	 0.129771
169	 -0.005127	 -0.000732	 1.003662	 0.000000	 0.106870	 0.030534	 0.236641
170	 0.001709	 -0.000244	 0.989502	 0.000000	 -0.167939	 0.190840	 0.068702
171	 0.000000	 -0.003174	 0.995605	 0.000000	 0.061069	 -0.061069	 0.068702
172	 -0.002441	 -0.000244	 0.997559	 0.000000	 0.068702	 0.061069	 -0.030534
173	 -0.000244	 0.001709	 1.005127	 0.000000	 0.068702	 -0.137405	 0.061069
174	 -0.001953	 -0.002686	 1.009033	 0.000000	 -0.076336	 -0.137405	 -0.007634
175	 -0.003174	 -0.002197	 0.995117	 0.000000	 -0.152672	 -0.045802	 -0.045802
176	 0.000000	 -0.001465	 1.003906	 0.000000	 -0.068702	 0.106870	 0.091603
177	 0.011719	 0.026367	 1.011719	 0.000000	 2.091603	 0.954198	 1.106870
178	 0.009766	 0.008301	 1.006592	 0.000000	 -0.786260	 0.000000	 0.412214
179	 0.005615	 0.000000	 0.994629	 0.000000	 0.198473	 -0.290076	 -0.374046
180	 -0.003662	 -0.002197	 1.006592	 0.000000	 0.091603	 0.076336	 0.045802
181	 0.003174	 -0.001709	 0.997803	 0.000000	 -0.083969	 0.038168	 -0.091603
182	 0.001709	 0.000732	 1.007080	 0.000000	 0.000000	 0.068702	 -0.030534
183	 -0.012939	 0.007080	 1.038330	 0.000000	 -0.152672	 -0.015267	 0.007634
184	 0.002686	 0.002441	 1.001221	 0.000000	 0.366412	 -0.030534	 0.229008
185	 0.002930	 -0.003906	 1.001465	 0.000000	 -0.106870	 -0.015267	 0.007634
186	 0.000732	 0.002930	 1.001221	 0.000000	 -0.068702	 -0.083969	 -0.015267
187	 0.003906	 0.006836	 0.997559	 0.000000	 -0.183206	 -0.114504	 0.022901
188	 -0.000732	 -0.004395	 0.998779	 0.000000	 0.740458	 0.030534	 -0.068702
189	 0.001953	 -0.002441	 0.996094	 0.000000	 0.389313	 0.007634	 -0.022901
190	 0.001221	 -0.003662	 0.995361	 0.000000	 0.038168	 -0.129771	 0.022901
191	 -0.000732	 -0.005371	 1.003418	 0.000000	 0.083969	 0.114504	 -0.015267
192	 0.001953	 -0.004395	 0.993652	 0.000000	 -0.206107	 -0.061069	 -0.053435
193	 0.000488	 -0.005615	 0.999023	 0.000000	 -0.015267	 -0.022901	 0.038168
194	 -0.001465	 -0.001709	 1.002197	 0.000000	 0.267176	 0.236641	 0.076336
195	 -0.004150	 -0.004883	 1.010986	 0.000000	 0.030534	 -0.129771	 -0.045802
196	 0.004150	 -0.003174	 1.001709	 0.000000	 0.083969	 0.083969	 -0.091603
197	 0.005859	 -0.009521	 1.009277	 0.000000	 0.297710	 -0.076336	 0.091603
198	 -0.002441	 0.000488	 1.001465	 0.000000	 0.022901	 -0.038168	 -0.076336
199	 0.003662	 0.000732	 0.996094	 0.000000	 -0.007634	 -0.091603	 0.145038
200	 -0.006836	 0.000000	 1.001953	 0.000000	 0.038168	 -0.091603	 -0.030534
201	 -0.002197	 -0.003906	 1.005127	 0.000000	 0.053435	 0.068702	 0.167939
202	 -0.002197	 -0.003662	 0.992920	 0.000000	 0.114504	 0.099237	 0.068702
203	 -0.003174	 -0.002197	 1.002686	 0.000000	 -0.038168	 0.007634	 0.030534
204	 0.006592	 -0.003418	 1.000244	 0.000000	 0.091603	 0.068702	 0.022901
205	 -0.000732	 -0.002686	 0.992676	 0.000000	 0.015267	 0.022901	 -0.030534
206	 0.004395	 0.003662	 0.992676	 0.000000	 0.068702	 -0.129771	 0.038168
207	 -0.002686	 0.001953	 1.001221	 0.000000	 -0.137405	 0.022901	 0.114504
208	 -0.005615	 0.000000	 0.999512	 0.000000	 -0.076336	 -0.068702	 -0.068702
209	 0.000000	 -0.002686	 0.993164	 0.000000	 0.160305	 -0.045802	 -0.030534
210	 0.002441	 -0.002930	 0.997559	 0.000000	 0.015267	 0.137405	 -0.015267
211	 -0.003662	 0.001465	 1.004883	 0.000000	 -0.190840	 0.114504	 0.053435
212	 0.002686	 -0.001953	 0.990723	 0.000000	 -0.076336	 0.114504	 0.061069
213	 0.000732	 0.000488	 0.998291	 0.000000	 0.091603	 -0.099237	 0.145038
214	 0.006104	 -0.000732	 1.003662	 0.000000	 -0.053435	 -0.122137	 -0.045802
215	 -0.000732	 0.000488	 1.000488	 0.000000	 -0.007634	 0.099237	 -0.091603
216	 0.000000	 -0.000488	 0.999268	 0.000000	 -0.015267	 -0.007634	 -0.045802
217	 0.000000	 0.005615	 0.999023	 0.000000	 -0.083969	 -0.015267	 -0.099237
218	 0.002686	 0.001953	 1.006348	 0.000000	 -0.007634	 0.007634	 -0.053435
219	 0.001465	 0.001221	 1.006836	 0.000000	 0.022901	 0.007634	 0.045802
220	 0.000732	 -0.004150	 0.999512	 0.000000	 -0.221374	 0.183206	 -0.106870
221	 0.000732	 -0.001709	 0.995605	 0.000000	 -0.137405	 -0.038168	 -0.099237
222	 -0.002686	 -0.005371	 0.989990	 0.000000	 0.045802	 0.030534	 0.091603
223	 -0.004883	 0.002441	 0.991211	 0.000000	 0.137405	 0.198473	 0.038168
224	 0.001953	 -0.004395	 1.008301	 0.000000	 -0.038168	 0.000000	 -0.061069
225	 0.001465	 -0.002930	 0.999512	 0.000000	 -0.030534	 0.000000	 0.076336
226	 -0.001465	 -0.007812	 0.991699	 0.000000	 -0.045802	 -0.129771	 -0.007634
227	 0.001709	 -0.003662	 0.992432	 0.000000	 -0.045802	 -0.015267	 -0.030534
228	 0.000244	 0.000488	 0.993652	 0.000000	 0.145038	 -0.236641	 0.068702
229	 0.002197	 -0.001709	 1.004150	 0.000000	 -0.022901	 -0.099237	 -0.076336
230	 -0.006104	 -0.007812	 1.000000	 0.000000	 -0.007634	 0.106870	 -0.160305
231	 0.000244	 -0.004395	 1.001465	 0.000000	 0.030534	 0.015267	 0.122137
232	 0.006592	 0.004639	 0.999268	 0.000000	 0.000000	 -0.106870	 0.022901
233	 0.003662	 -0.005615	 1.008301	 0.000000	 -0.091603	 0.053435	 0.076336
234	 0.002441	 -0.006348	 1.006592	 0.000000	 -0.236641	 0.061069	 -0.091603
235	 -0.004395	 -0.001221	 0.999023	 0.000000	 0.053435	 0.083969	 -0.122137
236	 0.002197	 0.001953	 0.984375	 0.000000	 -0.007634	 0.190840	 -0.015267
237	 -0.005859	 0.000488	 1.000244	 0.000000	 -0.129771	 0.030534	 -0.022901
238	 0.003418	 -0.008301	 1.002930	 0.000000	 0.152672	 -0.305344	 0.061069
239	 -0.001221	 -0.001709	 0.994873	 0.000000	 0.007634	 -0.068702	 -0.137405
240	 -0.000977	 -0.002197	 0.991943	 0.000000	 -0.030534	 0.015267	 -0.106870
241	 -0.000732	 -0.002197	 0.999268	 0.000000	 -0.045802	 0.053435	 -0.038168
242	 0.020508	 -0.007080	 1.002441	 0.000000	 -0.038168	 -0.534351	 -0.160305
243	 -0.003174	 -0.003906	 1.013916	 0.000000	 -0.267176	 -0.938931	 0.022901
244	 -0.013672	 0.003662	 1.013672	 0.000000	 -0.290076	 -0.106870	 -0.122137
245	 -0.000977	 -0.007568	 0.993896	 0.000000	 -0.557252	 -0.145038	 -0.030534
246	 -0.005371	 0.000732	 1.013184	 0.000000	 -0.580153	 -0.496183	 0.007634
247	 -0.021240	 0.000244	 1.040771	 0.000000	 -0.358779	 -0.908397	 -0.053435
248	 -0.019775	 -0.003418	 1.072998	 0.000000	 -0.618321	 -0.190840	 0.083969
249	 -0.022705	 -0.015381	 1.054199	 0.000000	 -1.137405	 -0.839695	 -0.320611
250	 -0.031738	 -0.016357	 1.089111	 0.000000	 -0.541985	 -0.343511	 -0.236641
251	 -0.039307	 -0.004883	 1.112061	 0.000000	 -0.931298	 -1.244275	 -0.412214
252	 0.025635	 0.003662	 1.032715	 0.000000	 -0.557252	 -0.305344	 -0.045802
253	 -0.021729	 -0.011719	 1.052979	 0.000000	 1.274809	 2.251908	 -0.358779
254	 0.013672	 -0.067871	 1.079834	 0.000000	 -2.809160	 -2.404580	 0.557252
255	 -0.022217	 0.169922	 1.102539	 0.000000	 -3.053435	 5.526718	 -0.229008
256	 0.047852	 -0.030029	 0.977295	 0.000000	 5.389313	 -0.793893	 1.007634
257	 0.082031	 -0.068115	 0.906982	 0.000000	 -6.038168	 0.564885	 -3.793893
258	 0.198486	 0.184814	 1.006592	 0.000000	 -8.992367	 8.366412	 -2.679389
259	 0.062744	 -0.124268	 1.154297	 0.000000	 -3.290076	 3.160305	 -1.931298
260	 -0.008545	 -0.285889	 1.319580	 0.000000	 1.045802	 11.824428	 0.809160
261	 0.120850	 0.152588	 1.107666	 0.000000	 -2.167939	 -10.580153	 -1.030534
262	 -0.090088	 -0.046143	 1.083984	 0.000000	 14.175572	 2.221374	 -6.885496
263	 -0.003662	 -0.002197	 0.786133	 0.000000	 -3.206107	 6.687023	 -5.030534
264	 0.007080	 -0.202881	 0.889404	 0.000000	 0.946565	 -11.152672	 0.167939
265	 -0.039795	 -0.014648	 1.069824	 0.000000	 11.580153	 0.328244	 -1.603053
266	 -0.700439	 -0.487793	 1.723877	 0.000000	 3.595420	 -15.633588	 -4.274809
267	 -0.095703	 -0.233643	 1.216309	 0.000000	 -0.748092	 23.351145	 -1.076336
268	 -0.090088	 0.042969	 1.081299	 0.000000	 -0.351145	 1.290076	 -1.938931
269	 -0.183350	 -0.170166	 0.944092	 0.000000	 3.290076	 -4.496183	 -1.564885
270	 -0.139893	 -0.026367	 0.972168	 0.000000	 -1.312977	 1.244275	 -0.312977
271	 -0.038574	 0.011719	 0.994629	 0.000000	 -2.137405	 -2.580153	 1.801527
272	 -0.026855	 -0.002441	 1.004639	 0.000000	 -0.106870	 0.076336	 -0.297710
273	 -0.000732	 0.001465	 0.996338	 0.000000	 -0.183206	 -0.083969	 -0.167939
274	 0.011719	 -0.003906	 1.000000	 0.000000	 0.000000	 0.091603	 0.030534
275	 -0.004883	 0.004639	 1.002686	 0.000000	 0.213740	 -0.160305	 0.137405
276	 -0.012451	 -0.004639	 1.004395	 0.000000	 -0.045802	 -0.450382	 -0.061069
277	 -0.004883	 -0.003662	 1.004150	 0.000000	 0.030534	 0.022901	 -0.045802
278	 0.002686	 0.005127	 0.995361	 0.000000	 0.038168	 -0.099237	 -0.038168
279	 -0.002686	 0.000488	 0.993896	 0.000000	 -0.221374	 0.267176	 0.007634
280	 0.009277	 -0.001709	 1.007080	 0.000000	 -0.419847	 -1.030534	 -0.190840
281	 0.014160	 0.001953	 0.987305	 0.000000	 0.580153	 0.068702	 0.038168
282	 -0.025879	 0.007324	 0.991699	 0.000000	 -0.091603	 -0.343511	 -0.259542
283	 0.023682	 -0.003906	 0.971436	 0.000000	 -0.007634	 0.992366	 -0.129771
284	 0.021240	 0.000488	 0.981201	 0.000000	 -0.076336	 1.206107	 -0.175573
285	 -0.022461	 0.005615	 1.022705	 0.000000	 -0.656489	 -0.778626	 -0.175573
286	 -0.037354	 0.004639	 1.057617	 0.000000	 -0.961832	 -0.442748	 -0.274809
287	 0.100098	 -0.072998	 0.907959	 0.000000	 2.435115	 -2.419847	 -0.824427
288	 0.165283	 -0.006348	 0.807373	 0.000000	 11.030535	 -0.106870	 -0.053435
289	 0.144043	 -0.049561	 0.903320	 0.000000	 13.229008	 -8.114504	 0.221374
290	 -0.011719	 0.012451	 1.057617	 0.000000	 -4.274809	 2.145038	 -1.045802
291	 -0.004150	 -0.050537	 0.888428	 0.000000	 1.923664	 0.282443	 -2.625954
292	 0.073486	 0.098145	 0.911133	 0.000000	 8.091603	 1.984733	 -1.091603
293	 -0.068604	 -0.016602	 0.963135	 0.000000	 -2.832061	 1.961832	 -1.824427
294	 0.100342	 0.168457	 1.040527	 0.000000	 4.267176	 1.343511	 -0.526718
295	 0.078125	 0.025391	 1.054932	 0.000000	 8.641221	 -4.809160	 -0.190840
296	 0.032227	 -0.062012	 1.112061	 0.000000	 -0.419847	 -1.534351	 -1.694656
297	 0.022217	 0.036377	 0.981445	 0.000000	 3.061069	 -9.282443	 -0.877863
298	 0.020752	 0.016357	 0.966553	 0.000000	 9.396947	 -1.679389	 -4.045802
299	 0.047852	 0.092773	 1.109131	 0.000000	 -1.076336	 1.343511	 -0.366412
300	 -0.081055	 0.101074	 1.046875	 0.000000	 -1.175573	 -0.183206	 -1.778626
301	 0.025635	 0.044189	 0.871338	 0.000000	 2.725191	 6.503817	 -2.748092
302	 -0.046387	 -0.032471	 0.986572	 0.000000	 -6.748092	 3.282443	 -6.145038
303	 0.069580	 0.046875	 0.947266	 0.000000	 2.030534	 -0.312977	 0.610687
304	 0.005859	 0.049561	 0.990723	 0.000000	 8.038168	 -1.694656	 -1.068702
305	 0.048828	 0.110596	 1.157471	 0.000000	 -3.236641	 1.305344	 -2.122137
306	 0.056152	 0.064209	 1.093994	 0.000000	 1.145038	 -0.259542	 -2.427481
307	 0.083984	 0.062988	 0.906982	 0.000000	 2.007634	 0.190840	 -0.885496
308	 0.140137	 -0.025391	 0.704590	 0.000000	 -1.519084	 11.160305	 -0.557252
309	 0.036133	 -0.032959	 1.048828	 0.000000	 3.541985	 1.236641	 -2.198473
310	 0.053467	 0.020508	 0.832520	 0.000000	 10.557252	 -4.465649	 -5.496183
311	 0.069580	 -0.015381	 1.000000	 0.000000	 1.404580	 1.221374	 -2.778626
312	 0.037109	 0.033691	 0.884033	 0.000000	 -0.213740	 5.587786	 -6.587786
313	 -0.141602	 -0.033447	 1.212646	 0.000000	 -3.473282	 -4.633588	 -4.229008
314	 0.021729	 0.019043	 1.073242	 0.000000	 -2.389313	 1.961832	 -3.000000
315	 0.024658	 0.010742	 1.116455	 0.000000	 -1.610687	 2.152672	 -4.320611
316	 -0.001709	 -0.059082	 1.070801	 0.000000	 -2.793893	 2.938931	 -2.465649
317	 0.014404	 -0.128906	 0.837891	 0.000000	 8.656488	 -3.389313	 -3.480916
318	 0.007080	 -0.023193	 1.123047	 0.000000	 10.328244	 -3.961832	 -4.442748
319	 0.017090	 -0.122803	 0.804932	 0.000000	 -0.061069	 2.022901	 -1.206107
320	 -0.037109	 -0.043945	 0.932129	 0.000000	 1.755725	 0.328244	 -5.351145
321	 -0.026855	 0.114990	 0.989014	 0.000000	 -3.175573	 8.374045	 -4.900764
322	 -0.015869	 0.091553	 1.005859	 0.000000	 -0.114504	 -1.778626	 -2.847328
323	 0.048340	 -0.128174	 1.090820	 0.000000	 3.160305	 -8.007633	 -3.725191
324	 -0.157471	 -0.032715	 1.090088	 0.000000	 -5.488550	 -0.496183	 -4.206107
325	 -0.068115	 0.088135	 0.999268	 0.000000	 -9.916031	 7.236641	 -5.541985
326	 0.072754	 0.001709	 1.048340	 0.000000	 -0.213740	 -4.282443	 0.671756
327	 -0.074219	 0.025391	 1.007080	 0.000000	 3.435115	 -2.740458	 -0.694656
328	 -0.022217	 0.076172	 1.000000	 0.000000	 -9.236641	 5.381680	 -2.625954
329	 -0.003906	 -0.029053	 1.005859	 0.000000	 -17.427481	 7.343512	 -3.312977
330	 0.078125	 -0.047119	 0.963623	 0.000000	 3.160305	 -0.832061	 1.480916
331	 0.122559	 0.009521	 1.057617	 0.000000	 4.213740	 -1.801527	 0.061069
332	 0.083496	 0.037109	 0.916016	 0.000000	 0.687023	 3.274809	 -2.862595
333	 -0.022705	 0.078125	 1.108643	 0.000000	 -12.770992	 2.450382	 -4.053435
334	 0.053467	 -0.097412	 0.973389	 0.000000	 0.916031	 -4.175572	 -2.809160
335	 -0.042480	 -0.011475	 1.061768	 0.000000	 -2.038168	 1.030534	 0.198473
336	 0.111816	 -0.014404	 0.774414	 0.000000	 2.854962	 2.946565	 -4.709924
337	 -0.032227	 -0.027100	 1.107178	 0.000000	 -0.679389	 -3.801527	 -2.893130
338	 -0.129883	 -0.086426	 1.294678	 0.000000	 -0.374046	 -5.442748	 -1.816794
339	 0.192871	 -0.019043	 0.747803	 0.000000	 8.977099	 -11.145039	 -4.290076
340	 0.010010	 0.110596	 0.977051	 0.000000	 0.816794	 4.351145	 -1.480916
341	 -0.038086	 0.008545	 0.881348	 0.000000	 -6.274809	 -5.725191	 -5.038168
342	 0.152588	 0.048340	 0.944092	 0.000000	 6.908397	 0.541985	 2.778626
343	 0.118164	 0.068604	 0.498047	 0.000000	 6.358778	 0.877863	 -1.145038
344	 0.062256	 -0.058838	 0.927246	 0.000000	 -10.801527	 3.274809	 2.992366
345	 -0.179688	 0.078613	 1.354248	 0.000000	 10.610687	 -14.900764	 -2.297710
346	 -0.071045	 0.007568	 1.113281	 0.000000	 3.465649	 -0.099237	 -0.221374
347	 -0.059570	 -0.081787	 1.338867	 0.000000	 -16.977098	 6.114504	 7.145038
348	 0.052246	 -0.204102	 0.950928	 0.000000	 3.595420	 8.053435	 6.603054
349	 -0.004150	 0.012207	 0.903564	 0.000000	 3.396947	 -1.328244	 5.809160
350	 0.087158	 -0.035156	 0.841553	 0.000000	 1.167939	 3.778626	 4.610687
351	 -0.141602	 0.007324	 1.139160	 0.000000	 -5.671756	 -7.595420	 3.503817
352	 -0.020508	 -0.021484	 0.906006	 0.000000	 4.366412	 -5.603054	 6.083970
353	 0.208740	 0.080566	 0.817871	 0.000000	 -1.595420	 0.694656	 12.938931
354	 -0.004639	 0.003174	 0.829834	 0.000000	 -4.007634	 -2.580153	 9.022901
355	 0.088623	 0.078857	 1.072021	 0.000000	 9.526717	 1.618321	 12.908397
356	 -0.096680	 0.047607	 1.157715	 0.000000	 -4.053435	 0.977099	 9.022901
357	 -0.079102	 0.068115	 0.883057	 0.000000	 -1.549618	 -3.206107	 10.587787
358	 -0.096680	 0.075928	 1.051514	 0.000000	 1.839695	 -3.458015	 7.000000
359	 -0.334717	 -0.024902	 0.877686	 0.000000	 -2.396947	 -0.251908	 -0.282443
360	 -0.081055	 0.031006	 1.026367	 0.000000	 -5.320611	 2.038168	 0.839695
361	 0.041016	 0.044189	 0.969727	 0.000000	 2.175573	 0.320611	 -0.366412
362	 0.009033	 0.003906	 0.988037	 0.000000	 0.145038	 -0.458015	 -0.030534
363	 -0.004395	 0.009033	 1.009033	 0.000000	 0.053435	 0.175573	 -0.106870
364	 0.007080	 0.010010	 0.992432	 0.000000	 -0.038168	 -0.030534	 0.114504
365	 -0.030518	 -0.024902	 1.053223	 0.000000	 -0.106870	 0.175573	 -0.641221
366	 0.000000	 -0.119141	 1.083496	 0.000000	 -1.954198	 0.404580	 0.358779
367	 -0.050049	 0.005859	 1.003906	 0.000000	 -0.557252	 -0.488550	 -0.083969
368	 -0.018066	 -0.003662	 1.002197	 0.000000	 -0.854962	 0.045802	 0.083969
369	 0.005127	 0.003418	 1.002930	 0.000000	 0.000000	 0.076336	 -0.022901
370	 -0.002197	 -0.000732	 1.000244	 0.000000	 -0.022901	 -0.061069	 -0.061069
371	 0.000000	 0.007324	 0.997314	 0.000000	 0.091603	 0.206107	 0.137405
372	 0.000488	 0.001465	 0.997070	 0.000000	 0.022901	 -0.015267	 -0.007634
373	 -0.001465	 0.003906	 1.008057	 0.000000	 -0.045802	 0.137405	 -0.106870
374	 0.000244	 0.001953	 0.999512	 0.000000	 0.114504	 0.160305	 0.061069
375	 0.005127	 -0.002441	 0.998291	 0.000000	 -0.122137	 -0.167939	 0.076336
376	 0.010254	 -0.000732	 0.994385	 0.000000	 0.290076	 0.160305	 0.061069
377	 0.000244	 0.007568	 0.995361	 0.000000	 0.015267	 0.137405	 -0.007634
378	 0.001465	 0.008301	 1.005859	 0.000000	 0.007634	 0.022901	 -0.015267
379	 0.003662	 0.000488	 1.002197	 0.000000	 -0.045802	 0.000000	 0.137405
380	 -0.001221	 0.002930	 0.999023	 0.000000	 -0.030534	 0.007634	 -0.030534
381	 -0.004395	 0.006836	 0.993164	 0.000000	 -0.167939	 -0.076336	 -0.061069
382	 -0.000977	 -0.000732	 0.996582	 0.000000	 -0.061069	 0.175573	 -0.083969
383	 -0.002686	 0.002930	 1.001709	 0.000000	 0.007634	 0.038168	 0.091603
385	 -0.007568	 0.003662	 0.997070	 0.000000	 -0.198473	 0.022901	 0.007634
386	 0.003906	 0.001953	 1.000488	 0.000000	 0.259542	 0.076336	 0.076336
387	 0.010254	 0.012939	 0.980957	 0.000000	 0.526718	 0.343511	 0.030534
388	 -0.003418	 -0.001221	 0.998291	 0.000000	 -0.030534	 0.320611	 -0.114504
389	 0.003662	 0.006836	 1.007324	 0.000000	 -0.145038	 0.305344	 0.015267
390	 -0.005127	 -0.006836	 0.994629	 0.000000	 0.099237	 -0.038168	 0.000000
391	 0.006836	 0.014648	 1.004395	 0.000000	 0.099237	 0.160305	 -0.030534
392	 -0.001221	 0.002441	 0.995605	 0.000000	 -0.076336	 -0.030534	 -0.198473
393	 0.008301	 0.007324	 0.998779	 0.000000	 0.106870	 0.106870	 0.145038
394	 0.008545	 0.009033	 1.015869	 0.000000	 0.358779	 0.335878	 0.167939
395	 0.001221	 -0.005127	 0.998047	 0.000000	 -0.580153	 -0.366412	 0.038168
396	 -0.021729	 -0.022949	 1.002441	 0.000000	 1.335878	 0.198473	 0.480916
397	 0.009766	 0.000488	 0.986816	 0.000000	 -0.068702	 -0.534351	 -0.190840
398	 -0.013428	 -0.006104	 0.996094	 0.000000	 0.038168	 -0.083969	 0.106870
399	 0.002930	 0.011230	 0.997314	 0.000000	 -0.022901	 -0.183206	 -0.106870
400	 0.002930	 0.005615	 1.003418	 0.000000	 0.160305	 0.076336	 0.000000
401	 -0.000488	 -0.003906	 1.015381	 0.000000	 -0.068702	 -0.320611	 -0.290076
402	 0.000488	 -0.002930	 0.997803	 0.000000	 0.122137	 0.030534	 0.061069
403	 0.006348	 -0.005371	 0.999023	 0.000000	 -0.068702	 -0.343511	 -0.167939
404	 0.007080	 0.004150	 0.990967	 0.000000	 0.251908	 -0.190840	 -0.068702
405	 -0.003906	 0.002686	 1.003174	 0.000000	 0.022901	 -0.068702	 0.053435
406	 0.005615	 0.005859	 0.988770	 0.000000	 -0.053435	 -0.045802	 -0.145038
407	 -0.000732	 0.001465	 1.003174	 0.000000	 -0.122137	 0.160305	 -0.015267
408	 0.007568	 0.009033	 0.994629	 0.000000	 -0.099237	 -0.068702	 0.206107
409	 0.003174	 0.000732	 1.003418	 0.000000	 0.145038	 0.061069	 -0.053435
410	 0.005615	 0.000000	 0.995361	 0.000000	 -0.007634	 -0.030534	 0.038168
411	 -0.001465	 0.003662	 0.994141	 0.000000	 0.015267	 0.030534	 0.000000
412	 0.002197	 0.002930	 0.996094	 0.000000	 -0.076336	 -0.137405	 -0.167939
413	 0.003906	 0.006348	 0.998535	 0.000000	 -0.061069	 -0.022901	 0.099237
414	 -0.000732	 0.002197	 0.990479	 0.000000	 -0.137405	 -0.015267	 -0.015267
415	 0.006836	 0.001709	 0.998047	 0.000000	 0.015267	 0.145038	 -0.160305
416	 0.005859	 0.009033	 1.013184	 0.000000	 -0.190840	 -0.045802	 -0.145038
417	 -0.002686	 0.003174	 0.990723	 0.000000	 -0.251908	 -0.343511	 -0.076336
418	 0.001953	 0.006592	 1.002686	 0.000000	 -0.068702	 0.076336	 0.122137
419	 -0.011719	 0.004639	 1.000488	 0.000000	 -0.045802	 -0.137405	 0.053435
420	 0.005615	 -0.000977	 0.992432	 0.000000	 0.160305	 0.465649	 -0.061069
421	 -0.003174	 -0.003662	 1.008789	 0.000000	 0.244275	 0.000000	 0.022901
422	 0.006592	 0.000732	 0.999268	 0.000000	 0.068702	 0.259542	 0.007634
423	 0.003662	 -0.000977	 1.005371	 0.000000	 0.099237	 -0.129771	 -0.061069
424	 0.005371	 0.001465	 0.986816	 0.000000	 0.091603	 -0.465649	 0.038168
425	 0.023438	 0.009277	 1.005127	 0.000000	 0.000000	 0.732824	 0.236641
426	 0.006104	 0.001465	 1.018799	 0.000000	 -0.122137	 -0.229008	 -0.061069
427	 0.161621	 0.047363	 0.858643	 0.000000	 9.282443	 2.465649	 -0.450382
428	 -0.028564	 -0.017578	 1.058350	 0.000000	 0.343511	 -0.572519	 -0.015267
429	 -0.001709	 -0.005371	 1.034424	 0.000000	 -0.412214	 0.229008	 -0.419847
430	 -0.014893	 -0.004639	 1.044189	 0.000000	 -0.351145	 -0.335878	 -0.305344
431	 0.011475	 0.004150	 1.003662	 0.000000	 -0.801527	 -0.839695	 -0.076336
432	 -0.008301	 -0.025635	 1.029297	 0.000000	 -0.496183	 0.320611	 -0.312977
433	 -0.002197	 -0.009033	 1.010498	 0.000000	 0.480916	 0.038168	 -0.206107
434	 0.011963	 0.002930	 1.033447	 0.000000	 0.496183	 0.183206	 -0.114504
435	 0.021240	 -0.008057	 0.969482	 0.000000	 -3.984733	 2.732824	 0.984733
436	 -0.031006	 -0.032471	 0.925049	 0.000000	 -16.076336	 5.595420	 3.526718
437	 0.135742	 0.044678	 0.880371	 0.000000	 18.931297	 -4.412214	 2.374046
438	 0.083252	 0.067627	 0.982910	 0.000000	 -0.450382	 4.862596	 2.824427
439	 -0.032715	 0.037598	 1.482910	 0.000000	 14.251908	 3.381679	 5.358778
440	 -0.004883	 0.148682	 1.213623	 0.000000	 4.282443	 6.145038	 13.244275
441	 0.023926	 -0.000488	 0.961670	 0.000000	 5.870229	 -1.511450	 20.267176
442	 -0.010010	 0.138916	 1.136963	 0.000000	 -3.122137	 2.374046	 25.908398
443	 -0.094238	 -0.037598	 1.068604	 0.000000	 12.022901	 -6.778626	 29.206106
444	 -0.023926	 -0.121826	 0.971191	 0.000000	 5.748092	 -3.938931	 19.862595
445	 -0.018799	 -0.015869	 0.988770	 0.000000	 3.145038	 1.160305	 23.938931
446	 -0.013916	 0.042480	 1.083252	 0.000000	 -2.671756	 -3.885496	 22.816793
447	 -0.074951	 -0.134766	 1.037109	 0.000000	 -3.755725	 -4.122138	 17.442749
448	 -0.080566	 0.079590	 1.091309	 0.000000	 5.320611	 0.106870	 14.694656
449	 -0.003662	 0.037109	 0.997314	 0.000000	 -0.877863	 -5.954198	 15.793893
450	 0.099854	 0.027344	 0.961670	 0.000000	 -7.458015	 0.091603	 20.656488
451	 -0.121338	 -0.098877	 1.179932	 0.000000	 -7.526718	 6.396946	 17.145039
452	 0.046387	 0.004395	 0.986084	 0.000000	 9.610687	 -2.183206	 16.160305
453	 0.080566	 0.070801	 1.019287	 0.000000	 2.351145	 3.221374	 17.557251
454	 0.051514	 0.049316	 0.916992	 0.000000	 14.473283	 -0.320611	 21.709923
455	 -0.051025	 0.003906	 1.038086	 0.000000	 12.015267	 -2.603053	 12.099236
456	 0.058594	 0.014160	 0.989502	 0.000000	 -11.648855	 4.587786	 20.541985
457	 0.174805	 -0.028809	 0.794922	 0.000000	 -1.931298	 0.557252	 19.786259
458	 0.006104	 -0.007324	 1.066650	 0.000000	 -3.022901	 0.381679	 10.740458
459	 0.008057	 -0.050781	 1.065674	 0.000000	 3.206107	 0.488550	 13.877863
460	 -0.001953	 0.031006	 0.928711	 0.000000	 10.000000	 -0.595420	 16.404581
461	 -0.007324	 0.051025	 1.056152	 0.000000	 -1.564885	 -0.351145	 13.832061
462	 0.086914	 0.127197	 0.861572	 0.000000	 3.893130	 -2.717557	 17.038168
463	 -0.009521	 0.010986	 1.017334	 0.000000	 3.122137	 -1.931298	 14.083969
465	 0.047119	 0.037109	 0.947021	 0.000000	 13.305344	 -6.717557	 14.786260
466	 -0.054688	 -0.059570	 0.964355	 0.000000	 7.748092	 -3.229008	 17.931297
467	 0.075439	 -0.026611	 0.927979	 0.000000	 13.053435	 0.900763	 15.961832
468	 0.018799	 0.142822	 1.065674	 0.000000	 3.076336	 2.213740	 18.290077
469	 -0.035156	 0.145508	 1.123047	 0.000000	 1.625954	 -1.396947	 14.862596
470	 -0.068359	 -0.131104	 1.106201	 0.000000	 -3.572519	 -1.396947	 20.129770
471	 0.091064	 -0.038086	 0.847168	 0.000000	 -1.259542	 0.343511	 16.610687
472	 -0.019775	 0.107178	 0.920654	 0.000000	 -4.633588	 2.954198	 12.519084
473	 0.093018	 0.148193	 1.049805	 0.000000	 -6.389313	 6.290076	 18.251909
474	 0.017822	 0.121826	 0.930420	 0.000000	 -11.564885	 2.160305	 15.984733
475	 0.066162	 0.031494	 0.913818	 0.000000	 9.641221	 -5.114504	 22.152672
476	 -0.000244	 -0.015381	 1.088623	 0.000000	 1.305344	 -0.839695	 19.221375
477	 0.029785	 0.032471	 0.859375	 0.000000	 -1.549618	 -3.793893	 21.000000
478	 0.032227	 0.031738	 1.031982	 0.000000	 3.992366	 0.419847	 15.305344
479	 -0.107422	 -0.149170	 1.144775	 0.000000	 5.801527	 -5.076336	 16.702290
480	 0.063721	 0.108154	 0.834229	 0.000000	 2.618321	 1.595420	 17.351145
481	 0.111328	 0.086914	 0.846436	 0.000000	 -2.748092	 1.786260	 13.175572
482	 0.005127	 -0.146729	 1.148193	 0.000000	 -1.114504	 5.473282	 15.229008
483	 0.079590	 0.104736	 0.889893	 0.000000	 -2.061069	 0.129771	 18.480917
484	 -0.021973	 0.019531	 0.895020	 0.000000	 1.992366	 3.496183	 20.549618
485	 0.022461	 0.097412	 0.875732	 0.000000	 1.816794	 0.259542	 12.786260
486	 0.053955	 -0.041504	 1.003174	 0.000000	 4.137404	 -3.465649	 14.549619
487	 -0.029541	 -0.053711	 0.976318	 0.000000	 4.412214	 -5.969466	 11.351145
488	 0.103027	 0.043945	 0.742432	 0.000000	 -0.755725	 -1.473282	 15.015267
489	 0.080322	 -0.098145	 0.896240	 0.000000	 1.847328	 -0.526718	 15.656488
490	 -0.095703	 0.043213	 1.150635	 0.000000	 -8.465649	 -0.435115	 2.244275
491	 0.019775	 -0.043457	 0.880127	 0.000000	 8.473283	 2.412214	 0.954198
492	 0.036377	 0.083984	 0.852783	 0.000000	 -3.068702	 1.503817	 3.152672
493	 0.057129	 0.049805	 0.786865	 0.000000	 6.297710	 -1.106870	 -3.221374
494	 -0.016602	 0.086182	 1.068115	 0.000000	 -4.572519	 4.786260	 -0.931298
495	 -0.017822	 -0.030518	 1.155518	 0.000000	 3.442748	 3.129771	 0.732824
496	 0.000488	 0.018555	 1.031250	 0.000000	 1.725191	 5.610687	 0.786260
497	 -0.037842	 -0.039307	 1.172119	 0.000000	 -0.366412	 -4.015267	 0.511450
498	 -0.021240	 0.044922	 1.070068	 0.000000	 -6.000000	 0.816794	 0.022901
499	 -0.030029	 -0.004150	 0.973389	 0.000000	 5.854962	 1.259542	 1.679389
500	 -0.003662	 0.039062	 1.019775	 0.000000	 -2.549618	 -0.099237	 0.816794
501	 0.029785	 0.023438	 1.033936	 0.000000	 -5.061069	 1.450382	 0.961832
502	 -0.007324	 0.109131	 1.071045	 0.000000	 -15.641221	 2.526718	 0.274809
503	 0.045898	 0.062744	 1.132324	 0.000000	 -8.458015	 2.106870	 -0.175573
504	 -0.030518	 -0.092529	 1.084961	 0.000000	 -1.259542	 4.679389	 0.900763
505	 -0.044434	 0.054443	 1.010010	 0.000000	 -9.549619	 -1.832061	 -2.374046
506	 -0.078125	 0.016846	 1.039062	 0.000000	 -5.526718	 2.328244	 -2.732824
507	 0.049072	 0.059570	 1.080322	 0.000000	 -9.083969	 -1.916031	 1.862595
508	 0.078613	 0.064209	 0.872559	 0.000000	 6.442748	 0.541985	 -1.229008
509	 0.013184	 -0.047363	 0.957275	 0.000000	 -4.580153	 2.519084	 -2.541985
510	 0.020264	 -0.037842	 0.991699	 0.000000	 -9.091603	 0.725191	 3.374046
511	 0.042236	 -0.115967	 1.158447	 0.000000	 3.198473	 8.083969	 -2.335878
512	 0.031738	 -0.152588	 0.650391	 0.000000	 8.519084	 -4.267176	 -1.206107
513	 0.106201	 0.026123	 0.933350	 0.000000	 -0.053435	 7.763359	 -0.274809
514	 -0.201172	 0.198486	 1.291992	 0.000000	 15.152672	 -0.954198	 -4.473282
515	 -0.069824	 0.024902	 1.146729	 0.000000	 -2.717557	 -1.679389	 -1.778626
516	 -0.171387	 -0.008545	 1.036377	 0.000000	 -4.541985	 2.099237	 -6.992366
517	 -0.178711	 -0.058350	 0.949951	 0.000000	 1.877863	 -0.122137	 -1.312977
518	 0.051514	 0.019531	 1.020752	 0.000000	 0.809160	 0.328244	 1.442748
519	 0.009277	 0.002197	 1.000732	 0.000000	 0.374046	 -0.091603	 -0.106870
520	 -0.021973	 -0.013672	 1.002686	 0.000000	 0.358779	 -0.114504	 -0.053435
521	 -0.004883	 -0.008789	 0.997803	 0.000000	 -0.122137	 0.022901	 0.091603
522	 -0.012939	 -0.002441	 1.006836	 0.000000	 0.129771	 0.015267	 0.076336
523	 -0.016357	 -0.010254	 1.000488	 0.000000	 0.038168	 -0.106870	 0.091603
524	 -0.009033	 -0.008057	 0.989502	 0.000000	 0.290076	 -0.015267	 0.099237
525	 -0.013672	 -0.001953	 0.988770	 0.000000	 0.068702	 -0.099237	 0.030534
526	 -0.012207	 -0.010498	 0.998047	 0.000000	 0.167939	 0.221374	 0.038168
527	 -0.007568	 -0.002686	 1.003662	 0.000000	 0.076336	 0.022901	 0.022901
528	 -0.004395	 -0.002441	 1.008057	 0.000000	 0.068702	 0.061069	 -0.137405
529	 -0.010742	 -0.003174	 0.996338	 0.000000	 0.152672	 0.068702	 0.068702
530	 -0.009521	 -0.003418	 0.999512	 0.000000	 0.015267	 -0.129771	 0.015267
531	 -0.010742	 -0.004150	 1.000000	 0.000000	 0.083969	 -0.030534	 0.045802
532	 -0.008789	 -0.001953	 0.989258	 0.000000	 0.007634	 -0.007634	 -0.076336
533	 -0.012207	 -0.003662	 1.003906	 0.000000	 -0.152672	 -0.106870	 -0.106870
534	 -0.006836	 -0.007568	 0.995117	 0.000000	 0.106870	 -0.114504	 0.015267
535	 -0.010742	 0.015625	 1.010986	 0.000000	 0.213740	 0.122137	 -0.206107
536	 -0.010010	 -0.005859	 1.003418	 0.000000	 0.053435	 0.358779	 0.083969
537	 -0.013672	 -0.007324	 1.001221	 0.000000	 -0.015267	 -0.053435	 0.129771
538	 -0.008301	 -0.000977	 1.006592	 0.000000	 0.061069	 0.099237	 -0.030534
539	 -0.008545	 -0.011719	 1.000488	 0.000000	 0.122137	 0.030534	 -0.030534
540	 -0.012695	 0.000244	 1.000488	 0.000000	 0.099237	 -0.038168	 0.167939
541	 -0.011475	 -0.008545	 0.996094	 0.000000	 -0.007634	 -0.030534	 -0.091603
542	 -0.010742	 -0.004395	 0.997070	 0.000000	 0.160305	 0.053435	 0.167939
543	 -0.009277	 -0.001709	 1.000000	 0.000000	 0.145038	 0.068702	 -0.038168
544	 -0.010498	 -0.005859	 1.002197	 0.000000	 0.068702	 0.099237	 0.068702
545	 -0.012695	 -0.004883	 0.999512	 0.000000	 0.221374	 0.030534	 0.007634
546	 -0.013916	 -0.005371	 1.000000	 0.000000	 0.030534	 0.114504	 -0.007634
547	 -0.008545	 -0.003174	 1.005127	 0.000000	 0.007634	 -0.091603	 0.099237
548	 -0.015625	 -0.007568	 0.992920	 0.000000	 0.053435	 -0.091603	 0.091603
549	 -0.007568	 -0.003418	 1.002686	 0.000000	 -0.076336	 -0.053435	 0.030534
551	 -0.009033	 -0.005859	 0.995117	 0.000000	 0.038168	 -0.053435	 -0.106870
552	 -0.007568	 -0.004883	 1.001953	 0.000000	 -0.007634	 0.091603	 0.022901
553	 -0.016846	 -0.004395	 0.996582	 0.000000	 0.045802	 0.076336	 -0.030534
554	 -0.010742	 -0.007568	 1.000732	 0.000000	 0.091603	 -0.038168	 -0.053435
555	 -0.009521	 0.000000	 1.001709	 0.000000	 0.015267	 0.106870	 0.091603
556	 -0.008301	 -0.001221	 0.994629	 0.000000	 0.267176	 -0.015267	 0.007634
557	 -0.005615	 -0.002441	 0.999268	 0.000000	 -0.083969	 0.045802	 -0.152672
558	 -0.008789	 -0.002441	 1.008057	 0.000000	 0.007634	 0.122137	 -0.022901
559	 -0.002197	 -0.003906	 0.996826	 0.000000	 0.045802	 0.175573	 0.061069
560	 -0.009521	 -0.004150	 0.998047	 0.000000	 0.053435	 0.038168	 0.045802
561	 -0.010254	 -0.004395	 0.998291	 0.000000	 0.091603	 0.160305	 0.030534
562	 -0.009766	 -0.007080	 1.002930	 0.000000	 0.053435	 -0.015267	 -0.045802
563	 -0.010742	 -0.005615	 0.998047	 0.000000	 -0.022901	 -0.114504	 0.000000
564	 -0.008057	 -0.006836	 0.994141	 0.000000	 0.145038	 0.000000	 -0.030534
565	 -0.010742	 0.000000	 0.992432	 0.000000	 0.236641	 -0.106870	 -0.083969
566	 -0.003906	 -0.004883	 1.001221	 0.000000	 0.068702	 -0.198473	 0.114504
567	 -0.009277	 -0.006348	 0.998535	 0.000000	 0.099237	 0.099237	 -0.022901
568	 -0.008301	 -0.004883	 0.995361	 0.000000	 0.022901	 0.007634	 -0.122137
569	 -0.009033	 -0.002197	 1.000244	 0.000000	 0.091603	 0.061069	 0.053435
570	 -0.010254	 -0.006348	 1.002686	 0.000000	 0.106870	 0.152672	 -0.015267
571	 -0.009033	 -0.004883	 0.994385	 0.000000	 0.053435	 0.076336	 0.038168
572	 -0.004395	 -0.008301	 0.996582	 0.000000	 0.198473	 -0.007634	 -0.091603
573	 -0.009521	 -0.002930	 1.000977	 0.000000	 0.145038	 -0.160305	 0.083969
574	 -0.003906	 -0.001465	 1.008057	 0.000000	 -0.030534	 0.129771	 0.061069
575	 -0.010742	 -0.009766	 0.996094	 0.000000	 -0.076336	 0.076336	 0.007634
576	 -0.006104	 -0.002441	 0.990967	 0.000000	 0.076336	 0.259542	 0.091603
577	 -0.014893	 -0.004639	 0.997314	 0.000000	 0.213740	 -0.167939	 0.061069
578	 -0.001709	 -0.005859	 0.996582	 0.000000	 -0.030534	 0.015267	 -0.076336
579	 -0.008545	 -0.010498	 0.998047	 0.000000	 -0.083969	 0.099237	 0.030534
580	 -0.005371	 -0.004150	 1.000000	 0.000000	 -0.114504	 -0.022901	 -0.114504
581	 -0.006104	 -0.008057	 0.997314	 0.000000	 0.030534	 -0.015267	 -0.160305
582	 -0.013184	 -0.005371	 0.991943	 0.000000	 -0.038168	 0.106870	 -0.030534
583	 -0.010498	 0.000000	 0.995605	 0.000000	 0.213740	 -0.167939	 -0.038168
584	 -0.013916	 -0.007568	 1.003174	 0.000000	 0.053435	 -0.015267	 -0.099237
585	 -0.011963	 -0.005371	 0.996094	 0.000000	 0.030534	 0.022901	 0.061069
589	 -0.011963	 -0.003662	 0.999512	 0.000000	 0.083969	 0.045802	 -0.145038
590	 -0.015869	 -0.007324	 0.990967	 0.000000	 -0.053435	 0.145038	 -0.099237
591	 -0.011230	 -0.010254	 0.993896	 0.000000	 -0.122137	 -0.106870	 0.083969
592	 -0.008789	 -0.005127	 1.000977	 0.000000	 -0.106870	 -0.015267	 0.083969
593	 -0.014648	 -0.008057	 0.991455	 0.000000	 0.053435	 0.091603	 -0.038168
594	 -0.011230	 -0.004150	 0.995361	 0.000000	 0.068702	 -0.030534	 -0.076336
595	 -0.007812	 -0.003174	 0.997803	 0.000000	 0.083969	 0.183206	 0.000000
596	 -0.013916	 -0.000488	 0.996826	 0.000000	 0.076336	 0.152672	 -0.213740
597	 -0.004639	 -0.001465	 1.001465	 0.000000	 0.015267	 0.061069	 0.053435
598	 -0.015381	 -0.005859	 0.998291	 0.000000	 0.091603	 -0.106870	 0.122137
599	 -0.003906	 0.002197	 1.000488	 0.000000	 0.007634	 0.083969	 0.068702
600	 -0.015869	 -0.003906	 1.002686	 0.000000	 0.000000	 0.030534	 -0.198473
601	 -0.010254	 -0.005371	 0.996582	 0.000000	 0.137405	 -0.068702	 -0.053435
602	 -0.013916	 -0.006104	 0.999512	 0.000000	 -0.099237	 0.099237	 0.022901
603	 -0.010742	 -0.004883	 0.999023	 0.000000	 0.129771	 -0.015267	 -0.099237
604	 -0.006836	 -0.008301	 1.006348	 0.000000	 0.106870	 -0.076336	 0.061069
605	 -0.015625	 -0.002930	 1.010742	 0.000000	 -0.022901	 -0.045802	 0.015267
606	 -0.012695	 -0.000977	 0.988037	 0.000000	 0.038168	 0.083969	 -0.007634
607	 -0.007080	 -0.007568	 0.994141	 0.000000	 0.076336	 0.137405	 -0.083969
608	 -0.007324	 -0.000488	 1.002686	 0.000000	 0.389313	 0.091603	 -0.038168
609	 -0.009033	 -0.005127	 0.994629	 0.000000	 0.603053	 0.129771	 -0.229008
610	 -0.001221	 -0.007568	 0.983154	 0.000000	 -0.160305	 -0.015267	 0.068702
611	 -0.001953	 -0.008789	 0.978516	 0.000000	 0.160305	 0.297710	 -0.183206
612	 -0.001221	 -0.011475	 0.993408	 0.000000	 0.106870	 -0.335878	 0.190840
613	 -0.002930	 0.007812	 1.000488	 0.000000	 0.610687	 -0.091603	 0.137405
614	 0.001953	 0.000000	 1.007568	 0.000000	 -0.015267	 -0.007634	 -0.015267
615	 -0.004639	 0.001709	 1.002197	 0.000000	 0.404580	 0.206107	 0.045802
616	 -0.011230	 0.002930	 0.991699	 0.000000	 0.480916	 0.312977	 -0.160305
617	 0.000977	 0.000000	 0.990967	 0.000000	 0.229008	 0.282443	 -0.068702
618	 -0.027588	 0.006348	 1.029541	 0.000000	 0.389313	 0.793893	 0.137405
619	 0.057617	 -0.010254	 0.979248	 0.000000	 0.480916	 -1.358779	 1.267176
620	 0.042480	 0.011475	 1.024658	 0.000000	 2.167939	 -2.007634	 1.198473
621	 0.074951	 0.000000	 1.078125	 0.000000	 3.931298	 -2.526718	 3.870229
622	 -0.119385	 -0.092529	 1.032227	 0.000000	 -3.564885	 3.358779	 4.251908
623	 0.019043	 -0.183350	 1.091309	 0.000000	 7.648855	 -3.091603	 5.709924
624	 -0.154785	 0.010498	 0.995117	 0.000000	 -1.488550	 1.465649	 6.259542
625	 0.033691	 -0.190430	 0.826416	 0.000000	 12.351145	 -7.496183	 7.396946
626	 0.013184	 0.137451	 1.082764	 0.000000	 -11.900764	 5.770992	 5.770992
627	 -0.032715	 -0.027588	 0.974121	 0.000000	 5.251908	 -0.618321	 2.587786
628	 -0.159180	 -0.084229	 1.119385	 0.000000	 -7.396946	 3.709924	 3.854962
629	 0.001953	 0.063232	 0.967529	 0.000000	 -3.946565	 5.572519	 6.572519
630	 0.071533	 0.155762	 1.025879	 0.000000	 -7.931298	 4.786260	 5.923664
631	 0.033691	 0.064697	 0.883057	 0.000000	 0.114504	 4.824428	 9.152672
632	 0.088623	 -0.009033	 0.936523	 0.000000	 0.114504	 1.748092	 10.725191
633	 0.096924	 0.076416	 0.926758	 0.000000	 -3.679389	 2.809160	 12.763359
634	 0.056396	 0.038086	 0.987793	 0.000000	 -3.335878	 -4.412214	 14.564885
635	 -0.022217	 0.039307	 0.880127	 0.000000	 -2.893130	 0.885496	 18.312977
636	 0.008301	 0.001953	 0.925293	 0.000000	 4.877862	 2.305344	 16.656488
637	 -0.000244	 -0.048096	 0.950439	 0.000000	 6.908397	 1.709924	 15.786260
638	 -0.086670	 -0.024170	 1.124512	 0.000000	 1.381679	 2.450382	 19.954199
639	 0.147217	 0.003174	 0.838867	 0.000000	 8.587787	 -1.099237	 14.259542
640	 0.031738	 0.053223	 1.243896	 0.000000	 -0.320611	 4.137404	 20.877863
641	 -0.006836	 0.042725	 1.059570	 0.000000	 5.015267	 -0.549618	 21.488550
642	 -0.041016	 0.020996	 1.048340	 0.000000	 8.610687	 -2.374046	 22.213741
643	 -0.236816	 -0.043457	 1.284180	 0.000000	 -5.412214	 4.015267	 22.435114
644	 -0.026367	 -0.038574	 0.854492	 0.000000	 -0.015267	 -1.213740	 14.496183
645	 -0.008789	 0.025879	 0.967041	 0.000000	 3.511450	 0.068702	 17.954199
646	 -0.008057	 0.014160	 0.859131	 0.000000	 -2.900763	 -0.122137	 20.801527
647	 0.066650	 -0.104736	 0.895020	 0.000000	 4.053435	 -5.755725	 22.534351
648	 0.016357	 -0.072998	 0.942627	 0.000000	 16.389313	 -0.793893	 24.786259
649	 0.025635	 0.132568	 1.083984	 0.000000	 7.183206	 2.992366	 26.885496
650	 0.007812	 0.184814	 1.048584	 0.000000	 -8.725191	 -7.198473	 18.000000
651	 0.038330	 0.039795	 0.938477	 0.000000	 -1.274809	 -0.282443	 18.832062
652	 -0.031006	 0.091309	 1.075928	 0.000000	 -10.045801	 0.335878	 20.175573
653	 0.079346	 0.047607	 0.798340	 0.000000	 -0.038168	 -0.839695	 23.473282
657	 0.033691	 0.138672	 0.934814	 0.000000	 -2.366412	 4.526718	 27.435114
658	 -0.127441	 -0.016357	 1.018311	 0.000000	 -6.763359	 0.076336	 15.938931
659	 0.037842	 0.020020	 0.822510	 0.000000	 -0.786260	 3.229008	 17.656488
660	 0.053223	 0.109375	 0.903809	 0.000000	 1.091603	 -1.793893	 18.145039
661	 0.104736	 0.080811	 0.841309	 0.000000	 -7.099236	 7.725191	 21.503817
662	 -0.175049	 0.001709	 1.361328	 0.000000	 -11.656488	 3.519084	 22.717558
663	 -0.046143	 -0.031250	 0.961182	 0.000000	 4.435114	 -1.404580	 14.923664
664	 -0.044678	 0.025635	 1.025391	 0.000000	 2.854962	 -2.595420	 15.740458
665	 0.077393	 0.049316	 0.848877	 0.000000	 1.877863	 1.618321	 19.175573
666	 -0.005615	 -0.048828	 0.994629	 0.000000	 7.587786	 3.717557	 18.206106
667	 -0.000244	 0.037354	 1.127441	 0.000000	 2.946565	 -1.282443	 17.351145
668	 -0.091797	 0.095215	 1.146484	 0.000000	 -9.992367	 -0.389313	 17.923664
669	 -0.049561	 0.020508	 1.087646	 0.000000	 3.435115	 1.328244	 21.167938
670	 0.048828	 0.023926	 0.929688	 0.000000	 0.160305	 0.312977	 14.137404
671	 -0.073730	 -0.140381	 0.905762	 0.000000	 -0.290076	 -3.068702	 4.793893
672	 -0.011719	 -0.025146	 1.026367	 0.000000	 -3.969466	 -2.732824	 -1.007634
676	 -0.004639	 -0.000488	 0.995361	 0.000000	 0.251908	 0.083969	 0.038168
677	 -0.008789	 0.006348	 0.992920	 0.000000	 -0.083969	 -0.091603	 0.053435
678	 -0.004639	 0.010498	 0.995850	 0.000000	 0.244275	 -0.083969	 0.045802
679	 -0.003662	 0.010742	 0.998535	 0.000000	 -0.061069	 -0.122137	 0.038168
680	 -0.002930	 0.011230	 1.016357	 0.000000	 0.030534	 -0.106870	 0.045802
681	 -0.011475	 0.002441	 0.997803	 0.000000	 0.404580	 0.076336	 0.007634
682	 0.000488	 -0.006104	 0.991211	 0.000000	 0.206107	 0.099237	 -0.007634
683	 -0.006104	 0.004150	 0.998779	 0.000000	 0.435115	 -0.076336	 0.076336
684	 -0.011719	 0.006104	 1.000488	 0.000000	 0.809160	 -0.114504	 0.000000
685	 -0.001465	 -0.003418	 0.991455	 0.000000	 0.053435	 -0.091603	 0.038168
686	 0.006836	 0.009277	 0.997314	 0.000000	 -0.068702	 0.183206	 -0.053435
687	 -0.008789	 0.003662	 0.990723	 0.000000	 0.396947	 -0.038168	 -0.106870
688	 -0.004639	 0.004150	 1.002197	 0.000000	 -0.022901	 -0.045802	 0.091603
689	 0.003662	 0.001953	 0.999268	 0.000000	 0.015267	 0.083969	 -0.015267
690	 -0.004395	 0.002197	 0.990234	 0.000000	 0.145038	 0.030534	 0.038168
691	 -0.002197	 0.010254	 0.997803	 0.000000	 -0.091603	 0.137405	 -0.038168
692	 -0.007080	 0.006836	 0.997559	 0.000000	 0.061069	 0.038168	 0.038168
693	 -0.004150	 0.008301	 1.009521	 0.000000	 -0.145038	 0.076336	 0.061069
694	 -0.008301	 0.009766	 1.006348	 0.000000	 0.076336	 -0.022901	 -0.099237
695	 -0.000244	 0.011230	 1.001221	 0.000000	 -0.015267	 0.022901	 0.015267
696	 -0.004883	 0.010254	 1.006348	 0.000000	 0.190840	 0.099237	 -0.045802
697	 -0.006104	 0.002686	 0.999756	 0.000000	 0.099237	 -0.274809	 -0.030534
698	 -0.009277	 -0.001221	 1.005127	 0.000000	 -0.076336	 -0.022901	 -0.099237
699	 0.000732	 0.000000	 1.000488	 0.000000	 -0.068702	 0.076336	 0.015267
700	 -0.006836	 0.008545	 1.001709	 0.000000	 -0.061069	 -0.099237	 0.061069
701	 -0.002686	 0.004883	 1.005615	 0.000000	 0.145038	 0.221374	 0.099237
702	 -0.002686	 0.005615	 0.997803	 0.000000	 0.099237	 0.015267	 -0.015267
703	 -0.006104	 0.004150	 0.994873	 0.000000	 0.068702	 -0.076336	 0.083969
704	 0.004639	 0.007812	 0.994873	 0.000000	 0.022901	 0.312977	 0.160305
705	 0.000488	 0.004395	 1.003174	 0.000000	 0.045802	 0.175573	 0.022901
706	 -0.003662	 0.006348	 0.999268	 0.000000	 -0.076336	 -0.068702	 -0.061069
707	 0.006836	 0.007568	 1.009277	 0.000000	 -0.030534	 -0.015267	 0.007634
708	 -0.008057	 0.003662	 1.006104	 0.000000	 -0.221374	 0.068702	 -0.083969
709	 -0.006348	 0.005859	 0.994873	 0.000000	 -0.167939	 -0.167939	 0.053435
710	 -0.008057	 0.006836	 1.006104	 0.000000	 0.083969	 -0.083969	 0.137405
711	 -0.001221	 0.009521	 0.997314	 0.000000	 -0.015267	 -0.030534	 -0.091603
712	 -0.008057	 0.002686	 0.999268	 0.000000	 -0.175573	 0.000000	 -0.091603
713	 -0.009033	 0.004883	 0.997803	 0.000000	 0.076336	 0.129771	 -0.091603
714	 0.003418	 0.009766	 1.002197	 0.000000	 -0.007634	 -0.061069	 -0.007634
715	 -0.005615	 0.008789	 0.992920	 0.000000	 -0.068702	 0.251908	 -0.022901
716	 -0.009521	 0.004883	 1.004150	 0.000000	 -0.114504	 -0.038168	 0.061069
717	 -0.009521	 0.003418	 1.003174	 0.000000	 0.083969	 0.053435	 0.053435
718	 0.003662	 0.003174	 1.005615	 0.000000	 0.061069	 0.030534	 0.122137
719	 -0.002197	 0.006836	 1.002197	 0.000000	 -0.213740	 -0.099237	 -0.076336
720	 -0.007324	 0.010010	 1.012939	 0.000000	 -0.213740	 0.068702	 -0.038168
721	 -0.008301	 -0.001953	 0.998779	 0.000000	 0.221374	 0.007634	 -0.129771
722	 -0.006104	 0.002930	 1.006104	 0.000000	 0.213740	 -0.129771	 0.045802
723	 -0.004150	 0.007812	 1.006104	 0.000000	 0.122137	 -0.038168	 0.198473
724	 -0.006836	 0.003418	 0.995117	 0.000000	 0.083969	 -0.129771	 0.053435
725	 0.001221	 0.006348	 0.996094	 0.000000	 0.061069	 0.290076	 -0.129771
726	 -0.004150	 -0.001221	 1.001465	 0.000000	 0.129771	 0.137405	 -0.053435
727	 -0.005371	 0.005371	 1.003418	 0.000000	 -0.030534	 0.045802	 -0.038168
728	 -0.001709	 0.002930	 1.012695	 0.000000	 0.038168	 0.015267	 0.099237
729	 -0.008545	 0.003662	 1.000488	 0.000000	 -0.053435	 0.022901	 0.015267
730	 -0.006836	 0.005371	 0.995850	 0.000000	 0.015267	 -0.061069	 0.106870
731	 -0.000244	 0.001709	 0.994385	 0.000000	 0.175573	 0.106870	 0.000000
732	 0.001221	 0.012695	 0.992676	 0.000000	 -0.183206	 0.236641	 -0.015267
733	 -0.000977	 0.006348	 0.999268	 0.000000	 -0.091603	 0.000000	 -0.022901
734	 -0.001709	 0.003906	 1.004883	 0.000000	 0.091603	 -0.099237	 -0.015267
735	 -0.005127	 0.004150	 0.995850	 0.000000	 -0.267176	 -0.030534	 0.000000
736	 -0.001953	 0.003906	 1.003174	 0.000000	 0.022901	 -0.114504	 -0.129771
737	 -0.004883	 0.003418	 1.006104	 0.000000	 0.030534	 0.038168	 -0.091603
738	 0.000000	 0.006348	 0.996826	 0.000000	 0.091603	 0.129771	 0.015267
739	 -0.007812	 0.003174	 1.012695	 0.000000	 -0.267176	 -0.076336	 0.045802
740	 -0.008789	 -0.009277	 1.004395	 0.000000	 -0.045802	 0.114504	 0.068702
741	 -0.003662	 -0.005859	 0.995850	 0.000000	 0.320611	 -0.068702	 0.106870
742	 -0.003662	 0.006104	 0.997559	 0.000000	 0.213740	 -0.129771	 -0.015267
743	 -0.006836	 0.006348	 1.001221	 0.000000	 0.083969	 0.244275	 0.099237
744	 -0.005859	 0.003174	 0.992432	 0.000000	 0.038168	 0.038168	 0.076336
745	 0.000732	 0.004639	 1.004639	 0.000000	 -0.030534	 0.152672	 -0.122137
746	 0.003418	 0.005615	 0.996338	 0.000000	 -0.022901	 -0.007634	 0.183206
747	 -0.005859	 0.001709	 0.999512	 0.000000	 -0.114504	 0.175573	 0.007634
748	 -0.009277	 0.001953	 0.995117	 0.000000	 0.068702	 -0.045802	 -0.015267
749	 -0.004639	 0.002197	 0.992920	 0.000000	 0.061069	 0.114504	 0.007634
750	 -0.003662	 0.006836	 1.008545	 0.000000	 0.053435	 0.175573	 0.030534
751	 -0.005371	 0.005371	 0.987793	 0.000000	 0.297710	 -0.229008	 0.167939
752	 0.010010	 0.002441	 0.990967	 0.000000	 0.389313	 0.557252	 -0.083969
753	 0.000244	 0.018311	 0.978760	 0.000000	 0.366412	 0.893130	 -0.709924
754	 0.006836	 -0.011719	 0.970215	 0.000000	 -0.366412	 0.343511	 -0.358779
755	 0.000488	 -0.009033	 0.975586	 0.000000	 -0.206107	 0.282443	 -0.251908
756	 0.015625	 0.003662	 0.959961	 0.000000	 -0.580153	 0.702290	 0.259542
757	 0.017090	 0.005859	 0.959473	 0.000000	 0.694656	 0.778626	 -0.702290
758	 0.008545	 -0.010742	 0.960205	 0.000000	 -0.167939	 0.038168	 -0.450382
759	 0.006104	 0.003662	 0.965088	 0.000000	 0.442748	 0.572519	 -0.297710
760	 0.005371	 -0.015869	 0.969727	 0.000000	 -0.969466	 -0.007634	 -0.435115
761	 -0.001465	 -0.039551	 0.992920	 0.000000	 -1.702290	 0.511450	 -0.709924
762	 -0.017822	 -0.014404	 0.997070	 0.000000	 -1.190840	 -0.496183	 -0.900763
763	 0.008789	 0.008301	 0.975342	 0.000000	 -0.053435	 0.137405	 -0.106870
764	 -0.006592	 -0.007568	 1.002930	 0.000000	 0.030534	 -0.137405	 -0.076336
765	 0.001709	 -0.003174	 1.012207	 0.000000	 -0.290076	 0.083969	 0.030534
766	 -0.004883	 -0.002441	 1.004150	 0.000000	 -0.022901	 -0.083969	 0.061069
767	 -0.008057	 -0.000977	 1.004883	 0.000000	 0.061069	 0.480916	 0.015267
768	 -0.013672	 -0.002441	 0.994629	 0.000000	 0.442748	 0.137405	 0.183206
769	 -0.015625	 0.003174	 0.990723	 0.000000	 0.450382	 -0.328244	 0.152672
770	 -0.025391	 -0.010010	 1.017334	 0.000000	 -0.236641	 0.564885	 -0.038168
771	 0.016846	 -0.010986	 1.006348	 0.000000	 0.152672	 -0.053435	 0.335878
772	 0.003174	 -0.003662	 1.008545	 0.000000	 -0.450382	 -0.343511	 0.045802
773	 0.005371	 -0.000977	 0.974854	 0.000000	 0.664122	 0.641221	 0.366412
774	 0.029053	 -0.004395	 0.917236	 0.000000	 0.809160	 1.702290	 0.381679
775	 -0.025146	 0.012695	 1.001465	 0.000000	 -0.465649	 -1.114504	 0.000000
776	 -0.054443	 0.014404	 1.079590	 0.000000	 -1.007634	 0.297710	 -0.198473
777	 -0.150635	 0.085449	 1.042480	 0.000000	 -2.251908	 4.343512	 9.328244
778	 -0.066162	 0.126953	 1.020020	 0.000000	 2.312977	 0.641221	 19.862595
779	 -0.016113	 -0.091064	 0.841309	 0.000000	 -2.587786	 -2.435115	 29.381680
780	 -0.064453	 0.070312	 0.892334	 0.000000	 -1.183206	 5.022901	 43.175571
781	 0.133301	 -0.419434	 0.937744	 0.000000	 -1.206107	 9.343512	 44.007633
782	 0.071289	 0.001709	 0.630127	 0.000000	 4.274809	 -12.328244	 49.374046
783	 0.206543	 0.031738	 0.641846	 0.000000	 -7.320611	 -2.763359	 60.824429
784	 -0.064453	 0.312012	 1.059814	 0.000000	 0.045802	 -4.442748	 67.152672
785	 0.024902	 -0.396729	 0.544678	 0.000000	 -0.618321	 -2.618321	 55.267174
786	 0.117676	 0.132568	 0.884277	 0.000000	 16.435114	 -2.374046	 57.030533
787	 -0.160156	 -0.176514	 1.173584	 0.000000	 18.183207	 -0.923664	 59.221375
788	 -0.111816	 -0.001709	 1.055908	 0.000000	 9.099236	 6.198473	 55.793892
789	 0.141602	 -0.154785	 0.650391	 0.000000	 -4.106870	 16.328245	 57.938931
790	 0.331055	 0.003906	 1.001953	 0.000000	 12.954199	 -3.045802	 29.129770
791	 0.165771	 0.143311	 0.928223	 0.000000	 -5.458015	 -2.587786	 5.259542
792	 0.195068	 0.060791	 0.909668	 0.000000	 -4.496183	 1.412214	 -0.145038
793	 -0.022705	 -0.003418	 0.988770	 0.000000	 0.984733	 2.358779	 -0.564885
794	 -0.004639	 -0.002197	 0.998291	 0.000000	 -0.564885	 -0.473282	 -0.137405
795	 0.000488	 0.005615	 0.994141	 0.000000	 -0.007634	 0.068702	 -0.022901
796	 0.007080	 0.002197	 1.005615	 0.000000	 -0.091603	 0.213740	 -0.022901
797	 0.001465	 0.002197	 1.000977	 0.000000	 0.053435	 0.038168	 0.076336
798	 0.000977	 0.007568	 1.002441	 0.000000	 0.114504	 -0.045802	 -0.061069
802	 0.011963	 0.002930	 0.995850	 0.000000	 -0.145038	 0.137405	 0.068702
803	 0.001465	 0.007568	 1.005127	 0.000000	 0.396947	 -0.068702	 0.061069
804	 0.006836	 0.006104	 0.996826	 0.000000	 -0.129771	 0.106870	 -0.160305
805	 0.008057	 -0.010986	 0.984131	 0.000000	 -0.099237	 -0.229008	 -0.076336
806	 0.005859	 0.009521	 0.988281	 0.000000	 0.412214	 0.083969	 0.045802
807	 0.009766	 0.009277	 0.979980	 0.000000	 0.236641	 0.282443	 -0.030534
808	 0.002441	 -0.000732	 0.995605	 0.000000	 0.030534	 0.099237	 0.076336
809	 0.006592	 0.000977	 0.996338	 0.000000	 -0.030534	 -0.030534	 0.007634
810	 0.001709	 0.003418	 0.996338	 0.000000	 -0.114504	 0.076336	 0.076336
811	 0.000732	 0.005371	 1.001465	 0.000000	 0.404580	 0.015267	 0.068702
812	 -0.007812	 0.088867	 0.976562	 0.000000	 1.618321	 0.984733	 -0.267176
813	 0.008789	 0.011230	 0.999268	 0.000000	 0.656489	 0.557252	 0.274809
814	 0.000244	 0.010498	 1.003906	 0.000000	 0.832061	 0.435115	 0.229008
815	 0.014404	 0.018066	 1.000732	 0.000000	 1.229008	 0.335878	 1.000000
816	 0.001953	 0.018799	 1.006104	 0.000000	 0.458015	 0.267176	 0.244275
817	 0.014160	 0.031494	 0.985107	 0.000000	 0.732824	 0.679389	 0.297710
818	 0.016846	 -0.007568	 0.968506	 0.000000	 1.618321	 0.458015	 0.129771
819	 0.005615	 -0.015625	 1.011475	 0.000000	 0.717557	 0.328244	 0.290076
820	 0.015869	 0.008545	 0.986084	 0.000000	 0.267176	 -0.038168	 -0.068702
821	 0.012939	 0.007080	 0.990967	 0.000000	 0.061069	 -0.152672	 0.030534
822	 0.015137	 0.011230	 0.998291	 0.000000	 0.160305	 -0.091603	 0.015267
823	 0.003174	 0.002441	 0.995361	 0.000000	 -0.038168	 -0.137405	 -0.106870
824	 0.010742	 -0.000488	 1.014404	 0.000000	 0.091603	 -0.030534	 -0.007634
825	 0.011963	 0.002197	 0.995361	 0.000000	 0.015267	 0.061069	 -0.137405
826	 0.001465	 0.007568	 0.994385	 0.000000	 0.374046	 -0.030534	 0.007634
827	 0.003418	 0.008789	 0.994629	 0.000000	 0.114504	 0.366412	 0.076336
828	 0.004639	 -0.000244	 1.001953	 0.000000	 -0.129771	 0.251908	 0.152672
829	 0.011963	 0.010498	 0.988037	 0.000000	 0.145038	 -0.007634	 -0.053435
830	 -0.002930	 0.016357	 1.004639	 0.000000	 -0.419847	 0.068702	 -0.160305
831	 0.006348	 0.018066	 0.979980	 0.000000	 0.244275	 0.587786	 -0.106870
832	 0.017334	 0.031738	 1.015625	 0.000000	 -2.343511	 -0.412214	 0.572519
833	 -0.020996	 0.003174	 1.005127	 0.000000	 -0.572519	 0.534351	 0.122137
834	 0.020996	 0.015625	 0.983887	 0.000000	 -0.877863	 0.343511	 0.450382
835	 0.001953	 0.005371	 0.998779	 0.000000	 1.374046	 -0.328244	 0.183206
836	 0.000000	 0.009277	 0.957520	 0.000000	 0.564885	 -0.366412	 0.328244
837	 0.012695	 -0.005859	 1.001953	 0.000000	 1.221374	 -0.519084	 0.549618
838	 0.008545	 -0.010254	 0.970215	 0.000000	 0.358779	 0.145038	 0.083969
839	 0.020996	 0.017090	 0.928711	 0.000000	 0.274809	 0.091603	 0.206107
840	 0.005859	 0.005371	 1.017822	 0.000000	 -0.007634	 -0.320611	 0.099237
841	 0.004883	 0.006836	 0.996826	 0.000000	 0.122137	 -0.099237	 0.305344
842	 0.003906	 0.004639	 1.008301	 0.000000	 -0.076336	 -0.015267	 0.122137
843	 0.005859	 0.003906	 1.009033	 0.000000	 0.099237	 -0.007634	 -0.053435
844	 0.001953	 0.004883	 1.006348	 0.000000	 0.160305	 -0.160305	 0.198473
845	 0.001221	 0.016357	 0.996094	 0.000000	 0.160305	 -0.106870	 -0.145038
846	 0.002686	 0.013428	 1.002441	 0.000000	 0.312977	 -0.526718	 0.022901
847	 0.000977	 0.008057	 0.986816	 0.000000	 0.480916	 -0.404580	 0.083969
848	 -0.013916	 0.008789	 0.985107	 0.000000	 0.748092	 -0.274809	 -0.045802
849	 0.015625	 0.015869	 1.014648	 0.000000	 0.358779	 0.465649	 0.007634
850	 -0.006592	 0.016113	 0.994141	 0.000000	 0.381679	 0.549618	 -0.083969
851	 0.101562	 0.097900	 0.964111	 0.000000	 4.145038	 -2.557252	 2.862595
852	 0.055664	 -0.039307	 0.938232	 0.000000	 -6.519084	 1.977099	 6.931298
853	 0.008301	 0.045410	 1.018311	 0.000000	 -11.625955	 4.778626	 14.015267
854	 0.028320	 -0.050781	 1.072021	 0.000000	 -13.923664	 -4.282443	 21.671755
855	 -0.014404	 0.023682	 1.019043	 0.000000	 -1.480916	 -0.816794	 16.877863
856	 -0.075928	 -0.125000	 0.961914	 0.000000	 11.496183	 0.847328	 18.083969
857	 0.170654	 0.149658	 0.864258	 0.000000	 -9.396947	 1.145038	 29.519083
858	 0.110596	 0.123535	 0.960449	 0.000000	 3.648855	 -3.717557	 30.610687
859	 0.145264	 0.163574	 0.681152	 0.000000	 4.137404	 9.679389	 36.610687
860	 -0.082764	 0.103027	 0.868652	 0.000000	 8.190840	 -4.083970	 30.381680
861	 -0.018799	 0.027832	 1.375488	 0.000000	 -10.679389	 1.145038	 35.198475
862	 0.172119	 0.305664	 0.982666	 0.000000	 -2.625954	 4.404580	 37.267174
863	 -0.073730	 0.300537	 1.071045	 0.000000	 3.343511	 -2.893130	 40.450382
864	 0.170654	 0.013672	 0.750732	 0.000000	 3.282443	 7.526718	 38.870228
865	 0.118652	 -0.067627	 0.833984	 0.000000	 12.893129	 -2.503817	 31.664122
866	 0.062988	 -0.033936	 0.948486	 0.000000	 6.015267	 -5.832061	 13.526717
867	 -0.020020	 -0.414307	 0.768555	 0.000000	 -7.641222	 5.259542	 5.480916
868	 0.185059	 0.055176	 0.828125	 0.000000	 -0.496183	 0.190840	 0.778626
869	 -0.071777	 0.020752	 1.001221	 0.000000	 -8.687023	 5.183206	 1.740458
870	 0.030518	 0.068359	 1.066406	 0.000000	 0.015267	 -1.938931	 -2.091603
871	 0.052979	 -0.200195	 0.709961	 0.000000	 -6.488550	 11.389313	 1.511450
872	 0.212646	 0.020264	 0.659668	 0.000000	 3.916031	 1.106870	 -1.816794
873	 -0.237549	 0.104736	 1.237549	 0.000000	 4.145038	 -0.824427	 -1.664122
874	 -0.096436	 -0.029053	 1.241455	 0.000000	 0.404580	 -7.534351	 1.099237
875	 -0.050781	 0.015137	 1.129150	 0.000000	 1.603053	 5.389313	 -1.832061
876	 0.122803	 0.043945	 1.003418	 0.000000	 -0.274809	 -3.190840	 -0.450382
877	 -0.030029	 -0.013672	 1.191895	 0.000000	 0.007634	 2.442748	 2.312977
878	 0.078857	 -0.008789	 0.950195	 0.000000	 -2.763359	 0.419847	 -3.221374
879	 0.056641	 0.047607	 1.102783	 0.000000	 -7.389313	 -3.870229	 0.969466
880	 -0.113525	 -0.141113	 0.928711	 0.000000	 5.931298	 -1.633588	 -3.557252
881	 -0.087646	 0.008789	 1.166260	 0.000000	 0.832061	 -2.778626	 -0.854962
882	 -0.003662	 0.027588	 0.918945	 0.000000	 -3.717557	 4.335878	 -0.541985
883	 0.062256	 0.000244	 0.801514	 0.000000	 -0.167939	 -0.312977	 -1.320611
884	 -0.022705	 0.014893	 0.899658	 0.000000	 2.137405	 5.511450	 1.931298
885	 0.046387	 0.040771	 1.045410	 0.000000	 -4.709924	 7.549618	 1.053435
886	 -0.273682	 -0.070068	 0.776367	 0.000000	 -3.053435	 0.534351	 -0.312977
887	 0.028809	 0.048828	 0.968018	 0.000000	 0.259542	 -0.198473	 0.824427
888	 0.000732	 0.009033	 1.000977	 0.000000	 0.320611	 -0.145038	 0.045802
889	 0.005371	 -0.002686	 0.999268	 0.000000	 0.274809	 0.007634	 -0.007634
890	 0.005859	 0.001953	 1.002441	 0.000000	 -0.106870	 -0.022901	 -0.007634
891	 0.004150	 0.005371	 1.009521	 0.000000	 -0.396947	 0.030534	 -0.045802
892	 0.006348	 0.000488	 1.000977	 0.000000	 -0.106870	 0.007634	 -0.137405
893	 0.001953	 0.010986	 1.004150	 0.000000	 0.083969	 0.000000	 -0.068702
894	 0.007812	 0.004395	 0.999512	 0.000000	 0.000000	 0.038168	 -0.015267
895	 -0.001953	 0.003662	 1.000000	 0.000000	 0.114504	 0.076336	 -0.030534
896	 0.001221	 0.005615	 0.999756	 0.000000	 0.137405	 -0.083969	 0.122137
897	 0.005859	 0.001465	 0.999023	 0.000000	 -0.030534	 0.061069	 -0.030534
898	 0.002441	 0.005371	 0.995117	 0.000000	 0.114504	 0.068702	 -0.038168
899	 0.001953	 0.009033	 1.009766	 0.000000	 0.083969	 -0.083969	 0.106870
900	 0.003906	 0.000732	 0.998047	 0.000000	 -0.129771	 0.091603	 -0.083969
901	 -0.003418	 0.004395	 0.992188	 0.000000	 0.152672	 0.122137	 0.259542
902	 0.001709	 0.004639	 0.994873	 0.000000	 0.053435	 0.045802	 0.030534
903	 -0.000732	 0.003418	 1.001465	 0.000000	 0.061069	 0.038168	 0.099237
904	 0.002441	 0.002441	 0.999512	 0.000000	 0.160305	 0.022901	 -0.030534
905	 0.004150	 0.007080	 0.994629	 0.000000	 0.083969	 -0.061069	 0.061069
906	 0.006348	 -0.002441	 1.003662	 0.000000	 -0.015267	 0.061069	 -0.007634
907	 0.004639	 0.002197	 1.002197	 0.000000	 0.061069	 -0.145038	 -0.053435
908	 0.010498	 0.006836	 1.003174	 0.000000	 0.183206	 0.053435	 0.053435
909	 -0.001709	 0.011230	 0.994141	 0.000000	 0.160305	 -0.053435	 -0.015267
910	 0.003906	 0.004639	 1.001709	 0.000000	 0.145038	 0.015267	 -0.137405
911	 0.001709	 0.004639	 0.998047	 0.000000	 0.000000	 0.076336	 -0.129771
912	 0.007080	 0.003906	 0.997559	 0.000000	 -0.183206	 0.137405	 0.045802
913	 0.004639	 0.003174	 1.009521	 0.000000	 0.000000	 0.015267	 0.083969
914	 0.003174	 0.006836	 0.998535	 0.000000	 0.000000	 -0.015267	 0.015267
915	 0.002441	 0.007812	 1.004150	 0.000000	 -0.007634	 -0.015267	 -0.022901
916	 -0.002441	 0.006836	 1.002441	 0.000000	 0.114504	 -0.167939	 0.038168
917	 -0.002930	 0.003906	 0.995117	 0.000000	 0.076336	 -0.198473	 0.000000
918	 0.005371	 0.003906	 0.994385	 0.000000	 -0.061069	 0.030534	 0.038168
919	 0.000488	 0.002930	 1.003174	 0.000000	 -0.122137	 -0.076336	 0.061069
920	 0.000244	 0.006836	 1.004883	 0.000000	 0.007634	 -0.022901	 0.122137
921	 0.003662	 0.004639	 1.004150	 0.000000	 0.152672	 -0.061069	 -0.015267
922	 0.002686	 0.004639	 1.002686	 0.000000	 -0.015267	 0.053435	 -0.022901
923	 0.004395	 0.004883	 0.990234	 0.000000	 0.045802	 -0.045802	 0.053435
924	 0.000977	 0.004395	 0.993652	 0.000000	 -0.114504	 0.122137	 -0.083969
925	 0.003418	 0.002197	 0.995850	 0.000000	 0.038168	 0.000000	 -0.015267
926	 0.005127	 0.004150	 0.998291	 0.000000	 0.030534	 -0.068702	 0.061069
927	 -0.003662	 0.003174	 0.998779	 0.000000	 -0.007634	 -0.114504	 -0.076336
928	 0.005127	 0.002930	 1.000488	 0.000000	 0.091603	 0.015267	 0.038168
929	 0.010010	 0.003418	 1.000732	 0.000000	 0.099237	 0.083969	 0.129771
930	 0.002930	 0.004639	 0.995605	 0.000000	 0.122137	 -0.259542	 0.083969
931	 0.003906	 0.003906	 0.994141	 0.000000	 0.015267	 0.053435	 0.129771
932	 0.002197	 0.009277	 1.009033	 0.000000	 0.076336	 0.061069	 -0.015267
933	 0.000488	 0.003418	 1.004395	 0.000000	 0.045802	 -0.022901	 0.167939
934	 -0.005371	 0.005859	 1.001953	 0.000000	 0.015267	 0.221374	 0.022901
935	 0.003906	 0.001465	 0.994873	 0.000000	 0.068702	 0.106870	 -0.045802
936	 0.000000	 0.005859	 0.995117	 0.000000	 0.030534	 -0.038168	 0.198473
938	 -0.002441	 0.004883	 0.996094	 0.000000	 -0.053435	 -0.129771	 -0.053435
939	 0.004395	 0.002441	 1.004150	 0.000000	 -0.015267	 0.061069	 0.015267
940	 0.006348	 0.004639	 1.005615	 0.000000	 0.015267	 -0.015267	 0.061069
941	 0.003174	 0.008545	 1.000732	 0.000000	 0.160305	 0.015267	 0.091603
942	 0.008545	 0.007812	 1.010254	 0.000000	 -0.015267	 0.160305	 -0.114504
943	 0.003174	 0.005371	 0.995605	 0.000000	 0.129771	 -0.038168	 -0.022901
947	 0.004395	 0.004883	 0.992188	 0.000000	 -0.045802	 -0.129771	 0.030534
948	 0.008301	 0.002441	 1.004150	 0.000000	 0.000000	 -0.076336	 -0.076336
949	 0.007568	 0.004150	 1.007812	 0.000000	 0.183206	 0.106870	 0.030534
950	 0.004150	 0.006348	 0.998291	 0.000000	 -0.091603	 0.045802	 0.106870
951	 0.007568	 -0.000488	 0.998535	 0.000000	 -0.045802	 -0.099237	 -0.015267
952	 0.009277	 0.008545	 0.996094	 0.000000	 0.076336	 -0.183206	 -0.038168
953	 0.004395	 0.007324	 1.008301	 0.000000	 -0.091603	 -0.458015	 -0.022901
954	 -0.018555	 0.012207	 1.015869	 0.000000	 0.221374	 0.671756	 0.106870
955	 -0.019287	 0.013672	 1.019775	 0.000000	 -0.030534	 -0.603053	 -0.129771
956	 0.101074	 -0.028320	 0.914307	 0.000000	 2.152672	 1.381679	 -0.099237
957	 -0.060547	 -0.002930	 1.070557	 0.000000	 -1.183206	 0.022901	 0.099237
958	 -0.000732	 0.010498	 1.019775	 0.000000	 -0.786260	 -0.801527	 0.068702
959	 0.040283	 0.048340	 1.024170	 0.000000	 -3.137405	 3.595420	 -0.183206
960	 0.142090	 0.052002	 0.916504	 0.000000	 5.404580	 0.267176	 -0.251908
961	 0.005859	 -0.019775	 1.105469	 0.000000	 -6.503817	 3.633588	 2.015267
962	 0.036621	 0.039551	 0.958008	 0.000000	 -6.152672	 0.786260	 0.206107
963	 0.069336	 0.074463	 1.003174	 0.000000	 11.572519	 -4.366412	 -0.580153
964	 0.053223	 0.245605	 1.036133	 0.000000	 3.290076	 -4.992366	 0.870229
965	 0.096924	 0.079346	 0.797852	 0.000000	 1.129771	 8.977099	 -2.687023
966	 0.071045	 -0.161133	 1.080322	 0.000000	 20.595419	 2.229008	 -0.061069
967	 -0.153076	 0.135254	 1.064697	 0.000000	 -3.671756	 -0.137405	 -4.000000
968	 0.046875	 0.413818	 1.072998	 0.000000	 -6.076336	 2.122137	 -3.725191
969	 -0.090576	 0.076660	 1.076660	 0.000000	 -4.259542	 5.938931	 -3.030534
970	 0.086670	 0.093262	 0.982666	 0.000000	 -8.938931	 0.503817	 -4.648855
971	 0.031494	 -0.028809	 1.043457	 0.000000	 -6.076336	 2.938931	 -5.587786
972	 0.083984	 0.175537	 0.883789	 0.000000	 -3.801527	 5.664122	 -7.687023
973	 -0.095947	 0.084717	 0.958496	 0.000000	 -0.129771	 -1.213740	 -10.618320
974	 0.049561	 -0.044678	 0.943848	 0.000000	 8.786260	 2.152672	 -10.694656
975	 0.090820	 -0.138428	 0.812988	 0.000000	 -8.099236	 4.076336	 -13.320611
976	 0.097412	 0.024902	 1.020752	 0.000000	 -0.961832	 6.534351	 -12.442748
977	 0.098145	 -0.027344	 1.097656	 0.000000	 6.694656	 2.412214	 -12.763359
978	 -0.003662	 0.002441	 0.982666	 0.000000	 6.595420	 -2.167939	 -11.519084
979	 -0.158447	 0.039307	 1.451660	 0.000000	 4.641222	 -3.488550	 -14.305344
980	 -0.101562	 -0.043457	 1.231445	 0.000000	 -6.022901	 -2.328244	 -10.534351
981	 0.039062	 -0.105469	 0.925293	 0.000000	 2.000000	 -0.793893	 -13.984733
982	 0.037109	 0.026367	 0.833008	 0.000000	 2.122137	 0.076336	 -16.030535
983	 0.040283	 -0.005371	 1.041260	 0.000000	 0.106870	 2.320611	 -17.419847
984	 0.041748	 0.009033	 0.768799	 0.000000	 4.633588	 -0.862595	 -22.816793
985	 -0.084473	 -0.116943	 1.271240	 0.000000	 1.702290	 -0.137405	 -22.900763
986	 -0.059326	 0.000000	 1.177734	 0.000000	 -1.839695	 -2.473282	 -21.343512
987	 0.073730	 -0.156006	 0.805664	 0.000000	 2.114504	 0.206107	 -19.595419
988	 -0.055176	 0.033203	 1.165771	 0.000000	 0.320611	 2.511450	 -22.832062
989	 -0.073730	 -0.143555	 1.099121	 0.000000	 -0.015267	 -0.732824	 -21.480917
990	 0.001953	 -0.149414	 0.845947	 0.000000	 5.053435	 4.297710	 -20.320610
991	 -0.021484	 0.112061	 0.945557	 0.000000	 0.206107	 3.923664	 -20.190840
992	 0.040283	 -0.185791	 0.838379	 0.000000	 -10.450381	 -1.381679	 -16.763359
993	 -0.155762	 -0.166016	 1.233643	 0.000000	 5.251908	 -0.305344	 -22.793894
994	 -0.063965	 0.002441	 1.169434	 0.000000	 -1.091603	 0.343511	 -18.755726
995	 0.014404	 0.063232	 0.938232	 0.000000	 5.175572	 4.778626	 -18.603054
996	 -0.065186	 -0.059326	 1.025391	 0.000000	 -9.137404	 2.053435	 -21.000000
997	 0.014404	 -0.053467	 1.004150	 0.000000	 7.946565	 -1.786260	 -17.244274
998	 -0.074707	 -0.139648	 1.153320	 0.000000	 -4.900764	 -3.854962	 -19.893129
999	 0.021240	 0.063721	 1.059082	 0.000000	 4.648855	 -2.961832	 -19.236641
1000	 0.083252	 0.064453	 0.790039	 0.000000	 0.603053	 3.916031	 -21.854961
1001	 -0.019775	 -0.006348	 0.980469	 0.000000	 2.129771	 -0.190840	 -17.389313
1002	 0.054199	 0.075439	 0.886230	 0.000000	 7.954198	 3.221374	 -15.343512
1003	 -0.070312	 -0.008057	 1.158691	 0.000000	 -3.389313	 4.007634	 -13.770992
1004	 0.021973	 0.078857	 0.878418	 0.000000	 -1.175573	 0.938931	 -10.106871
1005	 -0.044922	 0.002197	 1.049805	 0.000000	 4.152672	 1.694656	 -14.129771
1006	 -0.006348	 -0.052490	 0.941650	 0.000000	 6.702290	 1.007634	 -12.335877
1007	 0.135986	 0.018066	 1.004883	 0.000000	 -2.458015	 0.885496	 -15.839695
1008	 0.055420	 -0.040039	 0.948242	 0.000000	 -0.480916	 1.740458	 -17.694656
1009	 -0.018311	 0.105957	 1.332764	 0.000000	 -5.030534	 5.564886	 -20.748091
1010	 0.125244	 -0.069824	 0.997314	 0.000000	 -7.351145	 7.328244	 -28.137405
1011	 0.111328	 0.534668	 0.820557	 0.000000	 -2.213740	 5.183206	 -36.335876
1012	 0.050293	 -0.133789	 0.957275	 0.000000	 -1.671756	 -7.366412	 -25.748091
1013	 -0.092285	 0.007568	 0.958008	 0.000000	 -7.198473	 -4.977099	 -27.328245
1014	 -0.040283	 -0.048096	 0.841064	 0.000000	 4.641222	 -5.312977	 -25.389313
1015	 0.003906	 -0.050781	 1.030518	 0.000000	 -4.916030	 5.717557	 -27.526718
1016	 0.094971	 -0.177979	 1.003174	 0.000000	 0.893130	 0.717557	 -27.916031
1017	 0.038086	 -0.044678	 1.184082	 0.000000	 -2.664122	 6.793893	 -25.038168
1018	 0.118896	 0.110840	 0.891846	 0.000000	 5.786260	 3.961832	 -16.221375
1019	 -0.072510	 0.080322	 1.329102	 0.000000	 5.335878	 -4.709924	 -1.603053
1020	 0.052246	 -0.075928	 0.963623	 0.000000	 -2.541985	 7.030534	 0.847328
1021	 -0.101318	 -0.146484	 0.973877	 0.000000	 4.137404	 6.442748	 -5.763359
1022	 -0.092041	 -0.074707	 1.007324	 0.000000	 -3.786260	 -2.473282	 -6.709924
1023	 -0.055176	 0.051025	 1.136475	 0.000000	 -3.061069	 -3.267176	 -0.954198
1024	 -0.003418	 -0.064453	 0.883057	 0.000000	 6.412214	 0.229008	 -0.786260
1025	 0.034912	 -0.015869	 0.914307	 0.000000	 3.465649	 1.106870	 -3.442748
1026	 0.076904	 -0.000732	 0.982910	 0.000000	 2.862595	 -2.152672	 -3.106870
1027	 0.177490	 0.118652	 0.656006	 0.000000	 -1.832061	 -4.625954	 -3.198473
1028	 0.098389	 -0.023926	 0.987793	 0.000000	 0.305344	 -1.595420	 -2.526718
1029	 0.107666	 -0.160156	 0.700928	 0.000000	 -5.099236	 2.190840	 -2.931298
1030	 0.004639	 0.053711	 1.019043	 0.000000	 -0.389313	 -1.068702	 0.091603
1031	 0.030762	 0.009521	 1.122559	 0.000000	 4.175572	 0.969466	 0.259542
1032	 -0.014648	 -0.073975	 0.915283	 0.000000	 3.618321	 -4.748092	 -0.725191
1033	 0.140625	 -0.031494	 0.740479	 0.000000	 0.335878	 4.396946	 1.267176
1034	 -0.052490	 -0.110352	 1.210938	 0.000000	 -4.534351	 -2.633588	 -2.442748
1035	 -0.001709	 0.024658	 0.894287	 0.000000	 -2.305344	 -1.007634	 -1.427481
1036	 0.005859	 0.073486	 1.244385	 0.000000	 -2.374046	 7.374046	 0.793893
1037	 -0.020752	 0.156494	 1.086426	 0.000000	 -2.694656	 0.145038	 -0.702290
1038	 0.070801	 0.135498	 0.822021	 0.000000	 -5.778626	 6.038168	 -1.412214
1039	 -0.112549	 0.207275	 1.148682	 0.000000	 -14.511451	 7.412214	 -6.206107
1040	 0.060059	 0.075928	 0.929443	 0.000000	 -12.625955	 -12.709924	 -3.297710
1041	 0.009033	 0.061523	 0.952148	 0.000000	 -3.816794	 6.694656	 -0.625954
1042	 -0.047852	 0.258545	 1.101807	 0.000000	 5.534351	 -0.122137	 -5.946565
1043	 0.035400	 -0.034424	 1.053955	 0.000000	 -1.648855	 12.549619	 -6.992366
1044	 0.212158	 0.124756	 0.694580	 0.000000	 1.992366	 -2.183206	 -1.977099
1045	 0.079102	 0.167725	 0.813721	 0.000000	 -0.770992	 -0.877863	 -2.885496
1046	 0.095947	 -0.068115	 0.944580	 0.000000	 -5.541985	 -3.366412	 -7.061069
1047	 -0.151611	 0.114990	 1.010254	 0.000000	 -2.366412	 -1.664122	 -2.633588
1048	 -0.097412	 0.034912	 1.050781	 0.000000	 4.458015	 6.145038	 -6.236641
1049	 0.135010	 -0.099609	 0.944336	 0.000000	 3.160305	 6.442748	 -2.908397
1050	 0.083496	 -0.046875	 0.644043	 0.000000	 15.534351	 -2.106870	 -0.473282
1051	 -0.177002	 -0.080322	 0.865479	 0.000000	 -8.694656	 -9.603053	 -2.106870
1052	 -0.293213	 -0.025879	 1.242920	 0.000000	 -3.770992	 -6.404580	 -4.854962
1053	 -0.168213	 -0.031982	 1.163818	 0.000000	 -4.190840	 -1.007634	 -1.076336
1054	 0.076904	 -0.030518	 0.871338	 0.000000	 3.297710	 1.450382	 -1.709924
1055	 0.081299	 -0.026855	 0.901855	 0.000000	 -2.419847	 -8.099236	 -1.656489
1056	 -0.045654	 -0.063965	 1.029541	 0.000000	 -25.709923	 19.832062	 -2.374046
1057	 -0.110596	 -0.186523	 1.053467	 0.000000	 -5.022901	 1.419847	 -0.488550
1058	 -0.082275	 -0.012695	 0.765137	 0.000000	 3.732824	 1.068702	 -0.152672
1059	 0.048340	 -0.102783	 0.975098	 0.000000	 0.900763	 -0.656489	 -2.297710
1060	 0.059082	 -0.132812	 0.961182	 0.000000	 0.847328	 1.511450	 -2.725191
1061	 -0.312012	 -0.227539	 1.848389	 0.000000	 -6.435114	 -17.312977	 2.000000
1062	 -0.041260	 0.021973	 1.104980	 0.000000	 -7.549618	 5.427481	 -3.305344
1063	 0.018799	 0.098633	 1.012939	 0.000000	 5.916030	 -11.992367	 -1.404580
1064	 0.023926	 0.030273	 0.957031	 0.000000	 -1.351145	 0.946565	 0.030534
1065	 0.148926	 -0.145752	 0.754883	 0.000000	 7.641222	 0.061069	 -1.022901
1066	 0.037109	 0.321289	 1.109131	 0.000000	 0.343511	 -2.595420	 0.007634
1067	 -0.049316	 0.206299	 1.032959	 0.000000	 -0.114504	 -7.900764	 3.007634
1068	 -0.092285	 0.045166	 0.885254	 0.000000	 -5.816794	 1.519084	 9.496183
1069	 0.060059	 0.108154	 0.937256	 0.000000	 8.297709	 -0.900763	 4.847328
1070	 -0.147217	 -0.089844	 1.196045	 0.000000	 7.030534	 -4.610687	 2.824427
1071	 -0.295898	 -0.056885	 1.133789	 0.000000	 -6.351145	 3.755725	 -3.977099
1072	 -0.228027	 -0.021973	 0.935059	 0.000000	 -4.404580	 2.725191	 2.419847
1073	 -0.022217	 0.010254	 0.991211	 0.000000	 1.282443	 -0.900763	 1.183206
1074	 -0.016602	 0.001953	 1.005127	 0.000000	 0.206107	 0.053435	 -0.442748
1075	 -0.011963	 0.003906	 0.998291	 0.000000	 -0.244275	 -0.160305	 0.137405
1076	 0.001953	 -0.000244	 1.007324	 0.000000	 0.038168	 0.114504	 0.015267
1077	 0.001953	 0.007568	 0.993164	 0.000000	 0.412214	 -0.167939	 0.015267
1078	 -0.008545	 0.001709	 1.001953	 0.000000	 0.198473	 0.045802	 -0.030534
1079	 -0.003174	 -0.001709	 0.994629	 0.000000	 -0.076336	 -0.015267	 -0.045802
1080	 0.002930	 0.002686	 0.998535	 0.000000	 0.045802	 -0.038168	 0.038168
1081	 -0.001221	 0.001709	 0.996826	 0.000000	 -0.053435	 0.091603	 0.068702
1082	 -0.001709	 -0.002197	 0.998535	 0.000000	 0.045802	 -0.083969	 0.076336
1083	 0.001221	 -0.004883	 0.999023	 0.000000	 -0.053435	 -0.083969	 -0.099237
1084	 0.004639	 0.003662	 0.991455	 0.000000	 -0.396947	 0.122137	 -0.251908
1085	 -0.003174	 0.000977	 0.996094	 0.000000	 0.007634	 -0.045802	 -0.007634
1086	 -0.007080	 0.000244	 1.004395	 0.000000	 0.007634	 0.091603	 0.022901
1087	 -0.006104	 -0.000732	 1.009766	 0.000000	 0.091603	 -0.175573	 -0.068702
1091	 -0.000977	 -0.019287	 0.974609	 0.000000	 0.419847	 0.045802	 0.061069
1092	 -0.001709	 0.004639	 0.989990	 0.000000	 0.137405	 0.351145	 0.000000
1093	 -0.010010	 0.001465	 1.000732	 0.000000	 0.167939	 0.030534	 -0.091603
1094	 -0.004150	 0.003662	 1.004150	 0.000000	 0.190840	 -0.099237	 -0.030534
1095	 -0.001465	 -0.000488	 1.003662	 0.000000	 0.137405	 0.244275	 0.061069
1096	 -0.003174	 -0.001709	 0.997070	 0.000000	 -0.015267	 -0.068702	 -0.076336
1097	 -0.003418	 0.003662	 1.004150	 0.000000	 0.106870	 -0.122137	 0.061069
1098	 -0.009277	 0.003906	 1.003418	 0.000000	 0.061069	 0.045802	 -0.068702
1099	 -0.003174	 -0.000732	 1.004395	 0.000000	 0.129771	 -0.061069	 -0.045802
1100	 0.000488	 0.005859	 1.006836	 0.000000	 0.137405	 -0.053435	 0.061069
1101	 -0.003174	 0.001221	 1.004883	 0.000000	 0.045802	 0.106870	 -0.022901
1102	 -0.006836	 0.002686	 1.003418	 0.000000	 -0.068702	 0.038168	 0.030534
1103	 0.000000	 -0.003906	 0.997803	 0.000000	 0.061069	 -0.022901	 0.068702
1104	 -0.003174	 -0.000977	 1.007568	 0.000000	 0.030534	 -0.068702	 0.076336
1105	 -0.000732	 0.002930	 0.990234	 0.000000	 0.000000	 -0.030534	 0.045802
1106	 0.003662	 0.003174	 1.004883	 0.000000	 -0.007634	 0.038168	 -0.152672
1107	 -0.008057	 0.001953	 0.999512	 0.000000	 -0.061069	 -0.122137	 0.083969
1108	 -0.000977	 0.001709	 0.999268	 0.000000	 0.045802	 0.015267	 0.015267
1109	 -0.005859	 0.000977	 0.998535	 0.000000	 -0.022901	 0.053435	 0.091603
1110	 0.000488	 0.004883	 0.997070	 0.000000	 0.183206	 0.022901	 0.038168
1111	 0.001709	 -0.002686	 1.001465	 0.000000	 0.152672	 0.007634	 0.099237
1112	 -0.002686	 -0.003662	 0.999756	 0.000000	 0.038168	 -0.183206	 -0.007634
1113	 -0.001221	 -0.002197	 0.997559	 0.000000	 0.183206	 -0.267176	 0.045802
1114	 -0.004395	 -0.001221	 0.998291	 0.000000	 0.152672	 0.015267	 -0.076336
1115	 -0.003418	 0.000000	 0.993652	 0.000000	 0.076336	 -0.091603	 -0.022901
1116	 -0.001465	 0.006592	 1.000000	 0.000000	 0.152672	 0.038168	 0.091603
1117	 -0.000244	 0.000732	 0.997070	 0.000000	 -0.038168	 0.053435	 0.068702
1118	 -0.001221	 0.003418	 1.000977	 0.000000	 0.091603	 -0.007634	 -0.022901
1119	 0.000000	 0.004639	 0.986572	 0.000000	 0.183206	 -0.137405	 -0.038168
1120	 -0.003906	 -0.000244	 1.002930	 0.000000	 0.000000	 -0.007634	 -0.091603
1121	 0.000488	 0.001953	 1.004150	 0.000000	 0.045802	 -0.114504	 0.152672
1122	 -0.003174	 -0.002197	 0.994385	 0.000000	 -0.229008	 0.183206	 0.030534
1123	 0.001953	 0.001221	 1.013672	 0.000000	 0.007634	 -0.015267	 0.038168
1124	 -0.002197	 0.003906	 0.989746	 0.000000	 -0.015267	 -0.045802	 0.038168
1125	 -0.004395	 -0.004639	 0.997070	 0.000000	 -0.015267	 -0.129771	 0.053435
1126	 -0.005615	 0.000977	 1.002930	 0.000000	 -0.091603	 -0.122137	 0.068702
1127	 -0.003174	 -0.000732	 0.997314	 0.000000	 0.274809	 0.000000	 0.022901
1128	 0.006104	 -0.011719	 1.003418	 0.000000	 -0.061069	 0.335878	 0.000000
1129	 -0.009521	 -0.002930	 0.992676	 0.000000	 0.175573	 -0.045802	 -0.007634
1130	 -0.003906	 -0.024170	 0.984863	 0.000000	 1.015267	 -0.236641	 1.725191
1131	 0.002441	 0.003418	 0.992188	 0.000000	 -0.664122	 0.473282	 0.442748
1132	 -0.019775	 0.010498	 1.003174	 0.000000	 -0.152672	 -0.824427	 0.274809
1133	 -0.010254	 -0.005127	 0.979004	 0.000000	 -0.587786	 0.030534	 -0.015267
1134	 -0.002686	 -0.007324	 0.915527	 0.000000	 -1.145038	 -0.122137	 -0.435115
1135	 -0.009521	 -0.009521	 1.011963	 0.000000	 1.877863	 0.572519	 -0.152672
1136	 0.001709	 0.011230	 1.049805	 0.000000	 -0.679389	 0.465649	 -0.190840
1137	 -0.005859	 0.010742	 1.014648	 0.000000	 -1.045802	 0.236641	 0.015267
1138	 0.000488	 0.000977	 1.002930	 0.000000	 0.015267	 0.259542	 -0.045802
1139	 -0.004639	 -0.005859	 0.994385	 0.000000	 0.160305	 -0.030534	 -0.022901
1140	 -0.005615	 -0.008545	 1.007080	 0.000000	 -0.061069	 0.145038	 0.045802
1141	 0.001709	 0.001465	 0.997803	 0.000000	 0.198473	 -0.190840	 0.015267
1142	 -0.000977	 -0.000732	 0.998047	 0.000000	 -0.045802	 0.129771	 0.007634
1143	 -0.002686	 -0.005127	 1.001221	 0.000000	 0.259542	 -0.122137	 0.053435
1144	 0.000244	 -0.002441	 1.002930	 0.000000	 0.061069	 -0.076336	 0.022901
1145	 -0.007080	 0.027344	 1.027100	 0.000000	 2.351145	 0.145038	 -0.122137
1146	 -0.010254	 -0.014893	 1.017090	 0.000000	 0.519084	 -0.274809	 0.030534
1147	 -0.008057	 0.000488	 1.007812	 0.000000	 -0.312977	 0.206107	 0.305344
1148	 -0.003662	 -0.001953	 0.997803	 0.000000	 -0.290076	 0.145038	 -0.022901
1149	 -0.004883	 -0.004639	 1.000977	 0.000000	 0.129771	 0.022901	 0.099237
1150	 -0.007080	 0.001953	 0.997314	 0.000000	 -0.076336	 0.099237	 -0.167939
1151	 -0.005127	 0.000488	 0.998779	 0.000000	 -0.030534	 -0.045802	 0.091603
1152	 -0.005859	 -0.005127	 1.003174	 0.000000	 0.335878	 -0.213740	 -0.038168
1153	 -0.009277	 0.005615	 1.003174	 0.000000	 0.091603	 -0.015267	 0.061069
1154	 0.000000	 -0.001709	 0.997559	 0.000000	 -0.038168	 0.152672	 0.000000
1155	 -0.006104	 -0.004639	 1.000977	 0.000000	 -0.038168	 0.114504	 0.030534
1156	 -0.000977	 -0.001953	 1.002441	 0.000000	 0.061069	 -0.068702	 0.030534
1157	 -0.006836	 -0.000244	 1.004150	 0.000000	 0.000000	 0.145038	 -0.114504
1158	 -0.011230	 -0.003906	 0.992920	 0.000000	 -0.030534	 0.137405	 0.007634
1159	 -0.006348	 0.001465	 0.996338	 0.000000	 0.007634	 -0.099237	 0.007634
1160	 -0.002441	 -0.002441	 1.001953	 0.000000	 0.129771	 0.167939	 -0.106870
1161	 -0.006836	 -0.002686	 0.993164	 0.000000	 -0.129771	 -0.137405	 -0.030534
1162	 -0.000732	 -0.003418	 0.998291	 0.000000	 0.076336	 0.068702	 -0.038168
1163	 0.001221	 -0.004639	 1.007080	 0.000000	 0.030534	 0.000000	 -0.038168
1164	 -0.002930	 0.003662	 1.000000	 0.000000	 0.068702	 0.015267	 -0.106870
1165	 -0.003418	 0.001709	 0.990479	 0.000000	 -0.030534	 -0.038168	 -0.190840
1166	 -0.002441	 0.002197	 1.006836	 0.000000	 -0.076336	 -0.030534	 0.015267
1167	 0.001221	 -0.001465	 0.997070	 0.000000	 0.083969	 -0.076336	 0.007634
1168	 -0.008545	 -0.004639	 1.000000	 0.000000	 -0.030534	 0.099237	 -0.007634
1169	 -0.000977	 0.000244	 1.000244	 0.000000	 0.038168	 -0.122137	 0.099237
1170	 -0.003662	 -0.001953	 0.999756	 0.000000	 0.030534	 0.137405	 0.183206
1171	 -0.001465	 -0.005859	 1.001953	 0.000000	 0.061069	 0.114504	 0.045802
1172	 -0.004639	 -0.001465	 1.007812	 0.000000	 0.206107	 -0.038168	 -0.114504
1173	 -0.002686	 -0.004150	 1.004883	 0.000000	 -0.038168	 0.114504	 0.068702
1174	 -0.006592	 -0.000977	 1.002686	 0.000000	 -0.053435	 -0.061069	 -0.145038
1175	 -0.005371	 -0.002930	 0.993164	 0.000000	 0.114504	 -0.007634	 0.030534
1176	 -0.000732	 -0.000244	 1.001465	 0.000000	 0.183206	 0.053435	 -0.137405
1177	 -0.001465	 -0.004150	 1.001709	 0.000000	 0.076336	 -0.091603	 0.022901
1178	 0.000000	 -0.001221	 0.997070	 0.000000	 0.068702	 0.099237	 -0.038168
1179	 -0.000977	 -0.000977	 1.000488	 0.000000	 0.038168	 -0.175573	 -0.106870
1180	 -0.005859	 -0.002197	 1.002686	 0.000000	 -0.061069	 -0.045802	 0.030534
1181	 -0.007324	 -0.004639	 0.999268	 0.000000	 -0.045802	 0.000000	 -0.038168
1182	 0.001221	 0.000732	 1.003418	 0.000000	 0.038168	 -0.083969	 -0.076336
1183	 -0.005859	 0.000488	 0.994629	 0.000000	 0.022901	 -0.083969	 -0.053435
1184	 -0.005615	 0.001465	 0.993652	 0.000000	 0.038168	 0.083969	 0.099237
1185	 -0.007568	 -0.005371	 1.001465	 0.000000	 0.114504	 -0.038168	 0.053435
1186	 -0.006592	 0.003906	 0.996826	 0.000000	 0.000000	 -0.076336	 0.038168
1187	 -0.008789	 -0.003418	 1.000732	 0.000000	 -0.030534	 -0.129771	 0.007634
1188	 -0.002197	 -0.003418	 0.999268	 0.000000	 0.061069	 -0.015267	 -0.061069
1189	 -0.006592	 -0.000977	 0.989990	 0.000000	 0.137405	 0.068702	 0.045802
1190	 0.000732	 0.000488	 0.994629	 0.000000	 -0.015267	 0.122137	 -0.038168
1191	 -0.007812	 -0.006348	 1.003418	 0.000000	 0.022901	 0.022901	 0.022901
